solid OpenSCAD_Model
  facet normal 0.21064360434406323 -0.9775629248027677 0
    outer loop
      vertex 3.8454285115003586 0.26597026735544205 0
      vertex 3.6129095479846 0.21586747467517853 3
      vertex 3.6129095479846 0.21586747467517853 0
    endloop
  endfacet
  facet normal 0.21064360434406323 -0.9775629248027677 0
    outer loop
      vertex 3.8454285115003586 0.26597026735544205 0
      vertex 3.8454285115003586 0.26597026735544205 3
      vertex 3.6129095479846 0.21586747467517853 3
    endloop
  endfacet
  facet normal 0.20653386579006966 -0.9784394525374627 0
    outer loop
      vertex 4.078454330563545 0.31515851616859436 0
      vertex 3.8454285115003586 0.26597026735544205 3
      vertex 3.8454285115003586 0.26597026735544205 0
    endloop
  endfacet
  facet normal 0.20653386579006966 -0.9784394525374627 0
    outer loop
      vertex 4.078454330563545 0.31515851616859436 0
      vertex 4.078454330563545 0.31515851616859436 3
      vertex 3.8454285115003586 0.26597026735544205 3
    endloop
  endfacet
  facet normal 0.20235415841314056 -0.9793124090773636 0
    outer loop
      vertex 4.311954483389854 0.36340637505054474 0
      vertex 4.078454330563545 0.31515851616859436 3
      vertex 4.078454330563545 0.31515851616859436 0
    endloop
  endfacet
  facet normal 0.20235415841314056 -0.9793124090773636 0
    outer loop
      vertex 4.311954483389854 0.36340637505054474 0
      vertex 4.311954483389854 0.36340637505054474 3
      vertex 4.078454330563545 0.31515851616859436 3
    endloop
  endfacet
  facet normal 0.19810278420599667 -0.9801812520599608 0
    outer loop
      vertex 4.545896403491497 0.41068798303604126 0
      vertex 4.311954483389854 0.36340637505054474 3
      vertex 4.311954483389854 0.36340637505054474 0
    endloop
  endfacet
  facet normal 0.19810278420599667 -0.9801812520599608 0
    outer loop
      vertex 4.545896403491497 0.41068798303604126 0
      vertex 4.545896403491497 0.41068798303604126 3
      vertex 4.311954483389854 0.36340637505054474 3
    endloop
  endfacet
  facet normal 0.1937780189581342 -0.981045401277974 0
    outer loop
      vertex 4.7802475690841675 0.4569774866104126 0
      vertex 4.545896403491497 0.41068798303604126 3
      vertex 4.545896403491497 0.41068798303604126 0
    endloop
  endfacet
  facet normal 0.1937780189581342 -0.981045401277974 0
    outer loop
      vertex 4.7802475690841675 0.4569774866104126 0
      vertex 4.7802475690841675 0.4569774866104126 3
      vertex 4.545896403491497 0.41068798303604126 3
    endloop
  endfacet
  facet normal 0.1893781268847328 -0.9819042341581128 0
    outer loop
      vertex 5.014975428581238 0.5022490322589874 0
      vertex 4.7802475690841675 0.4569774866104126 3
      vertex 4.7802475690841675 0.4569774866104126 0
    endloop
  endfacet
  facet normal 0.1893781268847328 -0.9819042341581128 0
    outer loop
      vertex 5.014975428581238 0.5022490322589874 0
      vertex 5.014975428581238 0.5022490322589874 3
      vertex 4.7802475690841675 0.4569774866104126 3
    endloop
  endfacet
  facet normal 0.18490129800910055 -0.9827570961303458 0
    outer loop
      vertex 5.250047437846661 0.5464767664670944 0
      vertex 5.014975428581238 0.5022490322589874 3
      vertex 5.014975428581238 0.5022490322589874 0
    endloop
  endfacet
  facet normal 0.18490129800910055 -0.9827570961303458 0
    outer loop
      vertex 5.250047437846661 0.5464767664670944 0
      vertex 5.250047437846661 0.5464767664670944 3
      vertex 5.014975428581238 0.5022490322589874 3
    endloop
  endfacet
  facet normal 0.18034567816323283 -0.9836032921700921 0
    outer loop
      vertex 5.485431060194969 0.5896348357200623 0
      vertex 5.250047437846661 0.5464767664670944 3
      vertex 5.250047437846661 0.5464767664670944 0
    endloop
  endfacet
  facet normal 0.18034567816323283 -0.9836032921700921 0
    outer loop
      vertex 5.485431060194969 0.5896348357200623 0
      vertex 5.485431060194969 0.5896348357200623 3
      vertex 5.250047437846661 0.5464767664670944 3
    endloop
  endfacet
  facet normal 0.175709318487301 -0.9844420934705751 0
    outer loop
      vertex 5.721093751490116 0.6316973716020584 0
      vertex 5.485431060194969 0.5896348357200623 3
      vertex 5.485431060194969 0.5896348357200623 0
    endloop
  endfacet
  facet normal 0.175709318487301 -0.9844420934705751 0
    outer loop
      vertex 5.721093751490116 0.6316973716020584 0
      vertex 5.721093751490116 0.6316973716020584 3
      vertex 5.485431060194969 0.5896348357200623 3
    endloop
  endfacet
  facet normal 0.17099043403305572 -0.9852726888883032 0
    outer loop
      vertex 5.9570029601454735 0.6726385429501534 0
      vertex 5.721093751490116 0.6316973716020584 3
      vertex 5.721093751490116 0.6316973716020584 0
    endloop
  endfacet
  facet normal 0.17099043403305572 -0.9852726888883032 0
    outer loop
      vertex 5.9570029601454735 0.6726385429501534 0
      vertex 5.9570029601454735 0.6726385429501534 3
      vertex 5.721093751490116 0.6316973716020584 3
    endloop
  endfacet
  facet normal 0.16618683945146837 -0.9860942827098897 0
    outer loop
      vertex 6.193126156926155 0.712432473897934 0
      vertex 5.9570029601454735 0.6726385429501534 3
      vertex 5.9570029601454735 0.6726385429501534 0
    endloop
  endfacet
  facet normal 0.16618683945146837 -0.9860942827098897 0
    outer loop
      vertex 6.193126156926155 0.712432473897934 0
      vertex 6.193126156926155 0.712432473897934 3
      vertex 5.9570029601454735 0.6726385429501534 3
    endloop
  endfacet
  facet normal 0.16129662936764724 -0.9869059718912616 0
    outer loop
      vertex 6.429430797696114 0.7510533183813095 0
      vertex 6.193126156926155 0.712432473897934 3
      vertex 6.193126156926155 0.712432473897934 0
    endloop
  endfacet
  facet normal 0.16129662936764724 -0.9869059718912616 0
    outer loop
      vertex 6.429430797696114 0.7510533183813095 0
      vertex 6.429430797696114 0.7510533183813095 3
      vertex 6.193126156926155 0.712432473897934 3
    endloop
  endfacet
  facet normal 0.1563176921878117 -0.9877068285220452 0
    outer loop
      vertex 6.665884330868721 0.7884752228856087 0
      vertex 6.429430797696114 0.7510533183813095 3
      vertex 6.429430797696114 0.7510533183813095 0
    endloop
  endfacet
  facet normal 0.1563176921878117 -0.9877068285220452 0
    outer loop
      vertex 6.665884330868721 0.7884752228856087 0
      vertex 6.665884330868721 0.7884752228856087 3
      vertex 6.429430797696114 0.7510533183813095 3
    endloop
  endfacet
  facet normal 0.15124785147908576 -0.9884958712220101 0
    outer loop
      vertex 6.902454219758511 0.8246723264455795 0
      vertex 6.665884330868721 0.7884752228856087 3
      vertex 6.665884330868721 0.7884752228856087 0
    endloop
  endfacet
  facet normal 0.15124785147908576 -0.9884958712220101 0
    outer loop
      vertex 6.902454219758511 0.8246723264455795 0
      vertex 6.902454219758511 0.8246723264455795 3
      vertex 6.665884330868721 0.7884752228856087 3
    endloop
  endfacet
  facet normal 0.14608498591764135 -0.9892720439239362 0
    outer loop
      vertex 7.139107920229435 0.8596187829971313 0
      vertex 6.902454219758511 0.8246723264455795 3
      vertex 6.902454219758511 0.8246723264455795 0
    endloop
  endfacet
  facet normal 0.14608498591764135 -0.9892720439239362 0
    outer loop
      vertex 7.139107920229435 0.8596187829971313 0
      vertex 7.139107920229435 0.8596187829971313 3
      vertex 6.902454219758511 0.8246723264455795 3
    endloop
  endfacet
  facet normal 0.14082679605786752 -0.9900342486561139 0
    outer loop
      vertex 7.375812888145447 0.8932887315750122 0
      vertex 7.139107920229435 0.8596187829971313 3
      vertex 7.139107920229435 0.8596187829971313 0
    endloop
  endfacet
  facet normal 0.14082679605786752 -0.9900342486561139 0
    outer loop
      vertex 7.375812888145447 0.8932887315750122 0
      vertex 7.375812888145447 0.8932887315750122 3
      vertex 7.139107920229435 0.8596187829971313 3
    endloop
  endfacet
  facet normal 0.13547104810565821 -0.9907813053974901 0
    outer loop
      vertex 7.612536586821079 0.9256563261151314 0
      vertex 7.375812888145447 0.8932887315750122 3
      vertex 7.375812888145447 0.8932887315750122 0
    endloop
  endfacet
  facet normal 0.13547104810565821 -0.9907813053974901 0
    outer loop
      vertex 7.612536586821079 0.9256563261151314 0
      vertex 7.612536586821079 0.9256563261151314 3
      vertex 7.375812888145447 0.8932887315750122 3
    endloop
  endfacet
  facet normal 0.13001531148157347 -0.9915119862010492 0
    outer loop
      vertex 7.849246472120285 0.9566956982016563 0
      vertex 7.612536586821079 0.9256563261151314 3
      vertex 7.612536586821079 0.9256563261151314 0
    endloop
  endfacet
  facet normal 0.13001531148157347 -0.9915119862010492 0
    outer loop
      vertex 7.849246472120285 0.9566956982016563 0
      vertex 7.849246472120285 0.9566956982016563 3
      vertex 7.612536586821079 0.9256563261151314 3
    endloop
  endfacet
  facet normal 0.12445728172711473 -0.9922249669430303 0
    outer loop
      vertex 8.085909999907017 0.9863810017704964 0
      vertex 7.849246472120285 0.9566956982016563 3
      vertex 7.849246472120285 0.9566956982016563 0
    endloop
  endfacet
  facet normal 0.12445728172711473 -0.9922249669430303 0
    outer loop
      vertex 8.085909999907017 0.9863810017704964 0
      vertex 8.085909999907017 0.9863810017704964 3
      vertex 7.849246472120285 0.9566956982016563 3
    endloop
  endfacet
  facet normal 0.12094105887332639 -0.9926596900643234 0
    outer loop
      vertex 8.249818302690983 1.0063508301973343 0
      vertex 8.085909999907017 0.9863810017704964 3
      vertex 8.085909999907017 0.9863810017704964 0
    endloop
  endfacet
  facet normal 0.12094105887332639 -0.9926596900643234 0
    outer loop
      vertex 8.249818302690983 1.0063508301973343 0
      vertex 8.249818302690983 1.0063508301973343 3
      vertex 8.085909999907017 0.9863810017704964 3
    endloop
  endfacet
  facet normal 0.11781331789407366 -0.993035760749224 0
    outer loop
      vertex 8.414196729660034 1.0258526131510735 0
      vertex 8.249818302690983 1.0063508301973343 3
      vertex 8.249818302690983 1.0063508301973343 0
    endloop
  endfacet
  facet normal 0.11781331789407366 -0.993035760749224 0
    outer loop
      vertex 8.414196729660034 1.0258526131510735 0
      vertex 8.414196729660034 1.0258526131510735 3
      vertex 8.249818302690983 1.0063508301973343 3
    endloop
  endfacet
  facet normal 0.11476530920856583 -0.9933926332534696 0
    outer loop
      vertex 8.578980050981045 1.0448898077011108 0
      vertex 8.414196729660034 1.0258526131510735 3
      vertex 8.414196729660034 1.0258526131510735 0
    endloop
  endfacet
  facet normal 0.11476530920856583 -0.9933926332534696 0
    outer loop
      vertex 8.578980050981045 1.0448898077011108 0
      vertex 8.578980050981045 1.0448898077011108 3
      vertex 8.414196729660034 1.0258526131510735 3
    endloop
  endfacet
  facet normal 0.11179315248695934 -0.9937314984728155 0
    outer loop
      vertex 8.744103036820889 1.0634658709168434 0
      vertex 8.578980050981045 1.0448898077011108 3
      vertex 8.578980050981045 1.0448898077011108 0
    endloop
  endfacet
  facet normal 0.11179315248695934 -0.9937314984728155 0
    outer loop
      vertex 8.744103036820889 1.0634658709168434 0
      vertex 8.744103036820889 1.0634658709168434 3
      vertex 8.578980050981045 1.0448898077011108 3
    endloop
  endfacet
  facet normal 0.10889310267925391 -0.9940534654579126 0
    outer loop
      vertex 8.9095004722476 1.0815842524170876 0
      vertex 8.744103036820889 1.0634658709168434 3
      vertex 8.744103036820889 1.0634658709168434 0
    endloop
  endfacet
  facet normal 0.10889310267925391 -0.9940534654579126 0
    outer loop
      vertex 8.9095004722476 1.0815842524170876 0
      vertex 8.9095004722476 1.0815842524170876 3
      vertex 8.744103036820889 1.0634658709168434 3
    endloop
  endfacet
  facet normal 0.10606161912462905 -0.9943595591880545 0
    outer loop
      vertex 9.075107112526894 1.099248394370079 0
      vertex 8.9095004722476 1.0815842524170876 3
      vertex 8.9095004722476 1.0815842524170876 0
    endloop
  endfacet
  facet normal 0.10606161912462905 -0.9943595591880545 0
    outer loop
      vertex 9.075107112526894 1.099248394370079 0
      vertex 9.075107112526894 1.099248394370079 3
      vertex 8.9095004722476 1.0815842524170876 3
    endloop
  endfacet
  facet normal 0.10329550975302702 -0.9946507113881045 0
    outer loop
      vertex 9.240857735276222 1.116461768746376 0
      vertex 9.075107112526894 1.099248394370079 3
      vertex 9.075107112526894 1.099248394370079 0
    endloop
  endfacet
  facet normal 0.10329550975302702 -0.9946507113881045 0
    outer loop
      vertex 9.240857735276222 1.116461768746376 0
      vertex 9.240857735276222 1.116461768746376 3
      vertex 9.075107112526894 1.099248394370079 3
    endloop
  endfacet
  facet normal 0.10059139281394389 -0.9949278223528332 0
    outer loop
      vertex 9.406687118113041 1.1332278177142143 0
      vertex 9.240857735276222 1.116461768746376 3
      vertex 9.240857735276222 1.116461768746376 0
    endloop
  endfacet
  facet normal 0.10059139281394389 -0.9949278223528332 0
    outer loop
      vertex 9.406687118113041 1.1332278177142143 0
      vertex 9.406687118113041 1.1332278177142143 3
      vertex 9.240857735276222 1.116461768746376 3
    endloop
  endfacet
  facet normal 0.09794624968898748 -0.9951917062414972 0
    outer loop
      vertex 9.572530031204224 1.1495499908924103 0
      vertex 9.406687118113041 1.1332278177142143 3
      vertex 9.406687118113041 1.1332278177142143 0
    endloop
  endfacet
  facet normal 0.09794624968898748 -0.9951917062414972 0
    outer loop
      vertex 9.572530031204224 1.1495499908924103 0
      vertex 9.572530031204224 1.1495499908924103 3
      vertex 9.406687118113041 1.1332278177142143 3
    endloop
  endfacet
  facet normal 0.09535722392977035 -0.9954431173323807 0
    outer loop
      vertex 9.738321252167225 1.1654317528009415 0
      vertex 9.572530031204224 1.1495499908924103 3
      vertex 9.572530031204224 1.1495499908924103 0
    endloop
  endfacet
  facet normal 0.09535722392977035 -0.9954431173323807 0
    outer loop
      vertex 9.738321252167225 1.1654317528009415 0
      vertex 9.738321252167225 1.1654317528009415 3
      vertex 9.572530031204224 1.1495499908924103 3
    endloop
  endfacet
  facet normal 0.09282136690904234 -0.9956827777184543 0
    outer loop
      vertex 9.903995543718338 1.1808765456080437 0
      vertex 9.738321252167225 1.1654317528009415 3
      vertex 9.738321252167225 1.1654317528009415 0
    endloop
  endfacet
  facet normal 0.09282136690904234 -0.9956827777184543 0
    outer loop
      vertex 9.903995543718338 1.1808765456080437 0
      vertex 9.903995543718338 1.1808765456080437 3
      vertex 9.738321252167225 1.1654317528009415 3
    endloop
  endfacet
  facet normal 0.09033604129271926 -0.9959113412566201 0
    outer loop
      vertex 10.069487683475018 1.1958878263831139 0
      vertex 9.903995543718338 1.1808765456080437 3
      vertex 9.903995543718338 1.1808765456080437 0
    endloop
  endfacet
  facet normal 0.09033604129271926 -0.9959113412566201 0
    outer loop
      vertex 10.069487683475018 1.1958878263831139 0
      vertex 10.069487683475018 1.1958878263831139 3
      vertex 9.903995543718338 1.1808765456080437 3
    endloop
  endfacet
  facet normal 0.08789858679285924 -0.9961294285582664 0
    outer loop
      vertex 10.234732441604137 1.2104690447449684 0
      vertex 10.069487683475018 1.1958878263831139 3
      vertex 10.069487683475018 1.1958878263831139 0
    endloop
  endfacet
  facet normal 0.08789858679285924 -0.9961294285582664 0
    outer loop
      vertex 10.234732441604137 1.2104690447449684 0
      vertex 10.234732441604137 1.2104690447449684 3
      vertex 10.069487683475018 1.1958878263831139 3
    endloop
  endfacet
  facet normal 0.08550656119348404 -0.996337607436789 0
    outer loop
      vertex 10.399664588272572 1.224623665213585 0
      vertex 10.234732441604137 1.2104690447449684 3
      vertex 10.234732441604137 1.2104690447449684 0
    endloop
  endfacet
  facet normal 0.08550656119348404 -0.996337607436789 0
    outer loop
      vertex 10.399664588272572 1.224623665213585 0
      vertex 10.399664588272572 1.224623665213585 3
      vertex 10.234732441604137 1.2104690447449684 3
    endloop
  endfacet
  facet normal 0.08315732716482854 -0.9965364313153844 0
    outer loop
      vertex 10.564218908548355 1.2383551225066185 0
      vertex 10.399664588272572 1.224623665213585 3
      vertex 10.399664588272572 1.224623665213585 0
    endloop
  endfacet
  facet normal 0.08315732716482854 -0.9965364313153844 0
    outer loop
      vertex 10.564218908548355 1.2383551225066185 0
      vertex 10.564218908548355 1.2383551225066185 3
      vertex 10.399664588272572 1.224623665213585 3
    endloop
  endfacet
  facet normal 0.08084874449095748 -0.9967263819696135 0
    outer loop
      vertex 10.7283301576972 1.2516668885946274 0
      vertex 10.564218908548355 1.2383551225066185 3
      vertex 10.564218908548355 1.2383551225066185 0
    endloop
  endfacet
  facet normal 0.08084874449095748 -0.9967263819696135 0
    outer loop
      vertex 10.7283301576972 1.2516668885946274 0
      vertex 10.7283301576972 1.2516668885946274 3
      vertex 10.564218908548355 1.2383551225066185 3
    endloop
  endfacet
  facet normal 0.0785783041820536 -0.9969079446528013 0
    outer loop
      vertex 10.891933120787144 1.2645624056458473 0
      vertex 10.7283301576972 1.2516668885946274 3
      vertex 10.7283301576972 1.2516668885946274 0
    endloop
  endfacet
  facet normal 0.0785783041820536 -0.9969079446528013 0
    outer loop
      vertex 10.891933120787144 1.2645624056458473 0
      vertex 10.891933120787144 1.2645624056458473 3
      vertex 10.7283301576972 1.2516668885946274 3
    endloop
  endfacet
  facet normal 0.07634379986503784 -0.9970815534459391 0
    outer loop
      vertex 11.054962567985058 1.2770451232790947 0
      vertex 10.891933120787144 1.2645624056458473 3
      vertex 10.891933120787144 1.2645624056458473 0
    endloop
  endfacet
  facet normal 0.07634379986503784 -0.9970815534459391 0
    outer loop
      vertex 11.054962567985058 1.2770451232790947 0
      vertex 11.054962567985058 1.2770451232790947 3
      vertex 10.891933120787144 1.2645624056458473 3
    endloop
  endfacet
  facet normal 0.07414311279749394 -0.9972476115913731 0
    outer loop
      vertex 11.217353269457817 1.289118506014347 0
      vertex 11.054962567985058 1.2770451232790947 3
      vertex 11.054962567985058 1.2770451232790947 0
    endloop
  endfacet
  facet normal 0.07414311279749394 -0.9972476115913731 0
    outer loop
      vertex 11.217353269457817 1.289118506014347 0
      vertex 11.217353269457817 1.289118506014347 3
      vertex 11.054962567985058 1.2770451232790947 3
    endloop
  endfacet
  facet normal 0.07197398125939565 -0.9974065099154267 0
    outer loop
      vertex 11.379040002822876 1.3007860034704208 0
      vertex 11.217353269457817 1.289118506014347 3
      vertex 11.217353269457817 1.289118506014347 0
    endloop
  endfacet
  facet normal 0.07197398125939565 -0.9974065099154267 0
    outer loop
      vertex 11.379040002822876 1.3007860034704208 0
      vertex 11.379040002822876 1.3007860034704208 3
      vertex 11.217353269457817 1.289118506014347 3
    endloop
  endfacet
  facet normal 0.06811072676900937 -0.9976777680689279 0
    outer loop
      vertex 11.622360669076443 1.3173973262310028 0
      vertex 11.379040002822876 1.3007860034704208 3
      vertex 11.379040002822876 1.3007860034704208 0
    endloop
  endfacet
  facet normal 0.06811072676900937 -0.9976777680689279 0
    outer loop
      vertex 11.622360669076443 1.3173973262310028 0
      vertex 11.622360669076443 1.3173973262310028 3
      vertex 11.379040002822876 1.3007860034704208 3
    endloop
  endfacet
  facet normal 0.06434846434350018 -0.9979274899192995 0
    outer loop
      vertex 11.86606515944004 1.3331119045615196 0
      vertex 11.622360669076443 1.3173973262310028 3
      vertex 11.622360669076443 1.3173973262310028 0
    endloop
  endfacet
  facet normal 0.06434846434350018 -0.9979274899192995 0
    outer loop
      vertex 11.86606515944004 1.3331119045615196 0
      vertex 11.86606515944004 1.3331119045615196 3
      vertex 11.622360669076443 1.3173973262310028 3
    endloop
  endfacet
  facet normal 0.06072899205552637 -0.9981542914419194 0
    outer loop
      vertex 12.11010018736124 1.3479593098163605 0
      vertex 11.86606515944004 1.3331119045615196 3
      vertex 11.86606515944004 1.3331119045615196 0
    endloop
  endfacet
  facet normal 0.06072899205552637 -0.9981542914419194 0
    outer loop
      vertex 12.11010018736124 1.3479593098163605 0
      vertex 12.11010018736124 1.3479593098163605 3
      vertex 11.86606515944004 1.3331119045615196 3
    endloop
  endfacet
  facet normal 0.057249783226002084 -0.9983598861736062 0
    outer loop
      vertex 12.354412481188774 1.3619691133499146 0
      vertex 12.11010018736124 1.3479593098163605 3
      vertex 12.11010018736124 1.3479593098163605 0
    endloop
  endfacet
  facet normal 0.057249783226002084 -0.9983598861736062 0
    outer loop
      vertex 12.354412481188774 1.3619691133499146 0
      vertex 12.354412481188774 1.3619691133499146 3
      vertex 12.11010018736124 1.3479593098163605 3
    endloop
  endfacet
  facet normal 0.05390841045051696 -0.9985458844152825 0
    outer loop
      vertex 12.598948746919632 1.3751708716154099 0
      vertex 12.354412481188774 1.3619691133499146 3
      vertex 12.354412481188774 1.3619691133499146 0
    endloop
  endfacet
  facet normal 0.05390841045051696 -0.9985458844152825 0
    outer loop
      vertex 12.598948746919632 1.3751708716154099 0
      vertex 12.598948746919632 1.3751708716154099 3
      vertex 12.354412481188774 1.3619691133499146 3
    endloop
  endfacet
  facet normal 0.05070276534267278 -0.9987137876221626 0
    outer loop
      vertex 12.843655720353127 1.3875941708683968 0
      vertex 12.598948746919632 1.3751708716154099 3
      vertex 12.598948746919632 1.3751708716154099 0
    endloop
  endfacet
  facet normal 0.05070276534267278 -0.9987137876221626 0
    outer loop
      vertex 12.843655720353127 1.3875941708683968 0
      vertex 12.843655720353127 1.3875941708683968 3
      vertex 12.598948746919632 1.3751708716154099 3
    endloop
  endfacet
  facet normal 0.047630626807174385 -0.9988650176024565 0
    outer loop
      vertex 13.088480107486248 1.3992685601115227 0
      vertex 12.843655720353127 1.3875941708683968 3
      vertex 12.843655720353127 1.3875941708683968 0
    endloop
  endfacet
  facet normal 0.047630626807174385 -0.9988650176024565 0
    outer loop
      vertex 13.088480107486248 1.3992685601115227 0
      vertex 13.088480107486248 1.3992685601115227 3
      vertex 12.843655720353127 1.3875941708683968 3
    endloop
  endfacet
  facet normal 0.04469018136005669 -0.9990008947393417 0
    outer loop
      vertex 13.333368636667728 1.4102236181497574 0
      vertex 13.088480107486248 1.3992685601115227 3
      vertex 13.088480107486248 1.3992685601115227 0
    endloop
  endfacet
  facet normal 0.04469018136005669 -0.9990008947393417 0
    outer loop
      vertex 13.333368636667728 1.4102236181497574 0
      vertex 13.333368636667728 1.4102236181497574 3
      vertex 13.088480107486248 1.3992685601115227 3
    endloop
  endfacet
  facet normal 0.04187958390977963 -0.9991226653677433 0
    outer loop
      vertex 13.57826802879572 1.4204889088869095 0
      vertex 13.333368636667728 1.4102236181497574 3
      vertex 13.333368636667728 1.4102236181497574 0
    endloop
  endfacet
  facet normal 0.04187958390977963 -0.9991226653677433 0
    outer loop
      vertex 13.57826802879572 1.4204889088869095 0
      vertex 13.57826802879572 1.4204889088869095 3
      vertex 13.333368636667728 1.4102236181497574 3
    endloop
  endfacet
  facet normal 0.03919722306087662 -0.999231493551077 0
    outer loop
      vertex 13.823124997317791 1.4300940036773682 0
      vertex 13.57826802879572 1.4204889088869095 3
      vertex 13.57826802879572 1.4204889088869095 0
    endloop
  endfacet
  facet normal 0.03919722306087662 -0.999231493551077 0
    outer loop
      vertex 13.823124997317791 1.4300940036773682 0
      vertex 13.823124997317791 1.4300940036773682 3
      vertex 13.57826802879572 1.4204889088869095 3
    endloop
  endfacet
  facet normal 0.03664156518021368 -0.9993284723758971 0
    outer loop
      vertex 14.067886270582676 1.439068466424942 0
      vertex 13.823124997317791 1.4300940036773682 3
      vertex 13.823124997317791 1.4300940036773682 0
    endloop
  endfacet
  facet normal 0.03664156518021368 -0.9993284723758971 0
    outer loop
      vertex 14.067886270582676 1.439068466424942 0
      vertex 14.067886270582676 1.439068466424942 3
      vertex 13.823124997317791 1.4300940036773682 3
    endloop
  endfacet
  facet normal 0.03421125313184126 -0.9994146237468957 0
    outer loop
      vertex 14.312498562037945 1.4474418610334396 0
      vertex 14.067886270582676 1.439068466424942 3
      vertex 14.067886270582676 1.439068466424942 0
    endloop
  endfacet
  facet normal 0.03421125313184126 -0.9994146237468957 0
    outer loop
      vertex 14.312498562037945 1.4474418610334396 0
      vertex 14.312498562037945 1.4474418610334396 3
      vertex 14.067886270582676 1.439068466424942 3
    endloop
  endfacet
  facet normal 0.03190515855830075 -0.9994909008377065 0
    outer loop
      vertex 14.556908592581749 1.4552437737584114 0
      vertex 14.312498562037945 1.4474418610334396 3
      vertex 14.312498562037945 1.4474418610334396 0
    endloop
  endfacet
  facet normal 0.03190515855830075 -0.9994909008377065 0
    outer loop
      vertex 14.556908592581749 1.4552437737584114 0
      vertex 14.556908592581749 1.4552437737584114 3
      vertex 14.312498562037945 1.4474418610334396 3
    endloop
  endfacet
  facet normal 0.02972205174437678 -0.9995582022274164 0
    outer loop
      vertex 14.80106308311224 1.4625037536025047 0
      vertex 14.556908592581749 1.4552437737584114 3
      vertex 14.556908592581749 1.4552437737584114 0
    endloop
  endfacet
  facet normal 0.02972205174437678 -0.9995582022274164 0
    outer loop
      vertex 14.80106308311224 1.4625037536025047 0
      vertex 14.80106308311224 1.4625037536025047 3
      vertex 14.556908592581749 1.4552437737584114 3
    endloop
  endfacet
  facet normal 0.027661088131741958 -0.9996173588945763 0
    outer loop
      vertex 15.044908747076988 1.4692513719201088 0
      vertex 14.80106308311224 1.4625037536025047 3
      vertex 14.80106308311224 1.4625037536025047 0
    endloop
  endfacet
  facet normal 0.027661088131741958 -0.9996173588945763 0
    outer loop
      vertex 15.044908747076988 1.4692513719201088 0
      vertex 15.044908747076988 1.4692513719201088 3
      vertex 14.80106308311224 1.4625037536025047 3
    endloop
  endfacet
  facet normal 0.025721500539575275 -0.9996691474732992 0
    outer loop
      vertex 15.288392320275307 1.4755162075161934 0
      vertex 15.044908747076988 1.4692513719201088 3
      vertex 15.044908747076988 1.4692513719201088 0
    endloop
  endfacet
  facet normal 0.025721500539575275 -0.9996691474732992 0
    outer loop
      vertex 15.288392320275307 1.4755162075161934 0
      vertex 15.288392320275307 1.4755162075161934 3
      vertex 15.044908747076988 1.4692513719201088 3
    endloop
  endfacet
  facet normal 0.023902547468729263 -0.9997142932980928 0
    outer loop
      vertex 15.531460508704185 1.4813278168439865 0
      vertex 15.288392320275307 1.4755162075161934 3
      vertex 15.288392320275307 1.4755162075161934 0
    endloop
  endfacet
  facet normal 0.023902547468729263 -0.9997142932980928 0
    outer loop
      vertex 15.531460508704185 1.4813278168439865 0
      vertex 15.531460508704185 1.4813278168439865 3
      vertex 15.288392320275307 1.4755162075161934 3
    endloop
  endfacet
  facet normal 0.022203808469869447 -0.9997534650549771 0
    outer loop
      vertex 15.774060040712357 1.486715778708458 0
      vertex 15.531460508704185 1.4813278168439865 3
      vertex 15.531460508704185 1.4813278168439865 0
    endloop
  endfacet
  facet normal 0.022203808469869447 -0.9997534650549771 0
    outer loop
      vertex 15.774060040712357 1.486715778708458 0
      vertex 15.774060040712357 1.486715778708458 3
      vertex 15.531460508704185 1.4813278168439865 3
    endloop
  endfacet
  facet normal 0.020624827792259763 -0.9997872856155651 0
    outer loop
      vertex 16.01613762974739 1.4917096495628357 0
      vertex 15.774060040712357 1.486715778708458 3
      vertex 15.774060040712357 1.486715778708458 0
    endloop
  endfacet
  facet normal 0.020624827792259763 -0.9997872856155651 0
    outer loop
      vertex 16.01613762974739 1.4917096495628357 0
      vertex 16.01613762974739 1.4917096495628357 3
      vertex 15.774060040712357 1.486715778708458 3
    endloop
  endfacet
  facet normal 0.01916544738351675 -0.9998163259452156 0
    outer loop
      vertex 16.25763999670744 1.496339000761509 0
      vertex 16.01613762974739 1.4917096495628357 3
      vertex 16.01613762974739 1.4917096495628357 0
    endloop
  endfacet
  facet normal 0.01916544738351675 -0.9998163259452156 0
    outer loop
      vertex 16.25763999670744 1.496339000761509 0
      vertex 16.25763999670744 1.496339000761509 3
      vertex 16.01613762974739 1.4917096495628357 3
    endloop
  endfacet
  facet normal 0.01435816092322385 -0.9998969162943262 0
    outer loop
      vertex 16.525207616388798 1.5001811757683754 0
      vertex 16.25763999670744 1.496339000761509 3
      vertex 16.25763999670744 1.496339000761509 0
    endloop
  endfacet
  facet normal 0.01435816092322385 -0.9998969162943262 0
    outer loop
      vertex 16.525207616388798 1.5001811757683754 0
      vertex 16.525207616388798 1.5001811757683754 3
      vertex 16.25763999670744 1.496339000761509 3
    endloop
  endfacet
  facet normal 0.012821913836178237 -0.9999177958840304 0
    outer loop
      vertex 16.792496047914028 1.5036086067557335 0
      vertex 16.525207616388798 1.5001811757683754 3
      vertex 16.525207616388798 1.5001811757683754 0
    endloop
  endfacet
  facet normal 0.012821913836178237 -0.9999177958840304 0
    outer loop
      vertex 16.792496047914028 1.5036086067557335 0
      vertex 16.792496047914028 1.5036086067557335 3
      vertex 16.525207616388798 1.5001811757683754 3
    endloop
  endfacet
  facet normal 0.011353622765750328 -0.9999355455478584 0
    outer loop
      vertex 17.059534654021263 1.5066406577825546 0
      vertex 16.792496047914028 1.5036086067557335 3
      vertex 16.792496047914028 1.5036086067557335 0
    endloop
  endfacet
  facet normal 0.011353622765750328 -0.9999355455478584 0
    outer loop
      vertex 17.059534654021263 1.5066406577825546 0
      vertex 17.059534654021263 1.5066406577825546 3
      vertex 16.792496047914028 1.5036086067557335 3
    endloop
  endfacet
  facet normal 0.009953928194558167 -0.9999504584295652 0
    outer loop
      vertex 17.326352797448635 1.509296678006649 0
      vertex 17.059534654021263 1.5066406577825546 3
      vertex 17.059534654021263 1.5066406577825546 0
    endloop
  endfacet
  facet normal 0.009953928194558167 -0.9999504584295652 0
    outer loop
      vertex 17.326352797448635 1.509296678006649 0
      vertex 17.326352797448635 1.509296678006649 3
      vertex 17.059534654021263 1.5066406577825546 3
    endloop
  endfacet
  facet normal 0.008623536279537242 -0.9999628166197159 0
    outer loop
      vertex 17.592979840934277 1.511596031486988 0
      vertex 17.326352797448635 1.509296678006649 3
      vertex 17.326352797448635 1.509296678006649 0
    endloop
  endfacet
  facet normal 0.008623536279537242 -0.9999628166197159 0
    outer loop
      vertex 17.592979840934277 1.511596031486988 0
      vertex 17.592979840934277 1.511596031486988 3
      vertex 17.326352797448635 1.509296678006649 3
    endloop
  endfacet
  facet normal 0.0073629949671148425 -0.9999728927851566 0
    outer loop
      vertex 17.85944514721632 1.513558067381382 0
      vertex 17.592979840934277 1.511596031486988 3
      vertex 17.592979840934277 1.511596031486988 0
    endloop
  endfacet
  facet normal 0.0073629949671148425 -0.9999728927851566 0
    outer loop
      vertex 17.85944514721632 1.513558067381382 0
      vertex 17.85944514721632 1.513558067381382 3
      vertex 17.592979840934277 1.511596031486988 3
    endloop
  endfacet
  facet normal 0.0061729448261008 -0.9999809471945823 0
    outer loop
      vertex 18.125778079032898 1.5152021571993828 0
      vertex 17.85944514721632 1.513558067381382 3
      vertex 17.85944514721632 1.513558067381382 0
    endloop
  endfacet
  facet normal 0.0061729448261008 -0.9999809471945823 0
    outer loop
      vertex 18.125778079032898 1.5152021571993828 0
      vertex 18.125778079032898 1.5152021571993828 3
      vertex 17.85944514721632 1.513558067381382 3
    endloop
  endfacet
  facet normal 0.005053783083211172 -0.9999872295567319 0
    outer loop
      vertex 18.392007999122143 1.51654764264822 0
      vertex 18.125778079032898 1.5152021571993828 3
      vertex 18.125778079032898 1.5152021571993828 0
    endloop
  endfacet
  facet normal 0.005053783083211172 -0.9999872295567319 0
    outer loop
      vertex 18.392007999122143 1.51654764264822 0
      vertex 18.392007999122143 1.51654764264822 3
      vertex 18.125778079032898 1.5152021571993828 3
    endloop
  endfacet
  facet normal 0.00400605470763527 -0.9999919757306454 0
    outer loop
      vertex 18.658164270222187 1.5176138877868652 0
      vertex 18.392007999122143 1.51654764264822 3
      vertex 18.392007999122143 1.51654764264822 0
    endloop
  endfacet
  facet normal 0.00400605470763527 -0.9999919757306454 0
    outer loop
      vertex 18.658164270222187 1.5176138877868652 0
      vertex 18.658164270222187 1.5176138877868652 3
      vertex 18.392007999122143 1.51654764264822 3
    endloop
  endfacet
  facet normal 0.003030144463258596 -0.9999954091017277 0
    outer loop
      vertex 18.924276247620583 1.518420249223709 0
      vertex 18.658164270222187 1.5176138877868652 3
      vertex 18.658164270222187 1.5176138877868652 0
    endloop
  endfacet
  facet normal 0.003030144463258596 -0.9999954091017277 0
    outer loop
      vertex 18.924276247620583 1.518420249223709 0
      vertex 18.924276247620583 1.518420249223709 3
      vertex 18.658164270222187 1.5176138877868652 3
    endloop
  endfacet
  facet normal 0.0021264440571793454 -0.9999977391152801 0
    outer loop
      vertex 19.190373308956623 1.518986091017723 0
      vertex 18.924276247620583 1.518420249223709 3
      vertex 18.924276247620583 1.518420249223709 0
    endloop
  endfacet
  facet normal 0.0021264440571793454 -0.9999977391152801 0
    outer loop
      vertex 19.190373308956623 1.518986091017723 0
      vertex 19.190373308956623 1.518986091017723 3
      vertex 18.924276247620583 1.518420249223709 3
    endloop
  endfacet
  facet normal 0.001295212829250644 -0.9999991612115117 0
    outer loop
      vertex 19.45648480206728 1.5193307623267174 0
      vertex 19.190373308956623 1.518986091017723 3
      vertex 19.190373308956623 1.518986091017723 0
    endloop
  endfacet
  facet normal 0.001295212829250644 -0.9999991612115117 0
    outer loop
      vertex 19.45648480206728 1.5193307623267174 0
      vertex 19.45648480206728 1.5193307623267174 3
      vertex 19.190373308956623 1.518986091017723 3
    endloop
  endfacet
  facet normal 0.0005367445789401513 -0.9999998559526181 0
    outer loop
      vertex 19.722640097141266 1.5194736197590828 0
      vertex 19.45648480206728 1.5193307623267174 3
      vertex 19.45648480206728 1.5193307623267174 0
    endloop
  endfacet
  facet normal 0.0005367445789401513 -0.9999998559526181 0
    outer loop
      vertex 19.722640097141266 1.5194736197590828 0
      vertex 19.722640097141266 1.5194736197590828 3
      vertex 19.45648480206728 1.5193307623267174 3
    endloop
  endfacet
  facet normal -0.00014871582848673083 -0.9999999889418011 0
    outer loop
      vertex 19.988868549466133 1.5194340273737907 0
      vertex 19.722640097141266 1.5194736197590828 3
      vertex 19.722640097141266 1.5194736197590828 0
    endloop
  endfacet
  facet normal -0.00014871582848673083 -0.9999999889418011 0
    outer loop
      vertex 19.988868549466133 1.5194340273737907 0
      vertex 19.988868549466133 1.5194340273737907 3
      vertex 19.722640097141266 1.5194736197590828 3
    endloop
  endfacet
  facet normal -0.0007610287621957472 -0.9999997104175696 0
    outer loop
      vertex 20.255199529230595 1.519231341779232 0
      vertex 19.988868549466133 1.5194340273737907 3
      vertex 19.988868549466133 1.5194340273737907 0
    endloop
  endfacet
  facet normal -0.0007610287621957472 -0.9999997104175696 0
    outer loop
      vertex 20.255199529230595 1.519231341779232 0
      vertex 20.255199529230595 1.519231341779232 3
      vertex 19.988868549466133 1.5194340273737907 3
    endloop
  endfacet
  facet normal -0.001300075701912082 -0.9999991549012276 0
    outer loop
      vertex 20.521662399172783 1.5188849195837975 0
      vertex 20.255199529230595 1.519231341779232 3
      vertex 20.255199529230595 1.519231341779232 0
    endloop
  endfacet
  facet normal -0.001300075701912082 -0.9999991549012276 0
    outer loop
      vertex 20.521662399172783 1.5188849195837975 0
      vertex 20.521662399172783 1.5188849195837975 3
      vertex 20.255199529230595 1.519231341779232 3
    endloop
  endfacet
  facet normal -0.001765787164682307 -0.9999984409966293 0
    outer loop
      vertex 20.78828652203083 1.5184141173958778 0
      vertex 20.521662399172783 1.5188849195837975 3
      vertex 20.521662399172783 1.5188849195837975 0
    endloop
  endfacet
  facet normal -0.001765787164682307 -0.9999984409966293 0
    outer loop
      vertex 20.78828652203083 1.5184141173958778 0
      vertex 20.78828652203083 1.5184141173958778 3
      vertex 20.521662399172783 1.5188849195837975 3
    endloop
  endfacet
  facet normal -0.0021581425761046237 -0.999997671207599 0
    outer loop
      vertex 21.05510125309229 1.517838291823864 0
      vertex 20.78828652203083 1.5184141173958778 3
      vertex 20.78828652203083 1.5184141173958778 0
    endloop
  endfacet
  facet normal -0.0021581425761046237 -0.999997671207599 0
    outer loop
      vertex 21.05510125309229 1.517838291823864 0
      vertex 21.05510125309229 1.517838291823864 3
      vertex 20.78828652203083 1.5184141173958778 3
    endloop
  endfacet
  facet normal -0.0024771698703251253 -0.9999969318100099 0
    outer loop
      vertex 21.32213595509529 1.5171767994761467 0
      vertex 21.05510125309229 1.517838291823864 3
      vertex 21.05510125309229 1.517838291823864 0
    endloop
  endfacet
  facet normal -0.0024771698703251253 -0.9999969318100099 0
    outer loop
      vertex 21.32213595509529 1.5171767994761467 0
      vertex 21.32213595509529 1.5171767994761467 3
      vertex 21.05510125309229 1.517838291823864 3
    endloop
  endfacet
  facet normal -0.0027229452546904784 -0.9999962927776983 0
    outer loop
      vertex 21.58941999822855 1.5164489969611168 0
      vertex 21.32213595509529 1.5171767994761467 3
      vertex 21.32213595509529 1.5171767994761467 0
    endloop
  endfacet
  facet normal -0.0027229452546904784 -0.9999962927776983 0
    outer loop
      vertex 21.58941999822855 1.5164489969611168 0
      vertex 21.58941999822855 1.5164489969611168 3
      vertex 21.32213595509529 1.5171767994761467 3
    endloop
  endfacet
  facet normal 0.8622886967695181 -0.5064170252109679 0
    outer loop
      vertex 21.870314836502075 1.9947355315089226 0
      vertex 21.58941999822855 1.5164489969611168 3
      vertex 21.58941999822855 1.5164489969611168 0
    endloop
  endfacet
  facet normal 0.8622886967695181 -0.5064170252109679 0
    outer loop
      vertex 21.870314836502075 1.9947355315089226 0
      vertex 21.870314836502075 1.9947355315089226 3
      vertex 21.58941999822855 1.5164489969611168 3
    endloop
  endfacet
  facet normal 0.8629147308651833 -0.5053495495752107 0
    outer loop
      vertex 22.150642320513725 2.4734115600585938 0
      vertex 21.870314836502075 1.9947355315089226 3
      vertex 21.870314836502075 1.9947355315089226 0
    endloop
  endfacet
  facet normal 0.8629147308651833 -0.5053495495752107 0
    outer loop
      vertex 22.150642320513725 2.4734115600585938 0
      vertex 22.150642320513725 2.4734115600585938 3
      vertex 21.870314836502075 1.9947355315089226 3
    endloop
  endfacet
  facet normal 0.8636858416455131 -0.5040305218348208 0
    outer loop
      vertex 22.430256880819798 2.952547498047352 0
      vertex 22.150642320513725 2.4734115600585938 3
      vertex 22.150642320513725 2.4734115600585938 0
    endloop
  endfacet
  facet normal 0.8636858416455131 -0.5040305218348208 0
    outer loop
      vertex 22.430256880819798 2.952547498047352 0
      vertex 22.430256880819798 2.952547498047352 3
      vertex 22.150642320513725 2.4734115600585938 3
    endloop
  endfacet
  facet normal 0.8646008791698452 -0.5024592717213316 0
    outer loop
      vertex 22.70901296287775 3.432213746011257 0
      vertex 22.430256880819798 2.952547498047352 3
      vertex 22.430256880819798 2.952547498047352 0
    endloop
  endfacet
  facet normal 0.8646008791698452 -0.5024592717213316 0
    outer loop
      vertex 22.70901296287775 3.432213746011257 0
      vertex 22.70901296287775 3.432213746011257 3
      vertex 22.430256880819798 2.952547498047352 3
    endloop
  endfacet
  facet normal 0.865658517363866 -0.5006349281815974 0
    outer loop
      vertex 22.98676499724388 3.91248070448637 0
      vertex 22.70901296287775 3.432213746011257 3
      vertex 22.70901296287775 3.432213746011257 0
    endloop
  endfacet
  facet normal 0.865658517363866 -0.5006349281815974 0
    outer loop
      vertex 22.98676499724388 3.91248070448637 0
      vertex 22.98676499724388 3.91248070448637 3
      vertex 22.70901296287775 3.432213746011257 3
    endloop
  endfacet
  facet normal 0.8668571941090425 -0.49855652139090306 0
    outer loop
      vertex 23.26336743682623 4.3934187814593315 0
      vertex 22.98676499724388 3.91248070448637 3
      vertex 22.98676499724388 3.91248070448637 0
    endloop
  endfacet
  facet normal 0.8668571941090425 -0.49855652139090306 0
    outer loop
      vertex 23.26336743682623 4.3934187814593315 0
      vertex 23.26336743682623 4.3934187814593315 3
      vertex 22.98676499724388 3.91248070448637 3
    endloop
  endfacet
  facet normal 0.8681951583205894 -0.4962229005887241 0
    outer loop
      vertex 23.538674719631672 4.875098384916782 0
      vertex 23.26336743682623 4.3934187814593315 3
      vertex 23.26336743682623 4.3934187814593315 0
    endloop
  endfacet
  facet normal 0.8681951583205894 -0.4962229005887241 0
    outer loop
      vertex 23.538674719631672 4.875098384916782 0
      vertex 23.538674719631672 4.875098384916782 3
      vertex 23.26336743682623 4.3934187814593315 3
    endloop
  endfacet
  facet normal 0.8696704243151472 -0.4936328119883359 0
    outer loop
      vertex 23.812541283667088 5.357589915394783 0
      vertex 23.538674719631672 4.875098384916782 3
      vertex 23.538674719631672 4.875098384916782 0
    endloop
  endfacet
  facet normal 0.8696704243151472 -0.4936328119883359 0
    outer loop
      vertex 23.812541283667088 5.357589915394783 0
      vertex 23.812541283667088 5.357589915394783 3
      vertex 23.538674719631672 4.875098384916782 3
    endloop
  endfacet
  facet normal 0.8712807904096945 -0.49078486556031664 0
    outer loop
      vertex 24.084821559488773 5.840963773429394 0
      vertex 23.812541283667088 5.357589915394783 3
      vertex 23.812541283667088 5.357589915394783 0
    endloop
  endfacet
  facet normal 0.8712807904096945 -0.49078486556031664 0
    outer loop
      vertex 24.084821559488773 5.840963773429394 0
      vertex 24.084821559488773 5.840963773429394 3
      vertex 23.812541283667088 5.357589915394783 3
    endloop
  endfacet
  facet normal 0.8730238073117373 -0.4876775900806992 0
    outer loop
      vertex 24.35537000000477 6.325290374457836 0
      vertex 24.084821559488773 5.840963773429394 3
      vertex 24.084821559488773 5.840963773429394 0
    endloop
  endfacet
  facet normal 0.8730238073117373 -0.4876775900806992 0
    outer loop
      vertex 24.35537000000477 6.325290374457836 0
      vertex 24.35537000000477 6.325290374457836 3
      vertex 24.084821559488773 5.840963773429394 3
    endloop
  endfacet
  facet normal 0.8748968042066837 -0.48430938664136164 0
    outer loop
      vertex 24.62404104322195 6.8106401190161705 0
      vertex 24.35537000000477 6.325290374457836 3
      vertex 24.35537000000477 6.325290374457836 0
    endloop
  endfacet
  facet normal 0.8748968042066837 -0.48430938664136164 0
    outer loop
      vertex 24.62404104322195 6.8106401190161705 0
      vertex 24.62404104322195 6.8106401190161705 3
      vertex 24.35537000000477 6.325290374457836 3
    endloop
  endfacet
  facet normal 0.8768968669877981 -0.48067856688954197 0
    outer loop
      vertex 24.890689119696617 7.297083407640457 0
      vertex 24.62404104322195 6.8106401190161705 3
      vertex 24.62404104322195 6.8106401190161705 0
    endloop
  endfacet
  facet normal 0.8768968669877981 -0.48067856688954197 0
    outer loop
      vertex 24.890689119696617 7.297083407640457 0
      vertex 24.890689119696617 7.297083407640457 3
      vertex 24.62404104322195 6.8106401190161705 3
    endloop
  endfacet
  facet normal 0.8790208111065072 -0.47678340327832114 0
    outer loop
      vertex 25.155168682336807 7.784690648317337 0
      vertex 24.890689119696617 7.297083407640457 3
      vertex 24.890689119696617 7.297083407640457 0
    endloop
  endfacet
  facet normal 0.8790208111065072 -0.47678340327832114 0
    outer loop
      vertex 25.155168682336807 7.784690648317337 0
      vertex 25.155168682336807 7.784690648317337 3
      vertex 24.890689119696617 7.297083407640457 3
    endloop
  endfacet
  facet normal 0.8812652248691837 -0.4726220513647951 0
    outer loop
      vertex 25.417334161698818 8.273532249033451 0
      vertex 25.155168682336807 7.784690648317337 3
      vertex 25.155168682336807 7.784690648317337 0
    endloop
  endfacet
  facet normal 0.8812652248691837 -0.4726220513647951 0
    outer loop
      vertex 25.417334161698818 8.273532249033451 0
      vertex 25.417334161698818 8.273532249033451 3
      vertex 25.155168682336807 7.784690648317337 3
    endloop
  endfacet
  facet normal 0.8836264003924253 -0.46819267885083937 0
    outer loop
      vertex 25.67704000324011 8.76367861032486 0
      vertex 25.417334161698818 8.273532249033451 3
      vertex 25.417334161698818 8.273532249033451 0
    endloop
  endfacet
  facet normal 0.8836264003924253 -0.46819267885083937 0
    outer loop
      vertex 25.67704000324011 8.76367861032486 0
      vertex 25.67704000324011 8.76367861032486 3
      vertex 25.417334161698818 8.273532249033451 3
    endloop
  endfacet
  facet normal 0.8861003831407608 -0.4634933775123406 0
    outer loop
      vertex 25.934140637516975 9.255200132727623 0
      vertex 25.67704000324011 8.76367861032486 3
      vertex 25.67704000324011 8.76367861032486 0
    endloop
  endfacet
  facet normal 0.8861003831407608 -0.4634933775123406 0
    outer loop
      vertex 25.934140637516975 9.255200132727623 0
      vertex 25.934140637516975 9.255200132727623 3
      vertex 25.67704000324011 8.76367861032486 3
    endloop
  endfacet
  facet normal 0.8886829174371874 -0.4585222701846977 0
    outer loop
      vertex 26.188490517437458 9.748167231678963 0
      vertex 25.934140637516975 9.255200132727623 3
      vertex 25.934140637516975 9.255200132727623 0
    endloop
  endfacet
  facet normal 0.8886829174371874 -0.4585222701846977 0
    outer loop
      vertex 26.188490517437458 9.748167231678963 0
      vertex 26.188490517437458 9.748167231678963 3
      vertex 25.934140637516975 9.255200132727623 3
    endloop
  endfacet
  facet normal 0.8913694779155855 -0.45327745790023216 0
    outer loop
      vertex 26.439944081008434 10.24265030771494 0
      vertex 26.188490517437458 9.748167231678963 3
      vertex 26.188490517437458 9.748167231678963 0
    endloop
  endfacet
  facet normal 0.8913694779155855 -0.45327745790023216 0
    outer loop
      vertex 26.439944081008434 10.24265030771494 0
      vertex 26.439944081008434 10.24265030771494 3
      vertex 26.188490517437458 9.748167231678963 3
    endloop
  endfacet
  facet normal 0.8941552472234731 -0.4477570701426499 0
    outer loop
      vertex 26.6883557587862 10.738719761371613 0
      vertex 26.439944081008434 10.24265030771494 3
      vertex 26.439944081008434 10.24265030771494 0
    endloop
  endfacet
  facet normal 0.8941552472234731 -0.4477570701426499 0
    outer loop
      vertex 26.6883557587862 10.738719761371613 0
      vertex 26.6883557587862 10.738719761371613 3
      vertex 26.439944081008434 10.24265030771494 3
    endloop
  endfacet
  facet normal 0.8970350911773852 -0.44195932527369547 0
    outer loop
      vertex 26.9335800036788 11.236446000635624 0
      vertex 26.6883557587862 10.738719761371613 3
      vertex 26.6883557587862 10.738719761371613 0
    endloop
  endfacet
  facet normal 0.8970350911773852 -0.44195932527369547 0
    outer loop
      vertex 26.9335800036788 11.236446000635624 0
      vertex 26.9335800036788 11.236446000635624 3
      vertex 26.6883557587862 10.738719761371613 3
    endloop
  endfacet
  facet normal 0.9014295537138819 -0.4329258131495417 0
    outer loop
      vertex 27.06711108237505 11.514481768012047 0
      vertex 26.9335800036788 11.236446000635624 3
      vertex 26.9335800036788 11.236446000635624 0
    endloop
  endfacet
  facet normal 0.9014295537138819 -0.4329258131495417 0
    outer loop
      vertex 27.06711108237505 11.514481768012047 0
      vertex 27.06711108237505 11.514481768012047 3
      vertex 26.9335800036788 11.236446000635624 3
    endloop
  endfacet
  facet normal 0.9037713006809951 -0.42801569605025297 0
    outer loop
      vertex 27.199145659804344 11.793277762830257 0
      vertex 27.06711108237505 11.514481768012047 3
      vertex 27.06711108237505 11.514481768012047 0
    endloop
  endfacet
  facet normal 0.9037713006809951 -0.42801569605025297 0
    outer loop
      vertex 27.199145659804344 11.793277762830257 0
      vertex 27.199145659804344 11.793277762830257 3
      vertex 27.06711108237505 11.514481768012047 3
    endloop
  endfacet
  facet normal 0.9060100514315329 -0.4232561714907783 0
    outer loop
      vertex 27.329730726778507 12.072804421186447 0
      vertex 27.199145659804344 11.793277762830257 3
      vertex 27.199145659804344 11.793277762830257 0
    endloop
  endfacet
  facet normal 0.9060100514315329 -0.4232561714907783 0
    outer loop
      vertex 27.329730726778507 12.072804421186447 0
      vertex 27.329730726778507 12.072804421186447 3
      vertex 27.199145659804344 11.793277762830257 3
    endloop
  endfacet
  facet normal 0.9081483497746041 -0.4186485098524337 0
    outer loop
      vertex 27.458913281559944 12.353032156825066 0
      vertex 27.329730726778507 12.072804421186447 3
      vertex 27.329730726778507 12.072804421186447 0
    endloop
  endfacet
  facet normal 0.9081483497746041 -0.4186485098524337 0
    outer loop
      vertex 27.458913281559944 12.353032156825066 0
      vertex 27.458913281559944 12.353032156825066 3
      vertex 27.329730726778507 12.072804421186447 3
    endloop
  endfacet
  facet normal 0.9101887283818672 -0.41419376954102033 0
    outer loop
      vertex 27.58674031496048 12.633931420743465 0
      vertex 27.458913281559944 12.353032156825066 3
      vertex 27.458913281559944 12.353032156825066 0
    endloop
  endfacet
  facet normal 0.9101887283818672 -0.41419376954102033 0
    outer loop
      vertex 27.58674031496048 12.633931420743465 0
      vertex 27.58674031496048 12.633931420743465 3
      vertex 27.458913281559944 12.353032156825066 3
    endloop
  endfacet
  facet normal 0.9121336046123272 -0.40989301938057315 0
    outer loop
      vertex 27.71325881779194 12.915472634136677 0
      vertex 27.58674031496048 12.633931420743465 3
      vertex 27.58674031496048 12.633931420743465 0
    endloop
  endfacet
  facet normal 0.9121336046123272 -0.40989301938057315 0
    outer loop
      vertex 27.71325881779194 12.915472634136677 0
      vertex 27.71325881779194 12.915472634136677 3
      vertex 27.58674031496048 12.633931420743465 3
    endloop
  endfacet
  facet normal 0.9139853320011202 -0.40574722782392764 0
    outer loop
      vertex 27.838515795767307 13.197626233100891 0
      vertex 27.71325881779194 12.915472634136677 3
      vertex 27.71325881779194 12.915472634136677 0
    endloop
  endfacet
  facet normal 0.9139853320011202 -0.40574722782392764 0
    outer loop
      vertex 27.838515795767307 13.197626233100891 0
      vertex 27.838515795767307 13.197626233100891 3
      vertex 27.71325881779194 12.915472634136677 3
    endloop
  endfacet
  facet normal 0.9157462096683409 -0.4017572394843275 0
    outer loop
      vertex 27.96255823969841 13.480362638831139 0
      vertex 27.838515795767307 13.197626233100891 3
      vertex 27.838515795767307 13.197626233100891 0
    endloop
  endfacet
  facet normal 0.9157462096683409 -0.4017572394843275 0
    outer loop
      vertex 27.96255823969841 13.480362638831139 0
      vertex 27.96255823969841 13.480362638831139 3
      vertex 27.838515795767307 13.197626233100891 3
    endloop
  endfacet
  facet normal 0.9174184611578797 -0.39792382075807914 0
    outer loop
      vertex 28.085433140397072 13.763652294874191 0
      vertex 27.96255823969841 13.480362638831139 3
      vertex 27.96255823969841 13.480362638831139 0
    endloop
  endfacet
  facet normal 0.9174184611578797 -0.39792382075807914 0
    outer loop
      vertex 28.085433140397072 13.763652294874191 0
      vertex 28.085433140397072 13.763652294874191 3
      vertex 27.96255823969841 13.480362638831139 3
    endloop
  endfacet
  facet normal 0.9190041895296273 -0.3942477642637849 0
    outer loop
      vertex 28.20718750357628 14.04746562242508 0
      vertex 28.085433140397072 13.763652294874191 3
      vertex 28.085433140397072 13.763652294874191 0
    endloop
  endfacet
  facet normal 0.9190041895296273 -0.3942477642637849 0
    outer loop
      vertex 28.20718750357628 14.04746562242508 0
      vertex 28.20718750357628 14.04746562242508 3
      vertex 28.085433140397072 13.763652294874191 3
    endloop
  endfacet
  facet normal 0.920505491457534 -0.3907296254400525 0
    outer loop
      vertex 28.327868305146694 14.331773065030575 0
      vertex 28.20718750357628 14.04746562242508 3
      vertex 28.20718750357628 14.04746562242508 0
    endloop
  endfacet
  facet normal 0.920505491457534 -0.3907296254400525 0
    outer loop
      vertex 28.327868305146694 14.331773065030575 0
      vertex 28.327868305146694 14.331773065030575 3
      vertex 28.20718750357628 14.04746562242508 3
    endloop
  endfacet
  facet normal 0.9219242750007954 -0.38737014748720333 0
    outer loop
      vertex 28.447522558271885 14.616545036435127 0
      vertex 28.327868305146694 14.331773065030575 3
      vertex 28.327868305146694 14.331773065030575 0
    endloop
  endfacet
  facet normal 0.9219242750007954 -0.38737014748720333 0
    outer loop
      vertex 28.447522558271885 14.616545036435127 0
      vertex 28.447522558271885 14.616545036435127 3
      vertex 28.327868305146694 14.331773065030575 3
    endloop
  endfacet
  facet normal 0.9232624651523941 -0.3841697807489864 0
    outer loop
      vertex 28.566197253763676 14.90175198763609 0
      vertex 28.447522558271885 14.616545036435127 3
      vertex 28.447522558271885 14.616545036435127 0
    endloop
  endfacet
  facet normal 0.9232624651523941 -0.3841697807489864 0
    outer loop
      vertex 28.566197253763676 14.90175198763609 0
      vertex 28.566197253763676 14.90175198763609 3
      vertex 28.447522558271885 14.616545036435127 3
    endloop
  endfacet
  facet normal 0.9245218371007153 -0.38112907619849534 0
    outer loop
      vertex 28.68393938243389 15.18736433237791 0
      vertex 28.566197253763676 14.90175198763609 3
      vertex 28.566197253763676 14.90175198763609 0
    endloop
  endfacet
  facet normal 0.9245218371007153 -0.38112907619849534 0
    outer loop
      vertex 28.68393938243389 15.18736433237791 0
      vertex 28.68393938243389 15.18736433237791 3
      vertex 28.566197253763676 14.90175198763609 3
    endloop
  endfacet
  facet normal 0.9257041093885547 -0.378248465775002 0
    outer loop
      vertex 28.800795935094357 15.473352514207363 0
      vertex 28.68393938243389 15.18736433237791 3
      vertex 28.68393938243389 15.18736433237791 0
    endloop
  endfacet
  facet normal 0.9257041093885547 -0.378248465775002 0
    outer loop
      vertex 28.800795935094357 15.473352514207363 0
      vertex 28.800795935094357 15.473352514207363 3
      vertex 28.68393938243389 15.18736433237791 3
    endloop
  endfacet
  facet normal 0.9268108724361392 -0.3755284366518235 0
    outer loop
      vertex 28.916813917458057 15.759686961770058 0
      vertex 28.800795935094357 15.473352514207363 3
      vertex 28.800795935094357 15.473352514207363 0
    endloop
  endfacet
  facet normal 0.9268108724361392 -0.3755284366518235 0
    outer loop
      vertex 28.916813917458057 15.759686961770058 0
      vertex 28.916813917458057 15.759686961770058 3
      vertex 28.800795935094357 15.473352514207363 3
    endloop
  endfacet
  facet normal 0.9278436629607183 -0.37296935142667803 0
    outer loop
      vertex 29.03204032033682 16.046338096261024 0
      vertex 28.916813917458057 15.759686961770058 3
      vertex 28.916813917458057 15.759686961770058 0
    endloop
  endfacet
  facet normal 0.9278436629607183 -0.37296935142667803 0
    outer loop
      vertex 29.03204032033682 16.046338096261024 0
      vertex 29.03204032033682 16.046338096261024 3
      vertex 28.916813917458057 15.759686961770058 3
    endloop
  endfacet
  facet normal 0.9288039168715209 -0.37057156394429536 0
    outer loop
      vertex 29.146522141993046 16.333276368677616 0
      vertex 29.03204032033682 16.046338096261024 3
      vertex 29.03204032033682 16.046338096261024 0
    endloop
  endfacet
  facet normal 0.9288039168715209 -0.37057156394429536 0
    outer loop
      vertex 29.146522141993046 16.333276368677616 0
      vertex 29.146522141993046 16.333276368677616 3
      vertex 29.03204032033682 16.046338096261024 3
    endloop
  endfacet
  facet normal 0.9296929685062084 -0.3683354236427909 0
    outer loop
      vertex 29.260306365787983 16.6204721853137 0
      vertex 29.146522141993046 16.333276368677616 3
      vertex 29.146522141993046 16.333276368677616 0
    endloop
  endfacet
  facet normal 0.9296929685062084 -0.3683354236427909 0
    outer loop
      vertex 29.260306365787983 16.6204721853137 0
      vertex 29.260306365787983 16.6204721853137 3
      vertex 29.146522141993046 16.333276368677616 3
    endloop
  endfacet
  facet normal 0.9305120565909777 -0.36626126267847303 0
    outer loop
      vertex 29.373439997434616 16.907895997166634 0
      vertex 29.260306365787983 16.6204721853137 3
      vertex 29.260306365787983 16.6204721853137 0
    endloop
  endfacet
  facet normal 0.9305120565909777 -0.36626126267847303 0
    outer loop
      vertex 29.373439997434616 16.907895997166634 0
      vertex 29.373439997434616 16.907895997166634 3
      vertex 29.260306365787983 16.6204721853137 3
    endloop
  endfacet
  facet normal 0.2588248133614654 0.9659242806702825 0
    outer loop
      vertex 26.75135999917984 17.610496997833252 0
      vertex 29.373439997434616 16.907895997166634 3
      vertex 29.373439997434616 16.907895997166634 0
    endloop
  endfacet
  facet normal 0.2588248133614654 0.9659242806702825 0
    outer loop
      vertex 26.75135999917984 17.610496997833252 0
      vertex 26.75135999917984 17.610496997833252 3
      vertex 29.373439997434616 16.907895997166634 3
    endloop
  endfacet
  facet normal -0.9122827553862533 -0.4095609530031711 0
    outer loop
      vertex 26.754295453429222 17.603958375751972 0
      vertex 26.75135999917984 17.610496997833252 3
      vertex 26.75135999917984 17.610496997833252 0
    endloop
  endfacet
  facet normal -0.9122827553862533 -0.4095609530031711 0
    outer loop
      vertex 26.754295453429222 17.603958375751972 0
      vertex 26.754295453429222 17.603958375751972 3
      vertex 26.75135999917984 17.610496997833252 3
    endloop
  endfacet
  facet normal -0.9217118553615999 -0.3878753094563728 0
    outer loop
      vertex 26.75707159936428 17.597361393272877 0
      vertex 26.754295453429222 17.603958375751972 3
      vertex 26.754295453429222 17.603958375751972 0
    endloop
  endfacet
  facet normal -0.9217118553615999 -0.3878753094563728 0
    outer loop
      vertex 26.75707159936428 17.597361393272877 0
      vertex 26.75707159936428 17.597361393272877 3
      vertex 26.754295453429222 17.603958375751972 3
    endloop
  endfacet
  facet normal -0.9306051642567208 -0.36602462794014545 0
    outer loop
      vertex 26.759688146412373 17.590708911418915 0
      vertex 26.75707159936428 17.597361393272877 3
      vertex 26.75707159936428 17.597361393272877 0
    endloop
  endfacet
  facet normal -0.9306051642567208 -0.36602462794014545 0
    outer loop
      vertex 26.759688146412373 17.590708911418915 0
      vertex 26.759688146412373 17.590708911418915 3
      vertex 26.75707159936428 17.597361393272877 3
    endloop
  endfacet
  facet normal -0.9389625032968698 -0.34401950148570887 0
    outer loop
      vertex 26.762144796550274 17.584003761410713 0
      vertex 26.759688146412373 17.590708911418915 3
      vertex 26.759688146412373 17.590708911418915 0
    endloop
  endfacet
  facet normal -0.9389625032968698 -0.34401950148570887 0
    outer loop
      vertex 26.762144796550274 17.584003761410713 0
      vertex 26.762144796550274 17.584003761410713 3
      vertex 26.759688146412373 17.590708911418915 3
    endloop
  endfacet
  facet normal -0.946782686941019 -0.32187349022363504 0
    outer loop
      vertex 26.76444125175476 17.57724879682064 0
      vertex 26.762144796550274 17.584003761410713 3
      vertex 26.762144796550274 17.584003761410713 0
    endloop
  endfacet
  facet normal -0.946782686941019 -0.32187349022363504 0
    outer loop
      vertex 26.76444125175476 17.57724879682064 0
      vertex 26.76444125175476 17.57724879682064 3
      vertex 26.762144796550274 17.584003761410713 3
    endloop
  endfacet
  facet normal -0.9540660272577625 -0.2995964212613204 0
    outer loop
      vertex 26.766577199101448 17.570446863770485 0
      vertex 26.76444125175476 17.57724879682064 3
      vertex 26.76444125175476 17.57724879682064 0
    endloop
  endfacet
  facet normal -0.9540660272577625 -0.2995964212613204 0
    outer loop
      vertex 26.766577199101448 17.570446863770485 0
      vertex 26.766577199101448 17.570446863770485 3
      vertex 26.76444125175476 17.57724879682064 3
    endloop
  endfacet
  facet normal -0.9608114343988496 -0.27720279134313425 0
    outer loop
      vertex 26.768552348017693 17.563600808382034 0
      vertex 26.766577199101448 17.570446863770485 3
      vertex 26.766577199101448 17.570446863770485 0
    endloop
  endfacet
  facet normal -0.9608114343988496 -0.27720279134313425 0
    outer loop
      vertex 26.768552348017693 17.563600808382034 0
      vertex 26.768552348017693 17.563600808382034 3
      vertex 26.766577199101448 17.570446863770485 3
    endloop
  endfacet
  facet normal -0.9670193366852196 -0.25470296911673046 0
    outer loop
      vertex 26.77036640048027 17.556713476777077 0
      vertex 26.768552348017693 17.563600808382034 3
      vertex 26.768552348017693 17.563600808382034 0
    endloop
  endfacet
  facet normal -0.9670193366852196 -0.25470296911673046 0
    outer loop
      vertex 26.77036640048027 17.556713476777077 0
      vertex 26.77036640048027 17.556713476777077 3
      vertex 26.768552348017693 17.563600808382034 3
    endloop
  endfacet
  facet normal -0.9726902255338645 -0.23210714153355963 0
    outer loop
      vertex 26.772019051015377 17.54978772252798 0
      vertex 26.77036640048027 17.556713476777077 3
      vertex 26.77036640048027 17.556713476777077 0
    endloop
  endfacet
  facet normal -0.9726902255338645 -0.23210714153355963 0
    outer loop
      vertex 26.772019051015377 17.54978772252798 0
      vertex 26.772019051015377 17.54978772252798 3
      vertex 26.77036640048027 17.556713476777077 3
    endloop
  endfacet
  facet normal -0.9778244626778524 -0.2094261688251233 0
    outer loop
      vertex 26.77351000159979 17.542826376855373 0
      vertex 26.772019051015377 17.54978772252798 3
      vertex 26.772019051015377 17.54978772252798 0
    endloop
  endfacet
  facet normal -0.9778244626778524 -0.2094261688251233 0
    outer loop
      vertex 26.77351000159979 17.542826376855373 0
      vertex 26.77351000159979 17.542826376855373 3
      vertex 26.772019051015377 17.54978772252798 3
    endloop
  endfacet
  facet normal -0.9824226668442015 -0.18667003956373668 0
    outer loop
      vertex 26.7748389467597 17.535832293331623 0
      vertex 26.77351000159979 17.542826376855373 3
      vertex 26.77351000159979 17.542826376855373 0
    endloop
  endfacet
  facet normal -0.9824226668442015 -0.18667003956373668 0
    outer loop
      vertex 26.7748389467597 17.535832293331623 0
      vertex 26.7748389467597 17.535832293331623 3
      vertex 26.77351000159979 17.542826376855373 3
    endloop
  endfacet
  facet normal -0.9864850066844432 -0.16385155350741795 0
    outer loop
      vertex 26.77600560337305 17.528808318078518 0
      vertex 26.7748389467597 17.535832293331623 3
      vertex 26.7748389467597 17.535832293331623 0
    endloop
  endfacet
  facet normal -0.9864850066844432 -0.16385155350741795 0
    outer loop
      vertex 26.77600560337305 17.528808318078518 0
      vertex 26.77600560337305 17.528808318078518 3
      vertex 26.7748389467597 17.535832293331623 3
    endloop
  endfacet
  facet normal -0.9900130807708032 -0.14097552944643718 0
    outer loop
      vertex 26.777009651064873 17.521757304668427 0
      vertex 26.77600560337305 17.528808318078518 3
      vertex 26.77600560337305 17.528808318078518 0
    endloop
  endfacet
  facet normal -0.9900130807708032 -0.14097552944643718 0
    outer loop
      vertex 26.777009651064873 17.521757304668427 0
      vertex 26.777009651064873 17.521757304668427 3
      vertex 26.77600560337305 17.528808318078518 3
    endloop
  endfacet
  facet normal -0.9930070419783058 -0.118055133651592 0
    outer loop
      vertex 26.777850799262524 17.514682084321976 0
      vertex 26.777009651064873 17.521757304668427 3
      vertex 26.777009651064873 17.521757304668427 0
    endloop
  endfacet
  facet normal -0.9930070419783058 -0.118055133651592 0
    outer loop
      vertex 26.777850799262524 17.514682084321976 0
      vertex 26.777850799262524 17.514682084321976 3
      vertex 26.777009651064873 17.521757304668427 3
    endloop
  endfacet
  facet normal -0.9954677966813006 -0.09509924169243776 0
    outer loop
      vertex 26.77852874994278 17.507585518062115 0
      vertex 26.777850799262524 17.514682084321976 3
      vertex 26.777850799262524 17.514682084321976 0
    endloop
  endfacet
  facet normal -0.9954677966813006 -0.09509924169243776 0
    outer loop
      vertex 26.77852874994278 17.507585518062115 0
      vertex 26.77852874994278 17.507585518062115 3
      vertex 26.777850799262524 17.514682084321976 3
    endloop
  endfacet
  facet normal -0.9973962816577209 -0.07211558316586103 0
    outer loop
      vertex 26.779043197631836 17.50047043710947 0
      vertex 26.77852874994278 17.507585518062115 3
      vertex 26.77852874994278 17.507585518062115 0
    endloop
  endfacet
  facet normal -0.9973962816577209 -0.07211558316586103 0
    outer loop
      vertex 26.779043197631836 17.50047043710947 0
      vertex 26.779043197631836 17.50047043710947 3
      vertex 26.77852874994278 17.507585518062115 3
    endloop
  endfacet
  facet normal -0.9987930964081146 -0.04911568555452156 0
    outer loop
      vertex 26.77939385175705 17.493339702486992 0
      vertex 26.779043197631836 17.50047043710947 3
      vertex 26.779043197631836 17.50047043710947 0
    endloop
  endfacet
  facet normal -0.9987930964081146 -0.04911568555452156 0
    outer loop
      vertex 26.77939385175705 17.493339702486992 0
      vertex 26.77939385175705 17.493339702486992 3
      vertex 26.779043197631836 17.50047043710947 3
    endloop
  endfacet
  facet normal -0.9996592002074726 -0.026105237799264592 0
    outer loop
      vertex 26.779580399394035 17.486196152865887 0
      vertex 26.77939385175705 17.493339702486992 3
      vertex 26.77939385175705 17.493339702486992 0
    endloop
  endfacet
  facet normal -0.9996592002074726 -0.026105237799264592 0
    outer loop
      vertex 26.779580399394035 17.486196152865887 0
      vertex 26.779580399394035 17.486196152865887 3
      vertex 26.77939385175705 17.493339702486992 3
    endloop
  endfacet
  facet normal -0.9999952059955867 -0.003096447293928392 0
    outer loop
      vertex 26.77960254997015 17.479042641818523 0
      vertex 26.779580399394035 17.486196152865887 3
      vertex 26.779580399394035 17.486196152865887 0
    endloop
  endfacet
  facet normal -0.9999952059955867 -0.003096447293928392 0
    outer loop
      vertex 26.77960254997015 17.479042641818523 0
      vertex 26.77960254997015 17.479042641818523 3
      vertex 26.779580399394035 17.486196152865887 3
    endloop
  endfacet
  facet normal -0.9998019004523291 0.019903764767272836 0
    outer loop
      vertex 26.77945999801159 17.47188200056553 0
      vertex 26.77960254997015 17.479042641818523 3
      vertex 26.77960254997015 17.479042641818523 0
    endloop
  endfacet
  facet normal -0.9998019004523291 0.019903764767272836 0
    outer loop
      vertex 26.77945999801159 17.47188200056553 0
      vertex 26.77945999801159 17.47188200056553 3
      vertex 26.77960254997015 17.479042641818523 3
    endloop
  endfacet
  facet normal -0.9979351557130404 0.0642294713662647 0
    outer loop
      vertex 26.566679999232292 14.165913000702858 0
      vertex 26.77945999801159 17.47188200056553 3
      vertex 26.77945999801159 17.47188200056553 0
    endloop
  endfacet
  facet normal -0.9979351557130404 0.0642294713662647 0
    outer loop
      vertex 26.566679999232292 14.165913000702858 0
      vertex 26.566679999232292 14.165913000702858 3
      vertex 26.77945999801159 17.47188200056553 3
    endloop
  endfacet
  facet normal -0.9939991186424874 0.10938808041993567 0
    outer loop
      vertex 26.563541941344738 14.137397766113281 0
      vertex 26.566679999232292 14.165913000702858 3
      vertex 26.566679999232292 14.165913000702858 0
    endloop
  endfacet
  facet normal -0.9939991186424874 0.10938808041993567 0
    outer loop
      vertex 26.563541941344738 14.137397766113281 0
      vertex 26.563541941344738 14.137397766113281 3
      vertex 26.566679999232292 14.165913000702858 3
    endloop
  endfacet
  facet normal -0.9798774063687385 0.1996002717635277 0
    outer loop
      vertex 26.557933650910854 14.109865553677082 0
      vertex 26.563541941344738 14.137397766113281 3
      vertex 26.563541941344738 14.137397766113281 0
    endloop
  endfacet
  facet normal -0.9798774063687385 0.1996002717635277 0
    outer loop
      vertex 26.557933650910854 14.109865553677082 0
      vertex 26.557933650910854 14.109865553677082 3
      vertex 26.563541941344738 14.137397766113281 3
    endloop
  endfacet
  facet normal -0.9576985137636196 0.28777344689000445 0
    outer loop
      vertex 26.549983933568 14.08340921252966 0
      vertex 26.557933650910854 14.109865553677082 3
      vertex 26.557933650910854 14.109865553677082 0
    endloop
  endfacet
  facet normal -0.9576985137636196 0.28777344689000445 0
    outer loop
      vertex 26.549983933568 14.08340921252966 0
      vertex 26.549983933568 14.08340921252966 3
      vertex 26.557933650910854 14.109865553677082 3
    endloop
  endfacet
  facet normal -0.9278771523523963 0.3728860283550561 0
    outer loop
      vertex 26.539821602404118 14.058121606707573 0
      vertex 26.549983933568 14.08340921252966 3
      vertex 26.549983933568 14.08340921252966 0
    endloop
  endfacet
  facet normal -0.9278771523523963 0.3728860283550561 0
    outer loop
      vertex 26.539821602404118 14.058121606707573 0
      vertex 26.539821602404118 14.058121606707573 3
      vertex 26.549983933568 14.08340921252966 3
    endloop
  endfacet
  facet normal -0.890942633253694 0.45411587095252876 0
    outer loop
      vertex 26.527575470507145 14.034095577895641 0
      vertex 26.539821602404118 14.058121606707573 3
      vertex 26.539821602404118 14.058121606707573 0
    endloop
  endfacet
  facet normal -0.890942633253694 0.45411587095252876 0
    outer loop
      vertex 26.527575470507145 14.034095577895641 0
      vertex 26.527575470507145 14.034095577895641 3
      vertex 26.539821602404118 14.058121606707573 3
    endloop
  endfacet
  facet normal -0.8474709005295991 0.5308418528672645 0
    outer loop
      vertex 26.513374350965023 14.011423975229263 0
      vertex 26.527575470507145 14.034095577895641 3
      vertex 26.527575470507145 14.034095577895641 0
    endloop
  endfacet
  facet normal -0.8474709005295991 0.5308418528672645 0
    outer loop
      vertex 26.513374350965023 14.011423975229263 0
      vertex 26.513374350965023 14.011423975229263 3
      vertex 26.527575470507145 14.034095577895641 3
    endloop
  endfacet
  facet normal -0.7980275036028392 0.6026210280876535 0
    outer loop
      vertex 26.497347056865692 13.990199655294418 0
      vertex 26.513374350965023 14.011423975229263 3
      vertex 26.513374350965023 14.011423975229263 0
    endloop
  endfacet
  facet normal -0.7980275036028392 0.6026210280876535 0
    outer loop
      vertex 26.497347056865692 13.990199655294418 0
      vertex 26.497347056865692 13.990199655294418 3
      vertex 26.513374350965023 14.011423975229263 3
    endloop
  endfacet
  facet normal -0.7431273097176592 0.6691500590688119 0
    outer loop
      vertex 26.479622401297092 13.970515467226505 0
      vertex 26.497347056865692 13.990199655294418 3
      vertex 26.497347056865692 13.990199655294418 0
    endloop
  endfacet
  facet normal -0.7431273097176592 0.6691500590688119 0
    outer loop
      vertex 26.479622401297092 13.970515467226505 0
      vertex 26.479622401297092 13.970515467226505 3
      vertex 26.497347056865692 13.990199655294418 3
    endloop
  endfacet
  facet normal -0.6832122991543843 0.730219798611473 0
    outer loop
      vertex 26.460329197347164 13.952464252710342 0
      vertex 26.479622401297092 13.970515467226505 3
      vertex 26.479622401297092 13.970515467226505 0
    endloop
  endfacet
  facet normal -0.6832122991543843 0.730219798611473 0
    outer loop
      vertex 26.460329197347164 13.952464252710342 0
      vertex 26.460329197347164 13.952464252710342 3
      vertex 26.479622401297092 13.970515467226505 3
    endloop
  endfacet
  facet normal -0.6186460607902728 0.7856698107148308 0
    outer loop
      vertex 26.439596250653267 13.93613887578249 0
      vertex 26.460329197347164 13.952464252710342 3
      vertex 26.460329197347164 13.952464252710342 0
    endloop
  endfacet
  facet normal -0.6186460607902728 0.7856698107148308 0
    outer loop
      vertex 26.439596250653267 13.93613887578249 0
      vertex 26.439596250653267 13.93613887578249 3
      vertex 26.460329197347164 13.952464252710342 3
    endloop
  endfacet
  facet normal -0.5497263153861216 0.8353448259084378 0
    outer loop
      vertex 26.41755238175392 13.921632178127766 0
      vertex 26.439596250653267 13.93613887578249 3
      vertex 26.439596250653267 13.93613887578249 0
    endloop
  endfacet
  facet normal -0.5497263153861216 0.8353448259084378 0
    outer loop
      vertex 26.41755238175392 13.921632178127766 0
      vertex 26.41755238175392 13.921632178127766 3
      vertex 26.439596250653267 13.93613887578249 3
    endloop
  endfacet
  facet normal -0.4767050499814358 0.8790633056397001 0
    outer loop
      vertex 26.394326396286488 13.90903701633215 0
      vertex 26.41755238175392 13.921632178127766 3
      vertex 26.41755238175392 13.921632178127766 0
    endloop
  endfacet
  facet normal -0.4767050499814358 0.8790633056397001 0
    outer loop
      vertex 26.394326396286488 13.90903701633215 0
      vertex 26.394326396286488 13.90903701633215 3
      vertex 26.41755238175392 13.921632178127766 3
    endloop
  endfacet
  facet normal -0.39982344976195483 0.916592171590206 0
    outer loop
      vertex 26.370047122240067 13.89844623953104 0
      vertex 26.394326396286488 13.90903701633215 3
      vertex 26.394326396286488 13.90903701633215 0
    endloop
  endfacet
  facet normal -0.39982344976195483 0.916592171590206 0
    outer loop
      vertex 26.370047122240067 13.89844623953104 0
      vertex 26.370047122240067 13.89844623953104 3
      vertex 26.394326396286488 13.90903701633215 3
    endloop
  endfacet
  facet normal -0.3193491602460165 0.9476371213973016 0
    outer loop
      vertex 26.344843350350857 13.889952689409256 0
      vertex 26.370047122240067 13.89844623953104 3
      vertex 26.370047122240067 13.89844623953104 0
    endloop
  endfacet
  facet normal -0.3193491602460165 0.9476371213973016 0
    outer loop
      vertex 26.344843350350857 13.889952689409256 0
      vertex 26.344843350350857 13.889952689409256 3
      vertex 26.370047122240067 13.89844623953104 3
    endloop
  endfacet
  facet normal -0.23561968980720657 0.9718453384027501 0
    outer loop
      vertex 26.31884390860796 13.883649237453938 0
      vertex 26.344843350350857 13.889952689409256 3
      vertex 26.344843350350857 13.889952689409256 0
    endloop
  endfacet
  facet normal -0.23561968980720657 0.9718453384027501 0
    outer loop
      vertex 26.31884390860796 13.883649237453938 0
      vertex 26.31884390860796 13.883649237453938 3
      vertex 26.344843350350857 13.889952689409256 3
    endloop
  endfacet
  facet normal -0.14908679360680724 0.9888241137695021 0
    outer loop
      vertex 26.292177602648735 13.879628710448742 0
      vertex 26.31884390860796 13.883649237453938 3
      vertex 26.31884390860796 13.883649237453938 0
    endloop
  endfacet
  facet normal -0.14908679360680724 0.9888241137695021 0
    outer loop
      vertex 26.292177602648735 13.879628710448742 0
      vertex 26.292177602648735 13.879628710448742 3
      vertex 26.31884390860796 13.883649237453938 3
    endloop
  endfacet
  facet normal -0.060348158879930294 0.9981773889042982 0
    outer loop
      vertex 26.264973245561123 13.87798397988081 0
      vertex 26.292177602648735 13.879628710448742 3
      vertex 26.292177602648735 13.879628710448742 0
    endloop
  endfacet
  facet normal -0.060348158879930294 0.9981773889042982 0
    outer loop
      vertex 26.264973245561123 13.87798397988081 0
      vertex 26.264973245561123 13.87798397988081 3
      vertex 26.292177602648735 13.879628710448742 3
    endloop
  endfacet
  facet normal 0.0298234841678554 0.9995551809640574 0
    outer loop
      vertex 26.237359650433064 13.878807879984379 0
      vertex 26.264973245561123 13.87798397988081 3
      vertex 26.264973245561123 13.87798397988081 0
    endloop
  endfacet
  facet normal 0.0298234841678554 0.9995551809640574 0
    outer loop
      vertex 26.237359650433064 13.878807879984379 0
      vertex 26.237359650433064 13.878807879984379 3
      vertex 26.264973245561123 13.87798397988081 3
    endloop
  endfacet
  facet normal 0.12048197244092777 0.9927155152996973 0
    outer loop
      vertex 26.209465630352497 13.882193267345428 0
      vertex 26.237359650433064 13.878807879984379 3
      vertex 26.237359650433064 13.878807879984379 0
    endloop
  endfacet
  facet normal 0.12048197244092777 0.9927155152996973 0
    outer loop
      vertex 26.209465630352497 13.882193267345428 0
      vertex 26.209465630352497 13.882193267345428 3
      vertex 26.237359650433064 13.878807879984379 3
    endloop
  endfacet
  facet normal 0.2105272130882369 0.9775879973431038 0
    outer loop
      vertex 26.181419998407364 13.888232998549938 0
      vertex 26.209465630352497 13.882193267345428 3
      vertex 26.209465630352497 13.882193267345428 0
    endloop
  endfacet
  facet normal 0.2105272130882369 0.9775879973431038 0
    outer loop
      vertex 26.181419998407364 13.888232998549938 0
      vertex 26.181419998407364 13.888232998549938 3
      vertex 26.209465630352497 13.882193267345428 3
    endloop
  endfacet
  facet normal 0.25807207692427886 0.9661256663146826 0
    outer loop
      vertex 22.86235000193119 14.774824999272823 0
      vertex 26.181419998407364 13.888232998549938 3
      vertex 26.181419998407364 13.888232998549938 0
    endloop
  endfacet
  facet normal 0.25807207692427886 0.9661256663146826 0
    outer loop
      vertex 22.86235000193119 14.774824999272823 0
      vertex 22.86235000193119 14.774824999272823 3
      vertex 26.181419998407364 13.888232998549938 3
    endloop
  endfacet
  facet normal 0.30517854139033795 0.9522951527099494 0
    outer loop
      vertex 22.83154109120369 14.784698218107224 0
      vertex 22.86235000193119 14.774824999272823 3
      vertex 22.86235000193119 14.774824999272823 0
    endloop
  endfacet
  facet normal 0.30517854139033795 0.9522951527099494 0
    outer loop
      vertex 22.83154109120369 14.784698218107224 0
      vertex 22.83154109120369 14.784698218107224 3
      vertex 22.86235000193119 14.774824999272823 3
    endloop
  endfacet
  facet normal 0.40065607299758194 0.9162285256256522 0
    outer loop
      vertex 22.802677646279335 14.797319866716862 0
      vertex 22.83154109120369 14.784698218107224 3
      vertex 22.83154109120369 14.784698218107224 0
    endloop
  endfacet
  facet normal 0.40065607299758194 0.9162285256256522 0
    outer loop
      vertex 22.802677646279335 14.797319866716862 0
      vertex 22.802677646279335 14.797319866716862 3
      vertex 22.83154109120369 14.784698218107224 3
    endloop
  endfacet
  facet normal 0.4917775435661822 0.8707208781486818 0
    outer loop
      vertex 22.77583058178425 14.812482915818691 0
      vertex 22.802677646279335 14.797319866716862 3
      vertex 22.802677646279335 14.797319866716862 0
    endloop
  endfacet
  facet normal 0.4917775435661822 0.8707208781486818 0
    outer loop
      vertex 22.77583058178425 14.812482915818691 0
      vertex 22.77583058178425 14.812482915818691 3
      vertex 22.802677646279335 14.797319866716862 3
    endloop
  endfacet
  facet normal 0.5771219223859688 0.8166579986147957 0
    outer loop
      vertex 22.75107079744339 14.829980343580246 0
      vertex 22.77583058178425 14.812482915818691 3
      vertex 22.77583058178425 14.812482915818691 0
    endloop
  endfacet
  facet normal 0.5771219223859688 0.8166579986147957 0
    outer loop
      vertex 22.75107079744339 14.829980343580246 0
      vertex 22.75107079744339 14.829980343580246 3
      vertex 22.77583058178425 14.812482915818691 3
    endloop
  endfacet
  facet normal 0.6556313245862986 0.7550811653201367 0
    outer loop
      vertex 22.72846921533346 14.84960512816906 0
      vertex 22.75107079744339 14.829980343580246 3
      vertex 22.75107079744339 14.829980343580246 0
    endloop
  endfacet
  facet normal 0.6556313245862986 0.7550811653201367 0
    outer loop
      vertex 22.72846921533346 14.84960512816906 0
      vertex 22.72846921533346 14.84960512816906 3
      vertex 22.75107079744339 14.829980343580246 3
    endloop
  endfacet
  facet normal 0.7266037535265553 0.6870567555603546 0
    outer loop
      vertex 22.708096750080585 14.871150232851505 0
      vertex 22.72846921533346 14.84960512816906 3
      vertex 22.72846921533346 14.84960512816906 0
    endloop
  endfacet
  facet normal 0.7266037535265553 0.6870567555603546 0
    outer loop
      vertex 22.708096750080585 14.871150232851505 0
      vertex 22.708096750080585 14.871150232851505 3
      vertex 22.72846921533346 14.84960512816906 3
    endloop
  endfacet
  facet normal 0.7896390607611521 0.6135716369913504 0
    outer loop
      vertex 22.690024308860302 14.894408650696278 0
      vertex 22.708096750080585 14.871150232851505 3
      vertex 22.708096750080585 14.871150232851505 0
    endloop
  endfacet
  facet normal 0.7896390607611521 0.6135716369913504 0
    outer loop
      vertex 22.690024308860302 14.894408650696278 0
      vertex 22.690024308860302 14.894408650696278 3
      vertex 22.708096750080585 14.871150232851505 3
    endloop
  endfacet
  facet normal 0.8445538440824172 0.5354706382665742 0
    outer loop
      vertex 22.674322798848152 14.91917335242033 0
      vertex 22.690024308860302 14.894408650696278 3
      vertex 22.690024308860302 14.894408650696278 0
    endloop
  endfacet
  facet normal 0.8445538440824172 0.5354706382665742 0
    outer loop
      vertex 22.674322798848152 14.91917335242033 0
      vertex 22.674322798848152 14.91917335242033 3
      vertex 22.690024308860302 14.894408650696278 3
    endloop
  endfacet
  facet normal 0.8912911963429014 0.45343136561296626 0
    outer loop
      vertex 22.661063142120838 14.945237308740616 0
      vertex 22.674322798848152 14.91917335242033 3
      vertex 22.674322798848152 14.91917335242033 0
    endloop
  endfacet
  facet normal 0.8912911963429014 0.45343136561296626 0
    outer loop
      vertex 22.661063142120838 14.945237308740616 0
      vertex 22.661063142120838 14.945237308740616 3
      vertex 22.674322798848152 14.91917335242033 3
    endloop
  endfacet
  facet normal 0.9298351544364958 0.36797633833448845 0
    outer loop
      vertex 22.65031625330448 14.972393497824669 0
      vertex 22.661063142120838 14.945237308740616 3
      vertex 22.661063142120838 14.945237308740616 0
    endloop
  endfacet
  facet normal 0.9298351544364958 0.36797633833448845 0
    outer loop
      vertex 22.65031625330448 14.972393497824669 0
      vertex 22.65031625330448 14.972393497824669 3
      vertex 22.661063142120838 14.945237308740616 3
    endloop
  endfacet
  facet normal 0.9601427219680034 0.27951020276883154 0
    outer loop
      vertex 22.642153032124043 15.000434897840023 0
      vertex 22.65031625330448 14.972393497824669 3
      vertex 22.65031625330448 14.972393497824669 0
    endloop
  endfacet
  facet normal 0.9601427219680034 0.27951020276883154 0
    outer loop
      vertex 22.642153032124043 15.000434897840023 0
      vertex 22.642153032124043 15.000434897840023 3
      vertex 22.65031625330448 14.972393497824669 3
    endloop
  endfacet
  facet normal 0.9820974395072641 0.1883736162876206 0
    outer loop
      vertex 22.636644400656223 15.029154486954212 0
      vertex 22.642153032124043 15.000434897840023 3
      vertex 22.642153032124043 15.000434897840023 0
    endloop
  endfacet
  facet normal 0.9820974395072641 0.1883736162876206 0
    outer loop
      vertex 22.636644400656223 15.029154486954212 0
      vertex 22.636644400656223 15.029154486954212 3
      vertex 22.642153032124043 15.000434897840023 3
    endloop
  endfacet
  facet normal 0.9954856075518658 0.09491261853459064 0
    outer loop
      vertex 22.633861266076565 15.05834523588419 0
      vertex 22.636644400656223 15.029154486954212 3
      vertex 22.636644400656223 15.029154486954212 0
    endloop
  endfacet
  facet normal 0.9954856075518658 0.09491261853459064 0
    outer loop
      vertex 22.633861266076565 15.05834523588419 0
      vertex 22.633861266076565 15.05834523588419 3
      vertex 22.636644400656223 15.029154486954212 3
    endloop
  endfacet
  facet normal 0.9999998982959755 -0.0004510078036402693 0
    outer loop
      vertex 22.63387455046177 15.08780012279749 0
      vertex 22.633861266076565 15.05834523588419 3
      vertex 22.633861266076565 15.05834523588419 0
    endloop
  endfacet
  facet normal 0.9999998982959755 -0.0004510078036402693 0
    outer loop
      vertex 22.63387455046177 15.08780012279749 0
      vertex 22.63387455046177 15.08780012279749 3
      vertex 22.633861266076565 15.05834523588419 3
    endloop
  endfacet
  facet normal 0.9952701245890213 -0.09714617388530473 0
    outer loop
      vertex 22.636755153536797 15.117312125861645 0
      vertex 22.63387455046177 15.08780012279749 3
      vertex 22.63387455046177 15.08780012279749 0
    endloop
  endfacet
  facet normal 0.9952701245890213 -0.09714617388530473 0
    outer loop
      vertex 22.636755153536797 15.117312125861645 0
      vertex 22.636755153536797 15.117312125861645 3
      vertex 22.63387455046177 15.08780012279749 3
    endloop
  endfacet
  facet normal 0.9809233569169108 -0.1943948761023783 0
    outer loop
      vertex 22.64257399737835 15.14667421579361 0
      vertex 22.636755153536797 15.117312125861645 3
      vertex 22.636755153536797 15.117312125861645 0
    endloop
  endfacet
  facet normal 0.9809233569169108 -0.1943948761023783 0
    outer loop
      vertex 22.64257399737835 15.14667421579361 0
      vertex 22.64257399737835 15.14667421579361 3
      vertex 22.636755153536797 15.117312125861645 3
    endloop
  endfacet
  facet normal 0.9566707257060273 -0.29117198109897685 0
    outer loop
      vertex 22.65140199661255 15.175679370760918 0
      vertex 22.64257399737835 15.14667421579361 3
      vertex 22.64257399737835 15.14667421579361 0
    endloop
  endfacet
  facet normal 0.9566707257060273 -0.29117198109897685 0
    outer loop
      vertex 22.65140199661255 15.175679370760918 0
      vertex 22.65140199661255 15.175679370760918 3
      vertex 22.64257399737835 15.14667421579361 3
    endloop
  endfacet
  facet normal 0.9224128391535199 -0.38620532643238176 0
    outer loop
      vertex 22.663310050964355 15.204120568931103 0
      vertex 22.65140199661255 15.175679370760918 3
      vertex 22.65140199661255 15.175679370760918 0
    endloop
  endfacet
  facet normal 0.9224128391535199 -0.38620532643238176 0
    outer loop
      vertex 22.663310050964355 15.204120568931103 0
      vertex 22.663310050964355 15.204120568931103 3
      vertex 22.65140199661255 15.175679370760918 3
    endloop
  endfacet
  facet normal 0.8783464287644658 -0.47802463438269505 0
    outer loop
      vertex 22.67836908251047 15.231790788471699 0
      vertex 22.663310050964355 15.204120568931103 3
      vertex 22.663310050964355 15.204120568931103 0
    endloop
  endfacet
  facet normal 0.8783464287644658 -0.47802463438269505 0
    outer loop
      vertex 22.67836908251047 15.231790788471699 0
      vertex 22.67836908251047 15.231790788471699 3
      vertex 22.663310050964355 15.204120568931103 3
    endloop
  endfacet
  facet normal 0.8250504226088242 -0.5650591120873997 0
    outer loop
      vertex 22.696649998426437 15.258483000099659 0
      vertex 22.67836908251047 15.231790788471699 3
      vertex 22.67836908251047 15.231790788471699 0
    endloop
  endfacet
  facet normal 0.8250504226088242 -0.5650591120873997 0
    outer loop
      vertex 22.696649998426437 15.258483000099659 0
      vertex 22.696649998426437 15.258483000099659 3
      vertex 22.67836908251047 15.231790788471699 3
    endloop
  endfacet
  facet normal 0.7965869013838172 -0.6045240347113824 0
    outer loop
      vertex 24.81785999983549 18.053621001541615 0
      vertex 22.696649998426437 15.258483000099659 3
      vertex 22.696649998426437 15.258483000099659 0
    endloop
  endfacet
  facet normal 0.7965869013838172 -0.6045240347113824 0
    outer loop
      vertex 24.81785999983549 18.053621001541615 0
      vertex 24.81785999983549 18.053621001541615 3
      vertex 22.696649998426437 15.258483000099659 3
    endloop
  endfacet
  facet normal 0.783162397021563 -0.621817223861996 0
    outer loop
      vertex 24.820460215210915 18.056895904242992 0
      vertex 24.81785999983549 18.053621001541615 3
      vertex 24.81785999983549 18.053621001541615 0
    endloop
  endfacet
  facet normal 0.783162397021563 -0.621817223861996 0
    outer loop
      vertex 24.820460215210915 18.056895904242992 0
      vertex 24.820460215210915 18.056895904242992 3
      vertex 24.81785999983549 18.053621001541615 3
    endloop
  endfacet
  facet normal 0.7748487653965609 -0.6321466528926853 0
    outer loop
      vertex 24.823100700974464 18.060132458806038 0
      vertex 24.820460215210915 18.056895904242992 3
      vertex 24.820460215210915 18.056895904242992 0
    endloop
  endfacet
  facet normal 0.7748487653965609 -0.6321466528926853 0
    outer loop
      vertex 24.823100700974464 18.060132458806038 0
      vertex 24.823100700974464 18.060132458806038 3
      vertex 24.820460215210915 18.056895904242992 3
    endloop
  endfacet
  facet normal 0.766381230419109 -0.6423860285383645 0
    outer loop
      vertex 24.825781241059303 18.06333040446043 0
      vertex 24.823100700974464 18.060132458806038 3
      vertex 24.823100700974464 18.060132458806038 0
    endloop
  endfacet
  facet normal 0.766381230419109 -0.6423860285383645 0
    outer loop
      vertex 24.825781241059303 18.06333040446043 0
      vertex 24.825781241059303 18.06333040446043 3
      vertex 24.823100700974464 18.060132458806038 3
    endloop
  endfacet
  facet normal 0.7577639911681978 -0.6525287225010433 0
    outer loop
      vertex 24.828501597046852 18.06648948043585 0
      vertex 24.825781241059303 18.06333040446043 3
      vertex 24.825781241059303 18.06333040446043 0
    endloop
  endfacet
  facet normal 0.7577639911681978 -0.6525287225010433 0
    outer loop
      vertex 24.828501597046852 18.06648948043585 0
      vertex 24.828501597046852 18.06648948043585 3
      vertex 24.825781241059303 18.06333040446043 3
    endloop
  endfacet
  facet normal 0.748996767329518 -0.6625736506456711 0
    outer loop
      vertex 24.831261560320854 18.069609440863132 0
      vertex 24.828501597046852 18.06648948043585 3
      vertex 24.828501597046852 18.06648948043585 0
    endloop
  endfacet
  facet normal 0.748996767329518 -0.6625736506456711 0
    outer loop
      vertex 24.831261560320854 18.069609440863132 0
      vertex 24.831261560320854 18.069609440863132 3
      vertex 24.828501597046852 18.06648948043585 3
    endloop
  endfacet
  facet normal 0.7400817130970283 -0.6725169573619447 0
    outer loop
      vertex 24.83406089991331 18.07269001752138 0
      vertex 24.831261560320854 18.069609440863132 3
      vertex 24.831261560320854 18.069609440863132 0
    endloop
  endfacet
  facet normal 0.7400817130970283 -0.6725169573619447 0
    outer loop
      vertex 24.83406089991331 18.07269001752138 0
      vertex 24.83406089991331 18.07269001752138 3
      vertex 24.831261560320854 18.069609440863132 3
    endloop
  endfacet
  facet normal 0.731023998253123 -0.6823517523814371 0
    outer loop
      vertex 24.836899384856224 18.075730971992016 0
      vertex 24.83406089991331 18.07269001752138 3
      vertex 24.83406089991331 18.07269001752138 0
    endloop
  endfacet
  facet normal 0.731023998253123 -0.6823517523814371 0
    outer loop
      vertex 24.836899384856224 18.075730971992016 0
      vertex 24.836899384856224 18.075730971992016 3
      vertex 24.83406089991331 18.07269001752138 3
    endloop
  endfacet
  facet normal 0.7218214903446977 -0.6920792845307245 0
    outer loop
      vertex 24.839776799082756 18.078732043504715 0
      vertex 24.836899384856224 18.075730971992016 3
      vertex 24.836899384856224 18.075730971992016 0
    endloop
  endfacet
  facet normal 0.7218214903446977 -0.6920792845307245 0
    outer loop
      vertex 24.839776799082756 18.078732043504715 0
      vertex 24.839776799082756 18.078732043504715 3
      vertex 24.836899384856224 18.075730971992016 3
    endloop
  endfacet
  facet normal 0.7124772114666212 -0.7016952494785378 0
    outer loop
      vertex 24.84269291162491 18.081692963838577 0
      vertex 24.839776799082756 18.078732043504715 3
      vertex 24.839776799082756 18.078732043504715 0
    endloop
  endfacet
  facet normal 0.7124772114666212 -0.7016952494785378 0
    outer loop
      vertex 24.84269291162491 18.081692963838577 0
      vertex 24.84269291162491 18.081692963838577 3
      vertex 24.839776799082756 18.078732043504715 3
    endloop
  endfacet
  facet normal 0.7029969544109927 -0.7111928585755545 0
    outer loop
      vertex 24.845647498965263 18.084613502025604 0
      vertex 24.84269291162491 18.081692963838577 3
      vertex 24.84269291162491 18.081692963838577 0
    endloop
  endfacet
  facet normal 0.7029969544109927 -0.7111928585755545 0
    outer loop
      vertex 24.845647498965263 18.084613502025604 0
      vertex 24.845647498965263 18.084613502025604 3
      vertex 24.84269291162491 18.081692963838577 3
    endloop
  endfacet
  facet normal 0.6933777533900504 -0.7205742786859426 0
    outer loop
      vertex 24.848640337586403 18.087493382394314 0
      vertex 24.845647498965263 18.084613502025604 3
      vertex 24.845647498965263 18.084613502025604 0
    endloop
  endfacet
  facet normal 0.6933777533900504 -0.7205742786859426 0
    outer loop
      vertex 24.848640337586403 18.087493382394314 0
      vertex 24.848640337586403 18.087493382394314 3
      vertex 24.845647498965263 18.084613502025604 3
    endloop
  endfacet
  facet normal 0.6836266162463553 -0.7298319324060564 0
    outer loop
      vertex 24.85167119652033 18.090332359075546 0
      vertex 24.848640337586403 18.087493382394314 3
      vertex 24.848640337586403 18.087493382394314 0
    endloop
  endfacet
  facet normal 0.6836266162463553 -0.7298319324060564 0
    outer loop
      vertex 24.85167119652033 18.090332359075546 0
      vertex 24.85167119652033 18.090332359075546 3
      vertex 24.848640337586403 18.087493382394314 3
    endloop
  endfacet
  facet normal 0.6737434552987304 -0.7389653283085261 0
    outer loop
      vertex 24.854739859700203 18.09313017874956 0
      vertex 24.85167119652033 18.090332359075546 3
      vertex 24.85167119652033 18.090332359075546 0
    endloop
  endfacet
  facet normal 0.6737434552987304 -0.7389653283085261 0
    outer loop
      vertex 24.854739859700203 18.09313017874956 0
      vertex 24.854739859700203 18.09313017874956 3
      vertex 24.85167119652033 18.090332359075546 3
    endloop
  endfacet
  facet normal 0.6637308752732795 -0.7479714735262077 0
    outer loop
      vertex 24.85784610360861 18.095886580646038 0
      vertex 24.854739859700203 18.09313017874956 3
      vertex 24.854739859700203 18.09313017874956 0
    endloop
  endfacet
  facet normal 0.6637308752732795 -0.7479714735262077 0
    outer loop
      vertex 24.85784610360861 18.095886580646038 0
      vertex 24.85784610360861 18.095886580646038 3
      vertex 24.854739859700203 18.09313017874956 3
    endloop
  endfacet
  facet normal 0.6535944172590861 -0.7568449892334332 0
    outer loop
      vertex 24.860989689826965 18.098601311445236 0
      vertex 24.85784610360861 18.095886580646038 3
      vertex 24.85784610360861 18.095886580646038 0
    endloop
  endfacet
  facet normal 0.6535944172590861 -0.7568449892334332 0
    outer loop
      vertex 24.860989689826965 18.098601311445236 0
      vertex 24.860989689826965 18.098601311445236 3
      vertex 24.85784610360861 18.095886580646038 3
    endloop
  endfacet
  facet normal 0.643334313359806 -0.7655853716300142 0
    outer loop
      vertex 24.864170402288437 18.101274117827415 0
      vertex 24.860989689826965 18.098601311445236 3
      vertex 24.860989689826965 18.098601311445236 0
    endloop
  endfacet
  facet normal 0.643334313359806 -0.7655853716300142 0
    outer loop
      vertex 24.864170402288437 18.101274117827415 0
      vertex 24.864170402288437 18.101274117827415 3
      vertex 24.860989689826965 18.098601311445236 3
    endloop
  endfacet
  facet normal 0.632955329441989 -0.7741883174854701 0
    outer loop
      vertex 24.867388010025024 18.103904746472836 0
      vertex 24.864170402288437 18.101274117827415 3
      vertex 24.864170402288437 18.101274117827415 0
    endloop
  endfacet
  facet normal 0.632955329441989 -0.7741883174854701 0
    outer loop
      vertex 24.867388010025024 18.103904746472836 0
      vertex 24.867388010025024 18.103904746472836 3
      vertex 24.864170402288437 18.101274117827415 3
    endloop
  endfacet
  facet normal 0.6224576916908166 -0.7826534495259958 0
    outer loop
      vertex 24.87064229696989 18.106492936611176 0
      vertex 24.867388010025024 18.103904746472836 3
      vertex 24.867388010025024 18.103904746472836 0
    endloop
  endfacet
  facet normal 0.6224576916908166 -0.7826534495259958 0
    outer loop
      vertex 24.87064229696989 18.106492936611176 0
      vertex 24.87064229696989 18.106492936611176 3
      vertex 24.867388010025024 18.103904746472836 3
    endloop
  endfacet
  facet normal 0.6118476281307302 -0.7909756506687167 0
    outer loop
      vertex 24.873933039605618 18.109038442373276 0
      vertex 24.87064229696989 18.106492936611176 3
      vertex 24.87064229696989 18.106492936611176 0
    endloop
  endfacet
  facet normal 0.6118476281307302 -0.7909756506687167 0
    outer loop
      vertex 24.873933039605618 18.109038442373276 0
      vertex 24.873933039605618 18.109038442373276 3
      vertex 24.87064229696989 18.106492936611176 3
    endloop
  endfacet
  facet normal 0.6011278958973184 -0.7991528344278476 0
    outer loop
      vertex 24.877259999513626 18.111541002988815 0
      vertex 24.873933039605618 18.109038442373276 3
      vertex 24.873933039605618 18.109038442373276 0
    endloop
  endfacet
  facet normal 0.6011278958973184 -0.7991528344278476 0
    outer loop
      vertex 24.877259999513626 18.111541002988815 0
      vertex 24.877259999513626 18.111541002988815 3
      vertex 24.873933039605618 18.109038442373276 3
    endloop
  endfacet
  facet normal 0.2592922137141181 0.9657989169113993 0
    outer loop
      vertex 22.713689997792244 18.692404001951218 0
      vertex 24.877259999513626 18.111541002988815 3
      vertex 24.877259999513626 18.111541002988815 0
    endloop
  endfacet
  facet normal 0.2592922137141181 0.9657989169113993 0
    outer loop
      vertex 22.713689997792244 18.692404001951218 0
      vertex 22.713689997792244 18.692404001951218 3
      vertex 24.877259999513626 18.111541002988815 3
    endloop
  endfacet
  facet normal -0.9253252068207651 0.37917444748045487 0
    outer loop
      vertex 22.51872481405735 18.216617196798325 0
      vertex 22.713689997792244 18.692404001951218 3
      vertex 22.713689997792244 18.692404001951218 0
    endloop
  endfacet
  facet normal -0.9253252068207651 0.37917444748045487 0
    outer loop
      vertex 22.51872481405735 18.216617196798325 0
      vertex 22.51872481405735 18.216617196798325 3
      vertex 22.713689997792244 18.692404001951218 3
    endloop
  endfacet
  facet normal -0.9225508292855977 0.3858755853697612 0
    outer loop
      vertex 22.31817550212145 17.73714417219162 0
      vertex 22.51872481405735 18.216617196798325 3
      vertex 22.51872481405735 18.216617196798325 0
    endloop
  endfacet
  facet normal -0.9225508292855977 0.3858755853697612 0
    outer loop
      vertex 22.31817550212145 17.73714417219162 0
      vertex 22.31817550212145 17.73714417219162 3
      vertex 22.51872481405735 18.216617196798325 3
    endloop
  endfacet
  facet normal -0.919733549934172 0.39254324236380117 0
    outer loop
      vertex 22.111931435763836 17.253911837935448 0
      vertex 22.31817550212145 17.73714417219162 3
      vertex 22.31817550212145 17.73714417219162 0
    endloop
  endfacet
  facet normal -0.919733549934172 0.39254324236380117 0
    outer loop
      vertex 22.111931435763836 17.253911837935448 0
      vertex 22.111931435763836 17.253911837935448 3
      vertex 22.31817550212145 17.73714417219162 3
    endloop
  endfacet
  facet normal -0.9168757288271353 0.3991727669665221 0
    outer loop
      vertex 21.89988200366497 16.766847103834152 0
      vertex 22.111931435763836 17.253911837935448 3
      vertex 22.111931435763836 17.253911837935448 0
    endloop
  endfacet
  facet normal -0.9168757288271353 0.3991727669665221 0
    outer loop
      vertex 21.89988200366497 16.766847103834152 0
      vertex 21.89988200366497 16.766847103834152 3
      vertex 22.111931435763836 17.253911837935448 3
    endloop
  endfacet
  facet normal -0.9139797351213368 0.40575983510881314 0
    outer loop
      vertex 21.681916564702988 16.27587688714266 0
      vertex 21.89988200366497 16.766847103834152 3
      vertex 21.89988200366497 16.766847103834152 0
    endloop
  endfacet
  facet normal -0.9139797351213368 0.40575983510881314 0
    outer loop
      vertex 21.681916564702988 16.27587688714266 0
      vertex 21.681916564702988 16.27587688714266 3
      vertex 21.89988200366497 16.766847103834152 3
    endloop
  endfacet
  facet normal -0.9110480063503029 0.41230029120185996 0
    outer loop
      vertex 21.457924500107765 15.780928112566471 0
      vertex 21.681916564702988 16.27587688714266 3
      vertex 21.681916564702988 16.27587688714266 0
    endloop
  endfacet
  facet normal -0.9110480063503029 0.41230029120185996 0
    outer loop
      vertex 21.457924500107765 15.780928112566471 0
      vertex 21.457924500107765 15.780928112566471 3
      vertex 21.681916564702988 16.27587688714266 3
    endloop
  endfacet
  facet normal -0.9080829973908047 0.4187902456477845 0
    outer loop
      vertex 21.22779519110918 15.281927682459354 0
      vertex 21.457924500107765 15.780928112566471 3
      vertex 21.457924500107765 15.780928112566471 0
    endloop
  endfacet
  facet normal -0.9080829973908047 0.4187902456477845 0
    outer loop
      vertex 21.22779519110918 15.281927682459354 0
      vertex 21.22779519110918 15.281927682459354 3
      vertex 21.457924500107765 15.780928112566471 3
    endloop
  endfacet
  facet normal -0.9050871504534811 0.42522611641807456 0
    outer loop
      vertex 20.99141799658537 14.778802514076233 0
      vertex 21.22779519110918 15.281927682459354 3
      vertex 21.22779519110918 15.281927682459354 0
    endloop
  endfacet
  facet normal -0.9050871504534811 0.42522611641807456 0
    outer loop
      vertex 20.99141799658537 14.778802514076233 0
      vertex 20.99141799658537 14.778802514076233 3
      vertex 21.22779519110918 15.281927682459354 3
    endloop
  endfacet
  facet normal -0.9020629592784237 0.43160446881126324 0
    outer loop
      vertex 20.74868231266737 14.271479524672031 0
      vertex 20.99141799658537 14.778802514076233 3
      vertex 20.99141799658537 14.778802514076233 0
    endloop
  endfacet
  facet normal -0.9020629592784237 0.43160446881126324 0
    outer loop
      vertex 20.74868231266737 14.271479524672031 0
      vertex 20.74868231266737 14.271479524672031 3
      vertex 20.99141799658537 14.778802514076233 3
    endloop
  endfacet
  facet normal -0.8990128659343263 0.437922215564076 0
    outer loop
      vertex 20.49947749823332 13.759885624051094 0
      vertex 20.74868231266737 14.271479524672031 3
      vertex 20.74868231266737 14.271479524672031 0
    endloop
  endfacet
  facet normal -0.8990128659343263 0.437922215564076 0
    outer loop
      vertex 20.49947749823332 13.759885624051094 0
      vertex 20.49947749823332 13.759885624051094 3
      vertex 20.74868231266737 14.271479524672031 3
    endloop
  endfacet
  facet normal -0.8959393357478105 0.4441764364076198 0
    outer loop
      vertex 20.243692934513092 13.243947736918926 0
      vertex 20.49947749823332 13.759885624051094 3
      vertex 20.49947749823332 13.759885624051094 0
    endloop
  endfacet
  facet normal -0.8959393357478105 0.4441764364076198 0
    outer loop
      vertex 20.243692934513092 13.243947736918926 0
      vertex 20.243692934513092 13.243947736918926 3
      vertex 20.49947749823332 13.759885624051094 3
    endloop
  endfacet
  facet normal -0.8928448132080805 0.4503644518913853 0
    outer loop
      vertex 19.98121800273657 12.723592765629292 0
      vertex 20.243692934513092 13.243947736918926 3
      vertex 20.243692934513092 13.243947736918926 0
    endloop
  endfacet
  facet normal -0.8928448132080805 0.4503644518913853 0
    outer loop
      vertex 19.98121800273657 12.723592765629292 0
      vertex 19.98121800273657 12.723592765629292 3
      vertex 20.243692934513092 13.243947736918926 3
    endloop
  endfacet
  facet normal -0.8897316870964119 0.45648387154046594 0
    outer loop
      vertex 19.711942061781883 12.198747634887695 0
      vertex 19.98121800273657 12.723592765629292 3
      vertex 19.98121800273657 12.723592765629292 0
    endloop
  endfacet
  facet normal -0.8897316870964119 0.45648387154046594 0
    outer loop
      vertex 19.711942061781883 12.198747634887695 0
      vertex 19.711942061781883 12.198747634887695 3
      vertex 19.98121800273657 12.723592765629292 3
    endloop
  endfacet
  facet normal -0.8866023608499763 0.4625324353331866 0
    outer loop
      vertex 19.435754500329494 11.669339261949062 0
      vertex 19.711942061781883 12.198747634887695 3
      vertex 19.711942061781883 12.198747634887695 0
    endloop
  endfacet
  facet normal -0.8866023608499763 0.4625324353331866 0
    outer loop
      vertex 19.435754500329494 11.669339261949062 0
      vertex 19.435754500329494 11.669339261949062 3
      vertex 19.711942061781883 12.198747634887695 3
    endloop
  endfacet
  facet normal -0.8834591672901628 0.46850816399607387 0
    outer loop
      vertex 19.15254468470812 11.135294549167156 0
      vertex 19.435754500329494 11.669339261949062 3
      vertex 19.435754500329494 11.669339261949062 0
    endloop
  endfacet
  facet normal -0.8834591672901628 0.46850816399607387 0
    outer loop
      vertex 19.15254468470812 11.135294549167156 0
      vertex 19.15254468470812 11.135294549167156 3
      vertex 19.435754500329494 11.669339261949062 3
    endloop
  endfacet
  facet normal -0.8803044161663391 0.4744092483057648 0
    outer loop
      vertex 18.862202003598213 10.596540413796902 0
      vertex 19.15254468470812 11.135294549167156 3
      vertex 19.15254468470812 11.135294549167156 0
    endloop
  endfacet
  facet normal -0.8803044161663391 0.4744092483057648 0
    outer loop
      vertex 18.862202003598213 10.596540413796902 0
      vertex 18.862202003598213 10.596540413796902 3
      vertex 19.15254468470812 11.135294549167156 3
    endloop
  endfacet
  facet normal -0.8771403359439577 0.48023414191425523 0
    outer loop
      vertex 18.564615815877914 10.053003780543804 0
      vertex 18.862202003598213 10.596540413796902 3
      vertex 18.862202003598213 10.596540413796902 0
    endloop
  endfacet
  facet normal -0.8771403359439577 0.48023414191425523 0
    outer loop
      vertex 18.564615815877914 10.053003780543804 0
      vertex 18.564615815877914 10.053003780543804 3
      vertex 18.862202003598213 10.596540413796902 3
    endloop
  endfacet
  facet normal -0.8739691463747529 0.48598141032861103 0
    outer loop
      vertex 18.2596755027771 9.504611559212208 0
      vertex 18.564615815877914 10.053003780543804 3
      vertex 18.564615815877914 10.053003780543804 0
    endloop
  endfacet
  facet normal -0.8739691463747529 0.48598141032861103 0
    outer loop
      vertex 18.2596755027771 9.504611559212208 0
      vertex 18.2596755027771 9.504611559212208 3
      vertex 18.564615815877914 10.053003780543804 3
    endloop
  endfacet
  facet normal -0.870792984806001 0.49164985265192135 0
    outer loop
      vertex 17.947270438075066 8.951290659606457 0
      vertex 18.2596755027771 9.504611559212208 3
      vertex 18.2596755027771 9.504611559212208 0
    endloop
  endfacet
  facet normal -0.870792984806001 0.49164985265192135 0
    outer loop
      vertex 17.947270438075066 8.951290659606457 0
      vertex 17.947270438075066 8.951290659606457 3
      vertex 18.2596755027771 9.504611559212208 3
    endloop
  endfacet
  facet normal -0.8676139356062188 0.497238432486758 0
    outer loop
      vertex 17.62729000300169 8.392967998981476 0
      vertex 17.947270438075066 8.951290659606457 3
      vertex 17.947270438075066 8.951290659606457 0
    endloop
  endfacet
  facet normal -0.8676139356062188 0.497238432486758 0
    outer loop
      vertex 17.62729000300169 8.392967998981476 0
      vertex 17.62729000300169 8.392967998981476 3
      vertex 17.947270438075066 8.951290659606457 3
    endloop
  endfacet
  facet normal -0.004130321050214576 0.9999914701876322 0
    outer loop
      vertex 16.79921767860651 8.389547765254974 0
      vertex 17.62729000300169 8.392967998981476 3
      vertex 17.62729000300169 8.392967998981476 0
    endloop
  endfacet
  facet normal -0.004130321050214576 0.9999914701876322 0
    outer loop
      vertex 16.79921767860651 8.389547765254974 0
      vertex 16.79921767860651 8.389547765254974 3
      vertex 17.62729000300169 8.392967998981476 3
    endloop
  endfacet
  facet normal -0.012504117307209137 0.9999218204691642 0
    outer loop
      vertex 15.984672531485558 8.379361800849438 0
      vertex 16.79921767860651 8.389547765254974 3
      vertex 16.79921767860651 8.389547765254974 0
    endloop
  endfacet
  facet normal -0.012504117307209137 0.9999218204691642 0
    outer loop
      vertex 15.984672531485558 8.379361800849438 0
      vertex 15.984672531485558 8.379361800849438 3
      vertex 16.79921767860651 8.389547765254974 3
    endloop
  endfacet
  facet normal -0.021012201785336946 0.999779219316011 0
    outer loop
      vertex 15.183430776000023 8.362522229552269 0
      vertex 15.984672531485558 8.379361800849438 3
      vertex 15.984672531485558 8.379361800849438 0
    endloop
  endfacet
  facet normal -0.021012201785336946 0.999779219316011 0
    outer loop
      vertex 15.183430776000023 8.362522229552269 0
      vertex 15.183430776000023 8.362522229552269 3
      vertex 15.984672531485558 8.379361800849438 3
    endloop
  endfacet
  facet normal -0.02965225939950755 0.9995602750772484 0
    outer loop
      vertex 14.395268641412258 8.33914116024971 0
      vertex 15.183430776000023 8.362522229552269 3
      vertex 15.183430776000023 8.362522229552269 0
    endloop
  endfacet
  facet normal -0.02965225939950755 0.9995602750772484 0
    outer loop
      vertex 14.395268641412258 8.33914116024971 0
      vertex 14.395268641412258 8.33914116024971 3
      vertex 15.183430776000023 8.362522229552269 3
    endloop
  endfacet
  facet normal -0.03842150148409089 0.9992616215104572 0
    outer loop
      vertex 13.619962342083454 8.309330716729164 0
      vertex 14.395268641412258 8.33914116024971 3
      vertex 14.395268641412258 8.33914116024971 0
    endloop
  endfacet
  facet normal -0.03842150148409089 0.9992616215104572 0
    outer loop
      vertex 13.619962342083454 8.309330716729164 0
      vertex 13.619962342083454 8.309330716729164 3
      vertex 14.395268641412258 8.33914116024971 3
    endloop
  endfacet
  facet normal -0.04731670093714276 0.9988799376363632 0
    outer loop
      vertex 12.857288107275963 8.273203022778034 0
      vertex 13.619962342083454 8.309330716729164 3
      vertex 13.619962342083454 8.309330716729164 0
    endloop
  endfacet
  facet normal -0.04731670093714276 0.9988799376363632 0
    outer loop
      vertex 12.857288107275963 8.273203022778034 0
      vertex 12.857288107275963 8.273203022778034 3
      vertex 13.619962342083454 8.309330716729164 3
    endloop
  endfacet
  facet normal -0.05633418012850394 0.99841196915364 0
    outer loop
      vertex 12.107022158801556 8.230870179831982 0
      vertex 12.857288107275963 8.273203022778034 3
      vertex 12.857288107275963 8.273203022778034 0
    endloop
  endfacet
  facet normal -0.05633418012850394 0.99841196915364 0
    outer loop
      vertex 12.107022158801556 8.230870179831982 0
      vertex 12.107022158801556 8.230870179831982 3
      vertex 12.857288107275963 8.273203022778034 3
    endloop
  endfacet
  facet normal -0.06546969371409639 0.9978545581421083 0
    outer loop
      vertex 11.368940718472004 8.18244431912899 0
      vertex 12.107022158801556 8.230870179831982 3
      vertex 12.107022158801556 8.230870179831982 0
    endloop
  endfacet
  facet normal -0.06546969371409639 0.9978545581421083 0
    outer loop
      vertex 11.368940718472004 8.18244431912899 0
      vertex 11.368940718472004 8.18244431912899 3
      vertex 12.107022158801556 8.230870179831982 3
    endloop
  endfacet
  facet normal -0.0747185366331798 0.9972046631877511 0
    outer loop
      vertex 10.64282000809908 8.128037557005882 0
      vertex 11.368940718472004 8.18244431912899 3
      vertex 11.368940718472004 8.18244431912899 0
    endloop
  endfacet
  facet normal -0.0747185366331798 0.9972046631877511 0
    outer loop
      vertex 10.64282000809908 8.128037557005882 0
      vertex 10.64282000809908 8.128037557005882 3
      vertex 11.368940718472004 8.18244431912899 3
    endloop
  endfacet
  facet normal -0.08407545907942346 0.9964593906329471 0
    outer loop
      vertex 9.928436249494553 8.0677620023489 0
      vertex 10.64282000809908 8.128037557005882 3
      vertex 10.64282000809908 8.128037557005882 0
    endloop
  endfacet
  facet normal -0.08407545907942346 0.9964593906329471 0
    outer loop
      vertex 9.928436249494553 8.0677620023489 0
      vertex 9.928436249494553 8.0677620023489 3
      vertex 10.64282000809908 8.128037557005882 3
    endloop
  endfacet
  facet normal -0.0935346297224675 0.9956160269113192 0
    outer loop
      vertex 9.225565664470196 8.001729778945446 0
      vertex 9.928436249494553 8.0677620023489 3
      vertex 9.928436249494553 8.0677620023489 0
    endloop
  endfacet
  facet normal -0.0935346297224675 0.9956160269113192 0
    outer loop
      vertex 9.225565664470196 8.001729778945446 0
      vertex 9.225565664470196 8.001729778945446 3
      vertex 9.928436249494553 8.0677620023489 3
    endloop
  endfacet
  facet normal -0.10308968555205955 0.9946720649202819 0
    outer loop
      vertex 8.53398448228836 7.930053003132343 0
      vertex 9.225565664470196 8.001729778945446 3
      vertex 9.225565664470196 8.001729778945446 0
    endloop
  endfacet
  facet normal -0.10308968555205955 0.9946720649202819 0
    outer loop
      vertex 8.53398448228836 7.930053003132343 0
      vertex 8.53398448228836 7.930053003132343 3
      vertex 9.225565664470196 8.001729778945446 3
    endloop
  endfacet
  facet normal -0.11273367673054524 0.9936252402846925 0
    outer loop
      vertex 7.853468917310238 7.852843791246414 0
      vertex 8.53398448228836 7.930053003132343 3
      vertex 8.53398448228836 7.930053003132343 0
    endloop
  endfacet
  facet normal -0.11273367673054524 0.9936252402846925 0
    outer loop
      vertex 7.853468917310238 7.852843791246414 0
      vertex 7.853468917310238 7.852843791246414 3
      vertex 8.53398448228836 7.930053003132343 3
    endloop
  endfacet
  facet normal -0.12245907602264307 0.9924735637283647 0
    outer loop
      vertex 7.183795191347599 7.770214259624481 0
      vertex 7.853468917310238 7.852843791246414 3
      vertex 7.853468917310238 7.852843791246414 0
    endloop
  endfacet
  facet normal -0.12245907602264307 0.9924735637283647 0
    outer loop
      vertex 7.183795191347599 7.770214259624481 0
      vertex 7.183795191347599 7.770214259624481 3
      vertex 7.853468917310238 7.852843791246414 3
    endloop
  endfacet
  facet normal -0.1322577615948046 0.9912153572750635 0
    outer loop
      vertex 6.524739533662796 7.6822765320539474 0
      vertex 7.183795191347599 7.770214259624481 3
      vertex 7.183795191347599 7.770214259624481 0
    endloop
  endfacet
  facet normal -0.1322577615948046 0.9912153572750635 0
    outer loop
      vertex 6.524739533662796 7.6822765320539474 0
      vertex 6.524739533662796 7.6822765320539474 3
      vertex 7.183795191347599 7.770214259624481 3
    endloop
  endfacet
  facet normal -0.14212105621410695 0.9898492841744073 0
    outer loop
      vertex 5.87607815861702 7.589142717421055 0
      vertex 6.524739533662796 7.6822765320539474 3
      vertex 6.524739533662796 7.6822765320539474 0
    endloop
  endfacet
  facet normal -0.14212105621410695 0.9898492841744073 0
    outer loop
      vertex 5.87607815861702 7.589142717421055 0
      vertex 5.87607815861702 7.589142717421055 3
      vertex 6.524739533662796 7.6822765320539474 3
    endloop
  endfacet
  facet normal -0.15203965321305188 0.9883743945746747 0
    outer loop
      vertex 5.237587295472622 7.490924946963787 0
      vertex 5.87607815861702 7.589142717421055 3
      vertex 5.87607815861702 7.589142717421055 0
    endloop
  endfacet
  facet normal -0.15203965321305188 0.9883743945746747 0
    outer loop
      vertex 5.237587295472622 7.490924946963787 0
      vertex 5.237587295472622 7.490924946963787 3
      vertex 5.87607815861702 7.589142717421055 3
    endloop
  endfacet
  facet normal -0.16200374966955453 0.986790142377296 0
    outer loop
      vertex 4.609043173491955 7.3877353221178055 0
      vertex 5.237587295472622 7.490924946963787 3
      vertex 5.237587295472622 7.490924946963787 0
    endloop
  endfacet
  facet normal -0.16200374966955453 0.986790142377296 0
    outer loop
      vertex 4.609043173491955 7.3877353221178055 0
      vertex 4.609043173491955 7.3877353221178055 3
      vertex 5.237587295472622 7.490924946963787 3
    endloop
  endfacet
  facet normal -0.17200289881938405 0.9850964433991876 0
    outer loop
      vertex 3.9902219995856285 7.279685966670513 0
      vertex 4.609043173491955 7.3877353221178055 3
      vertex 4.609043173491955 7.3877353221178055 0
    endloop
  endfacet
  facet normal -0.17200289881938405 0.9850964433991876 0
    outer loop
      vertex 3.9902219995856285 7.279685966670513 0
      vertex 3.9902219995856285 7.279685966670513 3
      vertex 4.609043173491955 7.3877353221178055 3
    endloop
  endfacet
  facet normal -0.1820261681185764 0.9832936866064319 0
    outer loop
      vertex 3.380900003015995 7.166888996958733 0
      vertex 3.9902219995856285 7.279685966670513 3
      vertex 3.9902219995856285 7.279685966670513 0
    endloop
  endfacet
  facet normal -0.1820261681185764 0.9832936866064319 0
    outer loop
      vertex 3.380900003015995 7.166888996958733 0
      vertex 3.380900003015995 7.166888996958733 3
      vertex 3.9902219995856285 7.279685966670513 3
    endloop
  endfacet
  facet normal -0.999999999185711 0.00004035564343617407 0
    outer loop
      vertex 3.3807699978351593 3.9454019963741302 0
      vertex 3.380900003015995 7.166888996958733 3
      vertex 3.380900003015995 7.166888996958733 0
    endloop
  endfacet
  facet normal -0.999999999185711 0.00004035564343617407 0
    outer loop
      vertex 3.3807699978351593 3.9454019963741302 0
      vertex 3.3807699978351593 3.9454019963741302 3
      vertex 3.380900003015995 7.166888996958733 3
    endloop
  endfacet
  facet normal 0.37785176963663103 0.9258661027289348 0
    outer loop
      vertex 0.1322999969124794 5.271122999489307 0
      vertex 3.3807699978351593 3.9454019963741302 3
      vertex 3.3807699978351593 3.9454019963741302 0
    endloop
  endfacet
  facet normal 0.37785176963663103 0.9258661027289348 0
    outer loop
      vertex 0.1322999969124794 5.271122999489307 0
      vertex 0.1322999969124794 5.271122999489307 3
      vertex 3.3807699978351593 3.9454019963741302 3
    endloop
  endfacet
  facet normal -0.9999999995764196 -0.000029106024386950957 0
    outer loop
      vertex 0.1323999986052513 1.8353499993681908 0
      vertex 0.1322999969124794 5.271122999489307 3
      vertex 0.1322999969124794 5.271122999489307 0
    endloop
  endfacet
  facet normal -0.9999999995764196 -0.000029106024386950957 0
    outer loop
      vertex 0.1323999986052513 1.8353499993681908 0
      vertex 0.1323999986052513 1.8353499993681908 3
      vertex 0.1322999969124794 5.271122999489307 3
    endloop
  endfacet
  facet normal 0.19665326132146402 -0.9804730974441022 0
    outer loop
      vertex 3.381090000271797 2.486938998103142 0
      vertex 0.1323999986052513 1.8353499993681908 3
      vertex 0.1323999986052513 1.8353499993681908 0
    endloop
  endfacet
  facet normal 0.19665326132146402 -0.9804730974441022 0
    outer loop
      vertex 3.381090000271797 2.486938998103142 0
      vertex 3.381090000271797 2.486938998103142 3
      vertex 0.1323999986052513 1.8353499993681908 3
    endloop
  endfacet
  facet normal -0.9999999976260663 0.00006890477045942195 0
    outer loop
      vertex 3.3809299990534782 0.16487599909305573 0
      vertex 3.381090000271797 2.486938998103142 3
      vertex 3.381090000271797 2.486938998103142 0
    endloop
  endfacet
  facet normal -0.9999999976260663 0.00006890477045942195 0
    outer loop
      vertex 3.3809299990534782 0.16487599909305573 0
      vertex 3.3809299990534782 0.16487599909305573 3
      vertex 3.381090000271797 2.486938998103142 3
    endloop
  endfacet
  facet normal 0.21468498079226006 -0.976683346342215 0
    outer loop
      vertex 3.6129095479846 0.21586747467517853 0
      vertex 3.3809299990534782 0.16487599909305573 3
      vertex 3.3809299990534782 0.16487599909305573 0
    endloop
  endfacet
  facet normal 0.21468498079226006 -0.976683346342215 0
    outer loop
      vertex 3.6129095479846 0.21586747467517853 0
      vertex 3.6129095479846 0.21586747467517853 3
      vertex 3.3809299990534782 0.16487599909305573 3
    endloop
  endfacet
  facet normal 0 0 -1
    outer loop
      vertex 13.619962342083454 8.309330716729164 0
      vertex 13.823124997317791 1.4300940036773682 0
      vertex 13.57826802879572 1.4204889088869095 0
    endloop
  endfacet
  facet normal 0 0 -1
    outer loop
      vertex 13.619962342083454 8.309330716729164 0
      vertex 14.067886270582676 1.439068466424942 0
      vertex 13.823124997317791 1.4300940036773682 0
    endloop
  endfacet
  facet normal 0 0 -1
    outer loop
      vertex 29.373439997434616 16.907895997166634 0
      vertex 26.768552348017693 17.563600808382034 0
      vertex 26.766577199101448 17.570446863770485 0
    endloop
  endfacet
  facet normal 0 0 -1
    outer loop
      vertex 22.636755153536797 15.117312125861645 0
      vertex 22.63387455046177 15.08780012279749 0
      vertex 21.22779519110918 15.281927682459354 0
    endloop
  endfacet
  facet normal 0 0 -1
    outer loop
      vertex 29.373439997434616 16.907895997166634 0
      vertex 26.77036640048027 17.556713476777077 0
      vertex 26.768552348017693 17.563600808382034 0
    endloop
  endfacet
  facet normal 0 0 -1
    outer loop
      vertex 14.067886270582676 1.439068466424942 0
      vertex 13.619962342083454 8.309330716729164 0
      vertex 14.312498562037945 1.4474418610334396 0
    endloop
  endfacet
  facet normal 0 0 -1
    outer loop
      vertex 21.22779519110918 15.281927682459354 0
      vertex 22.63387455046177 15.08780012279749 0
      vertex 22.633861266076565 15.05834523588419 0
    endloop
  endfacet
  facet normal 0 0 -1
    outer loop
      vertex 13.619962342083454 8.309330716729164 0
      vertex 14.395268641412258 8.33914116024971 0
      vertex 14.312498562037945 1.4474418610334396 0
    endloop
  endfacet
  facet normal 0 0 -1
    outer loop
      vertex 26.77852874994278 17.507585518062115 0
      vertex 26.777850799262524 17.514682084321976 0
      vertex 29.373439997434616 16.907895997166634 0
    endloop
  endfacet
  facet normal 0 0 -1
    outer loop
      vertex 14.556908592581749 1.4552437737584114 0
      vertex 14.312498562037945 1.4474418610334396 0
      vertex 14.395268641412258 8.33914116024971 0
    endloop
  endfacet
  facet normal 0 0 -1
    outer loop
      vertex 15.183430776000023 8.362522229552269 0
      vertex 15.288392320275307 1.4755162075161934 0
      vertex 15.044908747076988 1.4692513719201088 0
    endloop
  endfacet
  facet normal 0 0 -1
    outer loop
      vertex 26.779580399394035 17.486196152865887 0
      vertex 29.373439997434616 16.907895997166634 0
      vertex 26.77960254997015 17.479042641818523 0
    endloop
  endfacet
  facet normal 0 0 -1
    outer loop
      vertex 22.642153032124043 15.000434897840023 0
      vertex 21.22779519110918 15.281927682459354 0
      vertex 22.636644400656223 15.029154486954212 0
    endloop
  endfacet
  facet normal 0 0 -1
    outer loop
      vertex 17.62729000300169 8.392967998981476 0
      vertex 18.924276247620583 1.518420249223709 0
      vertex 18.658164270222187 1.5176138877868652 0
    endloop
  endfacet
  facet normal 0 0 -1
    outer loop
      vertex 26.566679999232292 14.165913000702858 0
      vertex 28.566197253763676 14.90175198763609 0
      vertex 28.447522558271885 14.616545036435127 0
    endloop
  endfacet
  facet normal 0 0 -1
    outer loop
      vertex 22.65031625330448 14.972393497824669 0
      vertex 22.661063142120838 14.945237308740616 0
      vertex 20.99141799658537 14.778802514076233 0
    endloop
  endfacet
  facet normal 0 0 -1
    outer loop
      vertex 28.327868305146694 14.331773065030575 0
      vertex 26.566679999232292 14.165913000702858 0
      vertex 28.447522558271885 14.616545036435127 0
    endloop
  endfacet
  facet normal 0 0 -1
    outer loop
      vertex 22.661063142120838 14.945237308740616 0
      vertex 22.674322798848152 14.91917335242033 0
      vertex 20.99141799658537 14.778802514076233 0
    endloop
  endfacet
  facet normal 0 0 -1
    outer loop
      vertex 27.96255823969841 13.480362638831139 0
      vertex 26.549983933568 14.08340921252966 0
      vertex 26.557933650910854 14.109865553677082 0
    endloop
  endfacet
  facet normal 0 0 -1
    outer loop
      vertex 24.890689119696617 7.297083407640457 0
      vertex 18.862202003598213 10.596540413796902 0
      vertex 25.155168682336807 7.784690648317337 0
    endloop
  endfacet
  facet normal 0 0 -1
    outer loop
      vertex 27.96255823969841 13.480362638831139 0
      vertex 26.539821602404118 14.058121606707573 0
      vertex 26.549983933568 14.08340921252966 0
    endloop
  endfacet
  facet normal 0 0 -1
    outer loop
      vertex 27.838515795767307 13.197626233100891 0
      vertex 26.527575470507145 14.034095577895641 0
      vertex 27.96255823969841 13.480362638831139 0
    endloop
  endfacet
  facet normal 0 0 -1
    outer loop
      vertex 22.86235000193119 14.774824999272823 0
      vertex 19.98121800273657 12.723592765629292 0
      vertex 20.243692934513092 13.243947736918926 0
    endloop
  endfacet
  facet normal 0 0 -1
    outer loop
      vertex 22.802677646279335 14.797319866716862 0
      vertex 20.49947749823332 13.759885624051094 0
      vertex 20.74868231266737 14.271479524672031 0
    endloop
  endfacet
  facet normal 0 0 -1
    outer loop
      vertex 22.83154109120369 14.784698218107224 0
      vertex 22.86235000193119 14.774824999272823 0
      vertex 20.49947749823332 13.759885624051094 0
    endloop
  endfacet
  facet normal 0 0 -1
    outer loop
      vertex 26.479622401297092 13.970515467226505 0
      vertex 27.71325881779194 12.915472634136677 0
      vertex 26.460329197347164 13.952464252710342 0
    endloop
  endfacet
  facet normal 0 0 -1
    outer loop
      vertex 20.243692934513092 13.243947736918926 0
      vertex 20.49947749823332 13.759885624051094 0
      vertex 22.86235000193119 14.774824999272823 0
    endloop
  endfacet
  facet normal 0 0 -1
    outer loop
      vertex 26.460329197347164 13.952464252710342 0
      vertex 27.71325881779194 12.915472634136677 0
      vertex 26.439596250653267 13.93613887578249 0
    endloop
  endfacet
  facet normal 0 0 -1
    outer loop
      vertex 22.86235000193119 14.774824999272823 0
      vertex 26.439944081008434 10.24265030771494 0
      vertex 26.188490517437458 9.748167231678963 0
    endloop
  endfacet
  facet normal 0 0 -1
    outer loop
      vertex 22.86235000193119 14.774824999272823 0
      vertex 26.181419998407364 13.888232998549938 0
      vertex 26.6883557587862 10.738719761371613 0
    endloop
  endfacet
  facet normal 0 0 -1
    outer loop
      vertex 26.41755238175392 13.921632178127766 0
      vertex 27.71325881779194 12.915472634136677 0
      vertex 27.58674031496048 12.633931420743465 0
    endloop
  endfacet
  facet normal 0 0 -1
    outer loop
      vertex 26.9335800036788 11.236446000635624 0
      vertex 26.6883557587862 10.738719761371613 0
      vertex 26.181419998407364 13.888232998549938 0
    endloop
  endfacet
  facet normal 0 0 -1
    outer loop
      vertex 27.199145659804344 11.793277762830257 0
      vertex 27.06711108237505 11.514481768012047 0
      vertex 26.181419998407364 13.888232998549938 0
    endloop
  endfacet
  facet normal 0 0 -1
    outer loop
      vertex 26.394326396286488 13.90903701633215 0
      vertex 26.41755238175392 13.921632178127766 0
      vertex 27.58674031496048 12.633931420743465 0
    endloop
  endfacet
  facet normal 0 0 -1
    outer loop
      vertex 26.181419998407364 13.888232998549938 0
      vertex 26.209465630352497 13.882193267345428 0
      vertex 27.199145659804344 11.793277762830257 0
    endloop
  endfacet
  facet normal 0 0 -1
    outer loop
      vertex 26.344843350350857 13.889952689409256 0
      vertex 27.58674031496048 12.633931420743465 0
      vertex 27.458913281559944 12.353032156825066 0
    endloop
  endfacet
  facet normal 0 0 -1
    outer loop
      vertex 26.31884390860796 13.883649237453938 0
      vertex 26.344843350350857 13.889952689409256 0
      vertex 27.458913281559944 12.353032156825066 0
    endloop
  endfacet
  facet normal 0 0 -1
    outer loop
      vertex 26.9335800036788 11.236446000635624 0
      vertex 26.181419998407364 13.888232998549938 0
      vertex 27.06711108237505 11.514481768012047 0
    endloop
  endfacet
  facet normal 0 0 -1
    outer loop
      vertex 22.86235000193119 14.774824999272823 0
      vertex 26.6883557587862 10.738719761371613 0
      vertex 26.439944081008434 10.24265030771494 0
    endloop
  endfacet
  facet normal 0 0 -1
    outer loop
      vertex 22.690024308860302 14.894408650696278 0
      vertex 20.99141799658537 14.778802514076233 0
      vertex 22.674322798848152 14.91917335242033 0
    endloop
  endfacet
  facet normal 0 0 -1
    outer loop
      vertex 20.74868231266737 14.271479524672031 0
      vertex 22.77583058178425 14.812482915818691 0
      vertex 22.802677646279335 14.797319866716862 0
    endloop
  endfacet
  facet normal 0 0 -1
    outer loop
      vertex 25.67704000324011 8.76367861032486 0
      vertex 19.711942061781883 12.198747634887695 0
      vertex 25.934140637516975 9.255200132727623 0
    endloop
  endfacet
  facet normal 0 0 -1
    outer loop
      vertex 20.99141799658537 14.778802514076233 0
      vertex 22.690024308860302 14.894408650696278 0
      vertex 22.708096750080585 14.871150232851505 0
    endloop
  endfacet
  facet normal 0 0 -1
    outer loop
      vertex 20.74868231266737 14.271479524672031 0
      vertex 22.75107079744339 14.829980343580246 0
      vertex 22.77583058178425 14.812482915818691 0
    endloop
  endfacet
  facet normal 0 0 -1
    outer loop
      vertex 19.711942061781883 12.198747634887695 0
      vertex 19.98121800273657 12.723592765629292 0
      vertex 25.934140637516975 9.255200132727623 0
    endloop
  endfacet
  facet normal 0 0 -1
    outer loop
      vertex 22.708096750080585 14.871150232851505 0
      vertex 22.72846921533346 14.84960512816906 0
      vertex 20.99141799658537 14.778802514076233 0
    endloop
  endfacet
  facet normal 0 0 -1
    outer loop
      vertex 20.74868231266737 14.271479524672031 0
      vertex 22.72846921533346 14.84960512816906 0
      vertex 22.75107079744339 14.829980343580246 0
    endloop
  endfacet
  facet normal 0 0 -1
    outer loop
      vertex 19.98121800273657 12.723592765629292 0
      vertex 26.188490517437458 9.748167231678963 0
      vertex 25.934140637516975 9.255200132727623 0
    endloop
  endfacet
  facet normal 0 0 -1
    outer loop
      vertex 20.74868231266737 14.271479524672031 0
      vertex 20.99141799658537 14.778802514076233 0
      vertex 22.72846921533346 14.84960512816906 0
    endloop
  endfacet
  facet normal 0 0 -1
    outer loop
      vertex 26.188490517437458 9.748167231678963 0
      vertex 19.98121800273657 12.723592765629292 0
      vertex 22.86235000193119 14.774824999272823 0
    endloop
  endfacet
  facet normal 0 0 -1
    outer loop
      vertex 25.417334161698818 8.273532249033451 0
      vertex 19.435754500329494 11.669339261949062 0
      vertex 25.67704000324011 8.76367861032486 0
    endloop
  endfacet
  facet normal 0 0 -1
    outer loop
      vertex 25.155168682336807 7.784690648317337 0
      vertex 19.15254468470812 11.135294549167156 0
      vertex 25.417334161698818 8.273532249033451 0
    endloop
  endfacet
  facet normal 0 0 -1
    outer loop
      vertex 25.417334161698818 8.273532249033451 0
      vertex 19.15254468470812 11.135294549167156 0
      vertex 19.435754500329494 11.669339261949062 0
    endloop
  endfacet
  facet normal 0 0 -1
    outer loop
      vertex 19.15254468470812 11.135294549167156 0
      vertex 25.155168682336807 7.784690648317337 0
      vertex 18.862202003598213 10.596540413796902 0
    endloop
  endfacet
  facet normal 0 0 -1
    outer loop
      vertex 18.564615815877914 10.053003780543804 0
      vertex 18.862202003598213 10.596540413796902 0
      vertex 24.62404104322195 6.8106401190161705 0
    endloop
  endfacet
  facet normal 0 0 -1
    outer loop
      vertex 24.62404104322195 6.8106401190161705 0
      vertex 18.862202003598213 10.596540413796902 0
      vertex 24.890689119696617 7.297083407640457 0
    endloop
  endfacet
  facet normal 0 0 -1
    outer loop
      vertex 24.62404104322195 6.8106401190161705 0
      vertex 24.35537000000477 6.325290374457836 0
      vertex 18.564615815877914 10.053003780543804 0
    endloop
  endfacet
  facet normal 0 0 -1
    outer loop
      vertex 18.2596755027771 9.504611559212208 0
      vertex 24.084821559488773 5.840963773429394 0
      vertex 17.947270438075066 8.951290659606457 0
    endloop
  endfacet
  facet normal 0 0 -1
    outer loop
      vertex 18.2596755027771 9.504611559212208 0
      vertex 24.35537000000477 6.325290374457836 0
      vertex 24.084821559488773 5.840963773429394 0
    endloop
  endfacet
  facet normal 0 0 -1
    outer loop
      vertex 23.812541283667088 5.357589915394783 0
      vertex 17.947270438075066 8.951290659606457 0
      vertex 24.084821559488773 5.840963773429394 0
    endloop
  endfacet
  facet normal 0 0 -1
    outer loop
      vertex 23.538674719631672 4.875098384916782 0
      vertex 23.26336743682623 4.3934187814593315 0
      vertex 17.62729000300169 8.392967998981476 0
    endloop
  endfacet
  facet normal 0 0 -1
    outer loop
      vertex 23.812541283667088 5.357589915394783 0
      vertex 23.538674719631672 4.875098384916782 0
      vertex 17.62729000300169 8.392967998981476 0
    endloop
  endfacet
  facet normal 0 0 -1
    outer loop
      vertex 22.98676499724388 3.91248070448637 0
      vertex 22.70901296287775 3.432213746011257 0
      vertex 17.62729000300169 8.392967998981476 0
    endloop
  endfacet
  facet normal 0 0 -1
    outer loop
      vertex 19.45648480206728 1.5193307623267174 0
      vertex 22.70901296287775 3.432213746011257 0
      vertex 19.722640097141266 1.5194736197590828 0
    endloop
  endfacet
  facet normal 0 0 -1
    outer loop
      vertex 19.722640097141266 1.5194736197590828 0
      vertex 22.70901296287775 3.432213746011257 0
      vertex 22.430256880819798 2.952547498047352 0
    endloop
  endfacet
  facet normal 0 0 -1
    outer loop
      vertex 19.988868549466133 1.5194340273737907 0
      vertex 19.722640097141266 1.5194736197590828 0
      vertex 22.430256880819798 2.952547498047352 0
    endloop
  endfacet
  facet normal 0 0 -1
    outer loop
      vertex 20.255199529230595 1.519231341779232 0
      vertex 19.988868549466133 1.5194340273737907 0
      vertex 22.430256880819798 2.952547498047352 0
    endloop
  endfacet
  facet normal 0 0 -1
    outer loop
      vertex 22.150642320513725 2.4734115600585938 0
      vertex 20.255199529230595 1.519231341779232 0
      vertex 22.430256880819798 2.952547498047352 0
    endloop
  endfacet
  facet normal 0 0 -1
    outer loop
      vertex 22.150642320513725 2.4734115600585938 0
      vertex 20.521662399172783 1.5188849195837975 0
      vertex 20.255199529230595 1.519231341779232 0
    endloop
  endfacet
  facet normal 0 0 -1
    outer loop
      vertex 22.150642320513725 2.4734115600585938 0
      vertex 20.78828652203083 1.5184141173958778 0
      vertex 20.521662399172783 1.5188849195837975 0
    endloop
  endfacet
  facet normal 0 0 -1
    outer loop
      vertex 22.150642320513725 2.4734115600585938 0
      vertex 21.870314836502075 1.9947355315089226 0
      vertex 20.78828652203083 1.5184141173958778 0
    endloop
  endfacet
  facet normal 0 0 -1
    outer loop
      vertex 20.78828652203083 1.5184141173958778 0
      vertex 21.870314836502075 1.9947355315089226 0
      vertex 21.05510125309229 1.517838291823864 0
    endloop
  endfacet
  facet normal 0 0 -1
    outer loop
      vertex 21.05510125309229 1.517838291823864 0
      vertex 21.870314836502075 1.9947355315089226 0
      vertex 21.32213595509529 1.5171767994761467 0
    endloop
  endfacet
  facet normal 0 0 -1
    outer loop
      vertex 24.81785999983549 18.053621001541615 0
      vertex 22.31817550212145 17.73714417219162 0
      vertex 22.51872481405735 18.216617196798325 0
    endloop
  endfacet
  facet normal 0 0 -1
    outer loop
      vertex 21.32213595509529 1.5171767994761467 0
      vertex 21.870314836502075 1.9947355315089226 0
      vertex 21.58941999822855 1.5164489969611168 0
    endloop
  endfacet
  facet normal 0 0 -1
    outer loop
      vertex 26.370047122240067 13.89844623953104 0
      vertex 26.394326396286488 13.90903701633215 0
      vertex 27.58674031496048 12.633931420743465 0
    endloop
  endfacet
  facet normal 0 0 -1
    outer loop
      vertex 25.67704000324011 8.76367861032486 0
      vertex 19.435754500329494 11.669339261949062 0
      vertex 19.711942061781883 12.198747634887695 0
    endloop
  endfacet
  facet normal 0 0 -1
    outer loop
      vertex 26.77945999801159 17.47188200056553 0
      vertex 28.68393938243389 15.18736433237791 0
      vertex 26.566679999232292 14.165913000702858 0
    endloop
  endfacet
  facet normal 0 0 -1
    outer loop
      vertex 26.779043197631836 17.50047043710947 0
      vertex 26.77852874994278 17.507585518062115 0
      vertex 29.373439997434616 16.907895997166634 0
    endloop
  endfacet
  facet normal 0 0 -1
    outer loop
      vertex 29.373439997434616 16.907895997166634 0
      vertex 26.772019051015377 17.54978772252798 0
      vertex 26.77036640048027 17.556713476777077 0
    endloop
  endfacet
  facet normal 0 0 -1
    outer loop
      vertex 26.76444125175476 17.57724879682064 0
      vertex 29.373439997434616 16.907895997166634 0
      vertex 26.766577199101448 17.570446863770485 0
    endloop
  endfacet
  facet normal 0 0 -1
    outer loop
      vertex 26.76444125175476 17.57724879682064 0
      vertex 26.762144796550274 17.584003761410713 0
      vertex 29.373439997434616 16.907895997166634 0
    endloop
  endfacet
  facet normal 0 0 -1
    outer loop
      vertex 13.57826802879572 1.4204889088869095 0
      vertex 12.857288107275963 8.273203022778034 0
      vertex 13.619962342083454 8.309330716729164 0
    endloop
  endfacet
  facet normal 0 0 -1
    outer loop
      vertex 13.57826802879572 1.4204889088869095 0
      vertex 13.333368636667728 1.4102236181497574 0
      vertex 12.857288107275963 8.273203022778034 0
    endloop
  endfacet
  facet normal 0 0 -1
    outer loop
      vertex 26.762144796550274 17.584003761410713 0
      vertex 26.759688146412373 17.590708911418915 0
      vertex 29.373439997434616 16.907895997166634 0
    endloop
  endfacet
  facet normal 0 0 -1
    outer loop
      vertex 12.857288107275963 8.273203022778034 0
      vertex 13.333368636667728 1.4102236181497574 0
      vertex 13.088480107486248 1.3992685601115227 0
    endloop
  endfacet
  facet normal 0 0 -1
    outer loop
      vertex 26.75707159936428 17.597361393272877 0
      vertex 29.373439997434616 16.907895997166634 0
      vertex 26.759688146412373 17.590708911418915 0
    endloop
  endfacet
  facet normal 0 0 -1
    outer loop
      vertex 29.373439997434616 16.907895997166634 0
      vertex 26.75707159936428 17.597361393272877 0
      vertex 26.754295453429222 17.603958375751972 0
    endloop
  endfacet
  facet normal 0 0 -1
    outer loop
      vertex 12.843655720353127 1.3875941708683968 0
      vertex 12.107022158801556 8.230870179831982 0
      vertex 12.857288107275963 8.273203022778034 0
    endloop
  endfacet
  facet normal 0 0 -1
    outer loop
      vertex 26.754295453429222 17.603958375751972 0
      vertex 26.75135999917984 17.610496997833252 0
      vertex 29.373439997434616 16.907895997166634 0
    endloop
  endfacet
  facet normal 0 0 -1
    outer loop
      vertex 22.64257399737835 15.14667421579361 0
      vertex 22.636755153536797 15.117312125861645 0
      vertex 21.457924500107765 15.780928112566471 0
    endloop
  endfacet
  facet normal 0 0 -1
    outer loop
      vertex 12.843655720353127 1.3875941708683968 0
      vertex 12.598948746919632 1.3751708716154099 0
      vertex 12.107022158801556 8.230870179831982 0
    endloop
  endfacet
  facet normal 0 0 -1
    outer loop
      vertex 12.107022158801556 8.230870179831982 0
      vertex 12.598948746919632 1.3751708716154099 0
      vertex 12.354412481188774 1.3619691133499146 0
    endloop
  endfacet
  facet normal 0 0 -1
    outer loop
      vertex 12.11010018736124 1.3479593098163605 0
      vertex 12.107022158801556 8.230870179831982 0
      vertex 12.354412481188774 1.3619691133499146 0
    endloop
  endfacet
  facet normal 0 0 -1
    outer loop
      vertex 12.11010018736124 1.3479593098163605 0
      vertex 11.368940718472004 8.18244431912899 0
      vertex 12.107022158801556 8.230870179831982 0
    endloop
  endfacet
  facet normal 0 0 -1
    outer loop
      vertex 12.11010018736124 1.3479593098163605 0
      vertex 11.86606515944004 1.3331119045615196 0
      vertex 11.368940718472004 8.18244431912899 0
    endloop
  endfacet
  facet normal 0 0 -1
    outer loop
      vertex 11.368940718472004 8.18244431912899 0
      vertex 11.86606515944004 1.3331119045615196 0
      vertex 11.622360669076443 1.3173973262310028 0
    endloop
  endfacet
  facet normal 0 0 -1
    outer loop
      vertex 11.379040002822876 1.3007860034704208 0
      vertex 11.368940718472004 8.18244431912899 0
      vertex 11.622360669076443 1.3173973262310028 0
    endloop
  endfacet
  facet normal 0 0 -1
    outer loop
      vertex 22.663310050964355 15.204120568931103 0
      vertex 22.65140199661255 15.175679370760918 0
      vertex 21.457924500107765 15.780928112566471 0
    endloop
  endfacet
  facet normal 0 0 -1
    outer loop
      vertex 11.379040002822876 1.3007860034704208 0
      vertex 10.64282000809908 8.128037557005882 0
      vertex 11.368940718472004 8.18244431912899 0
    endloop
  endfacet
  facet normal 0 0 -1
    outer loop
      vertex 11.379040002822876 1.3007860034704208 0
      vertex 11.217353269457817 1.289118506014347 0
      vertex 10.64282000809908 8.128037557005882 0
    endloop
  endfacet
  facet normal 0 0 -1
    outer loop
      vertex 10.64282000809908 8.128037557005882 0
      vertex 11.217353269457817 1.289118506014347 0
      vertex 11.054962567985058 1.2770451232790947 0
    endloop
  endfacet
  facet normal 0 0 -1
    outer loop
      vertex 10.891933120787144 1.2645624056458473 0
      vertex 10.64282000809908 8.128037557005882 0
      vertex 11.054962567985058 1.2770451232790947 0
    endloop
  endfacet
  facet normal 0 0 -1
    outer loop
      vertex 10.891933120787144 1.2645624056458473 0
      vertex 9.928436249494553 8.0677620023489 0
      vertex 10.64282000809908 8.128037557005882 0
    endloop
  endfacet
  facet normal 0 0 -1
    outer loop
      vertex 22.663310050964355 15.204120568931103 0
      vertex 21.457924500107765 15.780928112566471 0
      vertex 22.67836908251047 15.231790788471699 0
    endloop
  endfacet
  facet normal 0 0 -1
    outer loop
      vertex 9.928436249494553 8.0677620023489 0
      vertex 10.7283301576972 1.2516668885946274 0
      vertex 10.564218908548355 1.2383551225066185 0
    endloop
  endfacet
  facet normal 0 0 -1
    outer loop
      vertex 22.696649998426437 15.258483000099659 0
      vertex 22.67836908251047 15.231790788471699 0
      vertex 21.457924500107765 15.780928112566471 0
    endloop
  endfacet
  facet normal 0 0 -1
    outer loop
      vertex 10.399664588272572 1.224623665213585 0
      vertex 9.928436249494553 8.0677620023489 0
      vertex 10.564218908548355 1.2383551225066185 0
    endloop
  endfacet
  facet normal 0 0 -1
    outer loop
      vertex 10.399664588272572 1.224623665213585 0
      vertex 10.234732441604137 1.2104690447449684 0
      vertex 9.928436249494553 8.0677620023489 0
    endloop
  endfacet
  facet normal 0 0 -1
    outer loop
      vertex 9.225565664470196 8.001729778945446 0
      vertex 10.234732441604137 1.2104690447449684 0
      vertex 10.069487683475018 1.1958878263831139 0
    endloop
  endfacet
  facet normal 0 0 -1
    outer loop
      vertex 9.903995543718338 1.1808765456080437 0
      vertex 9.225565664470196 8.001729778945446 0
      vertex 10.069487683475018 1.1958878263831139 0
    endloop
  endfacet
  facet normal 0 0 -1
    outer loop
      vertex 9.903995543718338 1.1808765456080437 0
      vertex 9.738321252167225 1.1654317528009415 0
      vertex 9.225565664470196 8.001729778945446 0
    endloop
  endfacet
  facet normal 0 0 -1
    outer loop
      vertex 21.89988200366497 16.766847103834152 0
      vertex 22.696649998426437 15.258483000099659 0
      vertex 21.681916564702988 16.27587688714266 0
    endloop
  endfacet
  facet normal 0 0 -1
    outer loop
      vertex 26.77351000159979 17.542826376855373 0
      vertex 26.772019051015377 17.54978772252798 0
      vertex 29.373439997434616 16.907895997166634 0
    endloop
  endfacet
  facet normal 0 0 -1
    outer loop
      vertex 26.77600560337305 17.528808318078518 0
      vertex 26.7748389467597 17.535832293331623 0
      vertex 29.373439997434616 16.907895997166634 0
    endloop
  endfacet
  facet normal 0 0 -1
    outer loop
      vertex 26.7748389467597 17.535832293331623 0
      vertex 26.77351000159979 17.542826376855373 0
      vertex 29.373439997434616 16.907895997166634 0
    endloop
  endfacet
  facet normal 0 0 -1
    outer loop
      vertex 26.777009651064873 17.521757304668427 0
      vertex 26.77600560337305 17.528808318078518 0
      vertex 29.373439997434616 16.907895997166634 0
    endloop
  endfacet
  facet normal 0 0 -1
    outer loop
      vertex 26.777850799262524 17.514682084321976 0
      vertex 26.777009651064873 17.521757304668427 0
      vertex 29.373439997434616 16.907895997166634 0
    endloop
  endfacet
  facet normal 0 0 -1
    outer loop
      vertex 26.77939385175705 17.493339702486992 0
      vertex 26.779043197631836 17.50047043710947 0
      vertex 29.373439997434616 16.907895997166634 0
    endloop
  endfacet
  facet normal 0 0 -1
    outer loop
      vertex 26.779580399394035 17.486196152865887 0
      vertex 26.77939385175705 17.493339702486992 0
      vertex 29.373439997434616 16.907895997166634 0
    endloop
  endfacet
  facet normal 0 0 -1
    outer loop
      vertex 26.77960254997015 17.479042641818523 0
      vertex 29.373439997434616 16.907895997166634 0
      vertex 26.77945999801159 17.47188200056553 0
    endloop
  endfacet
  facet normal 0 0 -1
    outer loop
      vertex 26.77945999801159 17.47188200056553 0
      vertex 29.373439997434616 16.907895997166634 0
      vertex 29.260306365787983 16.6204721853137 0
    endloop
  endfacet
  facet normal 0 0 -1
    outer loop
      vertex 29.146522141993046 16.333276368677616 0
      vertex 26.77945999801159 17.47188200056553 0
      vertex 29.260306365787983 16.6204721853137 0
    endloop
  endfacet
  facet normal 0 0 -1
    outer loop
      vertex 26.77945999801159 17.47188200056553 0
      vertex 29.03204032033682 16.046338096261024 0
      vertex 28.916813917458057 15.759686961770058 0
    endloop
  endfacet
  facet normal 0 0 -1
    outer loop
      vertex 29.146522141993046 16.333276368677616 0
      vertex 29.03204032033682 16.046338096261024 0
      vertex 26.77945999801159 17.47188200056553 0
    endloop
  endfacet
  facet normal 0 0 -1
    outer loop
      vertex 28.800795935094357 15.473352514207363 0
      vertex 26.77945999801159 17.47188200056553 0
      vertex 28.916813917458057 15.759686961770058 0
    endloop
  endfacet
  facet normal 0 0 -1
    outer loop
      vertex 28.800795935094357 15.473352514207363 0
      vertex 28.68393938243389 15.18736433237791 0
      vertex 26.77945999801159 17.47188200056553 0
    endloop
  endfacet
  facet normal 0 0 -1
    outer loop
      vertex 28.68393938243389 15.18736433237791 0
      vertex 28.566197253763676 14.90175198763609 0
      vertex 26.566679999232292 14.165913000702858 0
    endloop
  endfacet
  facet normal 0 0 -1
    outer loop
      vertex 28.327868305146694 14.331773065030575 0
      vertex 28.20718750357628 14.04746562242508 0
      vertex 26.566679999232292 14.165913000702858 0
    endloop
  endfacet
  facet normal 0 0 -1
    outer loop
      vertex 26.563541941344738 14.137397766113281 0
      vertex 26.566679999232292 14.165913000702858 0
      vertex 28.085433140397072 13.763652294874191 0
    endloop
  endfacet
  facet normal 0 0 -1
    outer loop
      vertex 26.566679999232292 14.165913000702858 0
      vertex 28.20718750357628 14.04746562242508 0
      vertex 28.085433140397072 13.763652294874191 0
    endloop
  endfacet
  facet normal 0 0 -1
    outer loop
      vertex 26.557933650910854 14.109865553677082 0
      vertex 26.563541941344738 14.137397766113281 0
      vertex 28.085433140397072 13.763652294874191 0
    endloop
  endfacet
  facet normal 0 0 -1
    outer loop
      vertex 27.96255823969841 13.480362638831139 0
      vertex 26.557933650910854 14.109865553677082 0
      vertex 28.085433140397072 13.763652294874191 0
    endloop
  endfacet
  facet normal 0 0 -1
    outer loop
      vertex 27.96255823969841 13.480362638831139 0
      vertex 26.527575470507145 14.034095577895641 0
      vertex 26.539821602404118 14.058121606707573 0
    endloop
  endfacet
  facet normal 0 0 -1
    outer loop
      vertex 27.838515795767307 13.197626233100891 0
      vertex 26.513374350965023 14.011423975229263 0
      vertex 26.527575470507145 14.034095577895641 0
    endloop
  endfacet
  facet normal 0 0 -1
    outer loop
      vertex 27.838515795767307 13.197626233100891 0
      vertex 26.479622401297092 13.970515467226505 0
      vertex 26.497347056865692 13.990199655294418 0
    endloop
  endfacet
  facet normal 0 0 -1
    outer loop
      vertex 27.838515795767307 13.197626233100891 0
      vertex 26.497347056865692 13.990199655294418 0
      vertex 26.513374350965023 14.011423975229263 0
    endloop
  endfacet
  facet normal 0 0 -1
    outer loop
      vertex 27.838515795767307 13.197626233100891 0
      vertex 27.71325881779194 12.915472634136677 0
      vertex 26.479622401297092 13.970515467226505 0
    endloop
  endfacet
  facet normal 0 0 -1
    outer loop
      vertex 26.439596250653267 13.93613887578249 0
      vertex 27.71325881779194 12.915472634136677 0
      vertex 26.41755238175392 13.921632178127766 0
    endloop
  endfacet
  facet normal 0 0 -1
    outer loop
      vertex 26.344843350350857 13.889952689409256 0
      vertex 26.370047122240067 13.89844623953104 0
      vertex 27.58674031496048 12.633931420743465 0
    endloop
  endfacet
  facet normal 0 0 -1
    outer loop
      vertex 27.199145659804344 11.793277762830257 0
      vertex 26.209465630352497 13.882193267345428 0
      vertex 27.329730726778507 12.072804421186447 0
    endloop
  endfacet
  facet normal 0 0 -1
    outer loop
      vertex 26.292177602648735 13.879628710448742 0
      vertex 26.31884390860796 13.883649237453938 0
      vertex 27.458913281559944 12.353032156825066 0
    endloop
  endfacet
  facet normal 0 0 -1
    outer loop
      vertex 26.264973245561123 13.87798397988081 0
      vertex 26.292177602648735 13.879628710448742 0
      vertex 27.458913281559944 12.353032156825066 0
    endloop
  endfacet
  facet normal 0 0 -1
    outer loop
      vertex 27.329730726778507 12.072804421186447 0
      vertex 26.264973245561123 13.87798397988081 0
      vertex 27.458913281559944 12.353032156825066 0
    endloop
  endfacet
  facet normal 0 0 -1
    outer loop
      vertex 27.329730726778507 12.072804421186447 0
      vertex 26.237359650433064 13.878807879984379 0
      vertex 26.264973245561123 13.87798397988081 0
    endloop
  endfacet
  facet normal 0 0 -1
    outer loop
      vertex 27.329730726778507 12.072804421186447 0
      vertex 26.209465630352497 13.882193267345428 0
      vertex 26.237359650433064 13.878807879984379 0
    endloop
  endfacet
  facet normal 0 0 -1
    outer loop
      vertex 22.83154109120369 14.784698218107224 0
      vertex 20.49947749823332 13.759885624051094 0
      vertex 22.802677646279335 14.797319866716862 0
    endloop
  endfacet
  facet normal 0 0 -1
    outer loop
      vertex 24.35537000000477 6.325290374457836 0
      vertex 18.2596755027771 9.504611559212208 0
      vertex 18.564615815877914 10.053003780543804 0
    endloop
  endfacet
  facet normal 0 0 -1
    outer loop
      vertex 17.947270438075066 8.951290659606457 0
      vertex 23.812541283667088 5.357589915394783 0
      vertex 17.62729000300169 8.392967998981476 0
    endloop
  endfacet
  facet normal 0 0 -1
    outer loop
      vertex 17.62729000300169 8.392967998981476 0
      vertex 23.26336743682623 4.3934187814593315 0
      vertex 22.98676499724388 3.91248070448637 0
    endloop
  endfacet
  facet normal 0 0 -1
    outer loop
      vertex 19.45648480206728 1.5193307623267174 0
      vertex 17.62729000300169 8.392967998981476 0
      vertex 22.70901296287775 3.432213746011257 0
    endloop
  endfacet
  facet normal 0 0 -1
    outer loop
      vertex 19.190373308956623 1.518986091017723 0
      vertex 17.62729000300169 8.392967998981476 0
      vertex 19.45648480206728 1.5193307623267174 0
    endloop
  endfacet
  facet normal 0 0 -1
    outer loop
      vertex 22.65031625330448 14.972393497824669 0
      vertex 20.99141799658537 14.778802514076233 0
      vertex 21.22779519110918 15.281927682459354 0
    endloop
  endfacet
  facet normal 0 0 -1
    outer loop
      vertex 19.190373308956623 1.518986091017723 0
      vertex 18.924276247620583 1.518420249223709 0
      vertex 17.62729000300169 8.392967998981476 0
    endloop
  endfacet
  facet normal 0 0 -1
    outer loop
      vertex 21.22779519110918 15.281927682459354 0
      vertex 22.642153032124043 15.000434897840023 0
      vertex 22.65031625330448 14.972393497824669 0
    endloop
  endfacet
  facet normal 0 0 -1
    outer loop
      vertex 18.125778079032898 1.5152021571993828 0
      vertex 17.85944514721632 1.513558067381382 0
      vertex 17.62729000300169 8.392967998981476 0
    endloop
  endfacet
  facet normal 0 0 -1
    outer loop
      vertex 9.225565664470196 8.001729778945446 0
      vertex 9.738321252167225 1.1654317528009415 0
      vertex 9.572530031204224 1.1495499908924103 0
    endloop
  endfacet
  facet normal 0 0 -1
    outer loop
      vertex 22.713689997792244 18.692404001951218 0
      vertex 24.81785999983549 18.053621001541615 0
      vertex 22.51872481405735 18.216617196798325 0
    endloop
  endfacet
  facet normal 0 0 -1
    outer loop
      vertex 8.53398448228836 7.930053003132343 0
      vertex 9.225565664470196 8.001729778945446 0
      vertex 9.572530031204224 1.1495499908924103 0
    endloop
  endfacet
  facet normal 0 0 -1
    outer loop
      vertex 9.406687118113041 1.1332278177142143 0
      vertex 8.53398448228836 7.930053003132343 0
      vertex 9.572530031204224 1.1495499908924103 0
    endloop
  endfacet
  facet normal 0 0 -1
    outer loop
      vertex 9.406687118113041 1.1332278177142143 0
      vertex 9.240857735276222 1.116461768746376 0
      vertex 8.53398448228836 7.930053003132343 0
    endloop
  endfacet
  facet normal 0 0 -1
    outer loop
      vertex 8.53398448228836 7.930053003132343 0
      vertex 9.240857735276222 1.116461768746376 0
      vertex 9.075107112526894 1.099248394370079 0
    endloop
  endfacet
  facet normal 0 0 -1
    outer loop
      vertex 8.9095004722476 1.0815842524170876 0
      vertex 8.53398448228836 7.930053003132343 0
      vertex 9.075107112526894 1.099248394370079 0
    endloop
  endfacet
  facet normal 0 0 -1
    outer loop
      vertex 21.89988200366497 16.766847103834152 0
      vertex 22.111931435763836 17.253911837935448 0
      vertex 22.696649998426437 15.258483000099659 0
    endloop
  endfacet
  facet normal 0 0 -1
    outer loop
      vertex 8.9095004722476 1.0815842524170876 0
      vertex 7.853468917310238 7.852843791246414 0
      vertex 8.53398448228836 7.930053003132343 0
    endloop
  endfacet
  facet normal 0 0 -1
    outer loop
      vertex 8.9095004722476 1.0815842524170876 0
      vertex 8.744103036820889 1.0634658709168434 0
      vertex 7.853468917310238 7.852843791246414 0
    endloop
  endfacet
  facet normal 0 0 -1
    outer loop
      vertex 8.414196729660034 1.0258526131510735 0
      vertex 7.853468917310238 7.852843791246414 0
      vertex 8.578980050981045 1.0448898077011108 0
    endloop
  endfacet
  facet normal 0 0 -1
    outer loop
      vertex 8.414196729660034 1.0258526131510735 0
      vertex 7.183795191347599 7.770214259624481 0
      vertex 7.853468917310238 7.852843791246414 0
    endloop
  endfacet
  facet normal 0 0 -1
    outer loop
      vertex 8.414196729660034 1.0258526131510735 0
      vertex 8.249818302690983 1.0063508301973343 0
      vertex 7.183795191347599 7.770214259624481 0
    endloop
  endfacet
  facet normal 0 0 -1
    outer loop
      vertex 7.183795191347599 7.770214259624481 0
      vertex 8.249818302690983 1.0063508301973343 0
      vertex 8.085909999907017 0.9863810017704964 0
    endloop
  endfacet
  facet normal 0 0 -1
    outer loop
      vertex 7.849246472120285 0.9566956982016563 0
      vertex 7.183795191347599 7.770214259624481 0
      vertex 8.085909999907017 0.9863810017704964 0
    endloop
  endfacet
  facet normal 0 0 -1
    outer loop
      vertex 24.81785999983549 18.053621001541615 0
      vertex 22.696649998426437 15.258483000099659 0
      vertex 22.111931435763836 17.253911837935448 0
    endloop
  endfacet
  facet normal 0 0 -1
    outer loop
      vertex 7.849246472120285 0.9566956982016563 0
      vertex 6.524739533662796 7.6822765320539474 0
      vertex 7.183795191347599 7.770214259624481 0
    endloop
  endfacet
  facet normal 0 0 -1
    outer loop
      vertex 7.849246472120285 0.9566956982016563 0
      vertex 7.612536586821079 0.9256563261151314 0
      vertex 6.524739533662796 7.6822765320539474 0
    endloop
  endfacet
  facet normal 0 0 -1
    outer loop
      vertex 6.524739533662796 7.6822765320539474 0
      vertex 7.612536586821079 0.9256563261151314 0
      vertex 7.375812888145447 0.8932887315750122 0
    endloop
  endfacet
  facet normal 0 0 -1
    outer loop
      vertex 3.3807699978351593 3.9454019963741302 0
      vertex 6.524739533662796 7.6822765320539474 0
      vertex 7.375812888145447 0.8932887315750122 0
    endloop
  endfacet
  facet normal 0 0 -1
    outer loop
      vertex 22.111931435763836 17.253911837935448 0
      vertex 22.31817550212145 17.73714417219162 0
      vertex 24.81785999983549 18.053621001541615 0
    endloop
  endfacet
  facet normal 0 0 -1
    outer loop
      vertex 22.713689997792244 18.692404001951218 0
      vertex 24.820460215210915 18.056895904242992 0
      vertex 24.81785999983549 18.053621001541615 0
    endloop
  endfacet
  facet normal 0 0 -1
    outer loop
      vertex 22.713689997792244 18.692404001951218 0
      vertex 24.823100700974464 18.060132458806038 0
      vertex 24.820460215210915 18.056895904242992 0
    endloop
  endfacet
  facet normal 0 0 -1
    outer loop
      vertex 22.713689997792244 18.692404001951218 0
      vertex 24.825781241059303 18.06333040446043 0
      vertex 24.823100700974464 18.060132458806038 0
    endloop
  endfacet
  facet normal 0 0 -1
    outer loop
      vertex 22.713689997792244 18.692404001951218 0
      vertex 24.828501597046852 18.06648948043585 0
      vertex 24.825781241059303 18.06333040446043 0
    endloop
  endfacet
  facet normal 0 0 -1
    outer loop
      vertex 22.713689997792244 18.692404001951218 0
      vertex 24.831261560320854 18.069609440863132 0
      vertex 24.828501597046852 18.06648948043585 0
    endloop
  endfacet
  facet normal 0 0 -1
    outer loop
      vertex 22.713689997792244 18.692404001951218 0
      vertex 24.83406089991331 18.07269001752138 0
      vertex 24.831261560320854 18.069609440863132 0
    endloop
  endfacet
  facet normal 0 0 -1
    outer loop
      vertex 22.713689997792244 18.692404001951218 0
      vertex 24.836899384856224 18.075730971992016 0
      vertex 24.83406089991331 18.07269001752138 0
    endloop
  endfacet
  facet normal 0 0 -1
    outer loop
      vertex 22.713689997792244 18.692404001951218 0
      vertex 24.839776799082756 18.078732043504715 0
      vertex 24.836899384856224 18.075730971992016 0
    endloop
  endfacet
  facet normal 0 0 -1
    outer loop
      vertex 22.713689997792244 18.692404001951218 0
      vertex 24.84269291162491 18.081692963838577 0
      vertex 24.839776799082756 18.078732043504715 0
    endloop
  endfacet
  facet normal 0 0 -1
    outer loop
      vertex 22.713689997792244 18.692404001951218 0
      vertex 24.845647498965263 18.084613502025604 0
      vertex 24.84269291162491 18.081692963838577 0
    endloop
  endfacet
  facet normal 0 0 -1
    outer loop
      vertex 22.713689997792244 18.692404001951218 0
      vertex 24.848640337586403 18.087493382394314 0
      vertex 24.845647498965263 18.084613502025604 0
    endloop
  endfacet
  facet normal 0 0 -1
    outer loop
      vertex 22.713689997792244 18.692404001951218 0
      vertex 24.85167119652033 18.090332359075546 0
      vertex 24.848640337586403 18.087493382394314 0
    endloop
  endfacet
  facet normal 0 0 -1
    outer loop
      vertex 22.713689997792244 18.692404001951218 0
      vertex 24.854739859700203 18.09313017874956 0
      vertex 24.85167119652033 18.090332359075546 0
    endloop
  endfacet
  facet normal 0 0 -1
    outer loop
      vertex 22.713689997792244 18.692404001951218 0
      vertex 24.85784610360861 18.095886580646038 0
      vertex 24.854739859700203 18.09313017874956 0
    endloop
  endfacet
  facet normal 0 0 -1
    outer loop
      vertex 22.713689997792244 18.692404001951218 0
      vertex 24.860989689826965 18.098601311445236 0
      vertex 24.85784610360861 18.095886580646038 0
    endloop
  endfacet
  facet normal 0 0 -1
    outer loop
      vertex 3.3807699978351593 3.9454019963741302 0
      vertex 5.87607815861702 7.589142717421055 0
      vertex 6.524739533662796 7.6822765320539474 0
    endloop
  endfacet
  facet normal 0 0 -1
    outer loop
      vertex 24.860989689826965 18.098601311445236 0
      vertex 22.713689997792244 18.692404001951218 0
      vertex 24.864170402288437 18.101274117827415 0
    endloop
  endfacet
  facet normal 0 0 -1
    outer loop
      vertex 24.864170402288437 18.101274117827415 0
      vertex 22.713689997792244 18.692404001951218 0
      vertex 24.867388010025024 18.103904746472836 0
    endloop
  endfacet
  facet normal 0 0 -1
    outer loop
      vertex 24.867388010025024 18.103904746472836 0
      vertex 22.713689997792244 18.692404001951218 0
      vertex 24.87064229696989 18.106492936611176 0
    endloop
  endfacet
  facet normal 0 0 -1
    outer loop
      vertex 24.87064229696989 18.106492936611176 0
      vertex 22.713689997792244 18.692404001951218 0
      vertex 24.873933039605618 18.109038442373276 0
    endloop
  endfacet
  facet normal 0 0 -1
    outer loop
      vertex 24.873933039605618 18.109038442373276 0
      vertex 22.713689997792244 18.692404001951218 0
      vertex 24.877259999513626 18.111541002988815 0
    endloop
  endfacet
  facet normal 0 0 -1
    outer loop
      vertex 9.928436249494553 8.0677620023489 0
      vertex 10.234732441604137 1.2104690447449684 0
      vertex 9.225565664470196 8.001729778945446 0
    endloop
  endfacet
  facet normal 0 0 -1
    outer loop
      vertex 22.696649998426437 15.258483000099659 0
      vertex 21.457924500107765 15.780928112566471 0
      vertex 21.681916564702988 16.27587688714266 0
    endloop
  endfacet
  facet normal 0 0 -1
    outer loop
      vertex 10.891933120787144 1.2645624056458473 0
      vertex 10.7283301576972 1.2516668885946274 0
      vertex 9.928436249494553 8.0677620023489 0
    endloop
  endfacet
  facet normal 0 0 -1
    outer loop
      vertex 22.64257399737835 15.14667421579361 0
      vertex 21.457924500107765 15.780928112566471 0
      vertex 22.65140199661255 15.175679370760918 0
    endloop
  endfacet
  facet normal 0 0 -1
    outer loop
      vertex 12.843655720353127 1.3875941708683968 0
      vertex 12.857288107275963 8.273203022778034 0
      vertex 13.088480107486248 1.3992685601115227 0
    endloop
  endfacet
  facet normal 0 0 -1
    outer loop
      vertex 21.22779519110918 15.281927682459354 0
      vertex 21.457924500107765 15.780928112566471 0
      vertex 22.636755153536797 15.117312125861645 0
    endloop
  endfacet
  facet normal 0 0 -1
    outer loop
      vertex 22.633861266076565 15.05834523588419 0
      vertex 22.636644400656223 15.029154486954212 0
      vertex 21.22779519110918 15.281927682459354 0
    endloop
  endfacet
  facet normal 0 0 -1
    outer loop
      vertex 18.392007999122143 1.51654764264822 0
      vertex 17.62729000300169 8.392967998981476 0
      vertex 18.658164270222187 1.5176138877868652 0
    endloop
  endfacet
  facet normal 0 0 -1
    outer loop
      vertex 18.392007999122143 1.51654764264822 0
      vertex 18.125778079032898 1.5152021571993828 0
      vertex 17.62729000300169 8.392967998981476 0
    endloop
  endfacet
  facet normal 0 0 -1
    outer loop
      vertex 17.62729000300169 8.392967998981476 0
      vertex 17.85944514721632 1.513558067381382 0
      vertex 17.592979840934277 1.511596031486988 0
    endloop
  endfacet
  facet normal 0 0 -1
    outer loop
      vertex 17.326352797448635 1.509296678006649 0
      vertex 17.62729000300169 8.392967998981476 0
      vertex 17.592979840934277 1.511596031486988 0
    endloop
  endfacet
  facet normal 0 0 -1
    outer loop
      vertex 17.326352797448635 1.509296678006649 0
      vertex 16.79921767860651 8.389547765254974 0
      vertex 17.62729000300169 8.392967998981476 0
    endloop
  endfacet
  facet normal 0 0 -1
    outer loop
      vertex 16.79921767860651 8.389547765254974 0
      vertex 17.059534654021263 1.5066406577825546 0
      vertex 16.792496047914028 1.5036086067557335 0
    endloop
  endfacet
  facet normal 0 0 -1
    outer loop
      vertex 17.326352797448635 1.509296678006649 0
      vertex 17.059534654021263 1.5066406577825546 0
      vertex 16.79921767860651 8.389547765254974 0
    endloop
  endfacet
  facet normal 0 0 -1
    outer loop
      vertex 16.79921767860651 8.389547765254974 0
      vertex 16.792496047914028 1.5036086067557335 0
      vertex 16.525207616388798 1.5001811757683754 0
    endloop
  endfacet
  facet normal 0 0 -1
    outer loop
      vertex 15.984672531485558 8.379361800849438 0
      vertex 16.79921767860651 8.389547765254974 0
      vertex 16.525207616388798 1.5001811757683754 0
    endloop
  endfacet
  facet normal 0 0 -1
    outer loop
      vertex 16.25763999670744 1.496339000761509 0
      vertex 16.01613762974739 1.4917096495628357 0
      vertex 15.984672531485558 8.379361800849438 0
    endloop
  endfacet
  facet normal 0 0 -1
    outer loop
      vertex 16.25763999670744 1.496339000761509 0
      vertex 15.984672531485558 8.379361800849438 0
      vertex 16.525207616388798 1.5001811757683754 0
    endloop
  endfacet
  facet normal 0 0 -1
    outer loop
      vertex 16.01613762974739 1.4917096495628357 0
      vertex 15.774060040712357 1.486715778708458 0
      vertex 15.984672531485558 8.379361800849438 0
    endloop
  endfacet
  facet normal 0 0 -1
    outer loop
      vertex 15.984672531485558 8.379361800849438 0
      vertex 15.774060040712357 1.486715778708458 0
      vertex 15.183430776000023 8.362522229552269 0
    endloop
  endfacet
  facet normal 0 0 -1
    outer loop
      vertex 15.288392320275307 1.4755162075161934 0
      vertex 15.183430776000023 8.362522229552269 0
      vertex 15.531460508704185 1.4813278168439865 0
    endloop
  endfacet
  facet normal 0 0 -1
    outer loop
      vertex 15.183430776000023 8.362522229552269 0
      vertex 15.774060040712357 1.486715778708458 0
      vertex 15.531460508704185 1.4813278168439865 0
    endloop
  endfacet
  facet normal 0 0 -1
    outer loop
      vertex 14.395268641412258 8.33914116024971 0
      vertex 15.183430776000023 8.362522229552269 0
      vertex 15.044908747076988 1.4692513719201088 0
    endloop
  endfacet
  facet normal 0 0 -1
    outer loop
      vertex 14.80106308311224 1.4625037536025047 0
      vertex 14.395268641412258 8.33914116024971 0
      vertex 15.044908747076988 1.4692513719201088 0
    endloop
  endfacet
  facet normal 0 0 -1
    outer loop
      vertex 14.80106308311224 1.4625037536025047 0
      vertex 14.556908592581749 1.4552437737584114 0
      vertex 14.395268641412258 8.33914116024971 0
    endloop
  endfacet
  facet normal 0 0 -1
    outer loop
      vertex 7.853468917310238 7.852843791246414 0
      vertex 8.744103036820889 1.0634658709168434 0
      vertex 8.578980050981045 1.0448898077011108 0
    endloop
  endfacet
  facet normal 0 0 -1
    outer loop
      vertex 3.3807699978351593 3.9454019963741302 0
      vertex 7.375812888145447 0.8932887315750122 0
      vertex 7.139107920229435 0.8596187829971313 0
    endloop
  endfacet
  facet normal 0 0 -1
    outer loop
      vertex 7.139107920229435 0.8596187829971313 0
      vertex 6.902454219758511 0.8246723264455795 0
      vertex 3.3807699978351593 3.9454019963741302 0
    endloop
  endfacet
  facet normal 0 0 -1
    outer loop
      vertex 5.237587295472622 7.490924946963787 0
      vertex 5.87607815861702 7.589142717421055 0
      vertex 3.3807699978351593 3.9454019963741302 0
    endloop
  endfacet
  facet normal 0 0 -1
    outer loop
      vertex 3.3807699978351593 3.9454019963741302 0
      vertex 6.902454219758511 0.8246723264455795 0
      vertex 6.665884330868721 0.7884752228856087 0
    endloop
  endfacet
  facet normal 0 0 -1
    outer loop
      vertex 6.429430797696114 0.7510533183813095 0
      vertex 3.3807699978351593 3.9454019963741302 0
      vertex 6.665884330868721 0.7884752228856087 0
    endloop
  endfacet
  facet normal 0 0 -1
    outer loop
      vertex 6.429430797696114 0.7510533183813095 0
      vertex 6.193126156926155 0.712432473897934 0
      vertex 3.3807699978351593 3.9454019963741302 0
    endloop
  endfacet
  facet normal 0 0 -1
    outer loop
      vertex 4.609043173491955 7.3877353221178055 0
      vertex 5.237587295472622 7.490924946963787 0
      vertex 3.3807699978351593 3.9454019963741302 0
    endloop
  endfacet
  facet normal 0 0 -1
    outer loop
      vertex 3.3807699978351593 3.9454019963741302 0
      vertex 6.193126156926155 0.712432473897934 0
      vertex 3.381090000271797 2.486938998103142 0
    endloop
  endfacet
  facet normal 0 0 -1
    outer loop
      vertex 3.381090000271797 2.486938998103142 0
      vertex 6.193126156926155 0.712432473897934 0
      vertex 5.9570029601454735 0.6726385429501534 0
    endloop
  endfacet
  facet normal 0 0 -1
    outer loop
      vertex 4.609043173491955 7.3877353221178055 0
      vertex 3.3807699978351593 3.9454019963741302 0
      vertex 3.9902219995856285 7.279685966670513 0
    endloop
  endfacet
  facet normal 0 0 -1
    outer loop
      vertex 5.721093751490116 0.6316973716020584 0
      vertex 3.381090000271797 2.486938998103142 0
      vertex 5.9570029601454735 0.6726385429501534 0
    endloop
  endfacet
  facet normal 0 0 -1
    outer loop
      vertex 5.721093751490116 0.6316973716020584 0
      vertex 5.485431060194969 0.5896348357200623 0
      vertex 3.381090000271797 2.486938998103142 0
    endloop
  endfacet
  facet normal 0 0 -1
    outer loop
      vertex 3.3807699978351593 3.9454019963741302 0
      vertex 3.380900003015995 7.166888996958733 0
      vertex 3.9902219995856285 7.279685966670513 0
    endloop
  endfacet
  facet normal 0 0 -1
    outer loop
      vertex 3.381090000271797 2.486938998103142 0
      vertex 5.485431060194969 0.5896348357200623 0
      vertex 5.250047437846661 0.5464767664670944 0
    endloop
  endfacet
  facet normal 0 0 -1
    outer loop
      vertex 5.014975428581238 0.5022490322589874 0
      vertex 3.381090000271797 2.486938998103142 0
      vertex 5.250047437846661 0.5464767664670944 0
    endloop
  endfacet
  facet normal 0 0 -1
    outer loop
      vertex 5.014975428581238 0.5022490322589874 0
      vertex 4.7802475690841675 0.4569774866104126 0
      vertex 3.381090000271797 2.486938998103142 0
    endloop
  endfacet
  facet normal 0 0 -1
    outer loop
      vertex 3.381090000271797 2.486938998103142 0
      vertex 4.7802475690841675 0.4569774866104126 0
      vertex 4.545896403491497 0.41068798303604126 0
    endloop
  endfacet
  facet normal 0 0 -1
    outer loop
      vertex 4.311954483389854 0.36340637505054474 0
      vertex 3.381090000271797 2.486938998103142 0
      vertex 4.545896403491497 0.41068798303604126 0
    endloop
  endfacet
  facet normal 0 0 -1
    outer loop
      vertex 4.311954483389854 0.36340637505054474 0
      vertex 4.078454330563545 0.31515851616859436 0
      vertex 3.381090000271797 2.486938998103142 0
    endloop
  endfacet
  facet normal 0 0 -1
    outer loop
      vertex 3.381090000271797 2.486938998103142 0
      vertex 4.078454330563545 0.31515851616859436 0
      vertex 3.8454285115003586 0.26597026735544205 0
    endloop
  endfacet
  facet normal 0 0 -1
    outer loop
      vertex 0.1323999986052513 1.8353499993681908 0
      vertex 0.1322999969124794 5.271122999489307 0
      vertex 3.3807699978351593 3.9454019963741302 0
    endloop
  endfacet
  facet normal 0 0 -1
    outer loop
      vertex 3.6129095479846 0.21586747467517853 0
      vertex 3.381090000271797 2.486938998103142 0
      vertex 3.8454285115003586 0.26597026735544205 0
    endloop
  endfacet
  facet normal 0 0 -1
    outer loop
      vertex 3.381090000271797 2.486938998103142 0
      vertex 0.1323999986052513 1.8353499993681908 0
      vertex 3.3807699978351593 3.9454019963741302 0
    endloop
  endfacet
  facet normal 0 0 -1
    outer loop
      vertex 3.6129095479846 0.21586747467517853 0
      vertex 3.3809299990534782 0.16487599909305573 0
      vertex 3.381090000271797 2.486938998103142 0
    endloop
  endfacet
  facet normal 0 0 1
    outer loop
      vertex 13.57826802879572 1.4204889088869095 3
      vertex 13.823124997317791 1.4300940036773682 3
      vertex 13.619962342083454 8.309330716729164 3
    endloop
  endfacet
  facet normal 0 0 1
    outer loop
      vertex 13.823124997317791 1.4300940036773682 3
      vertex 14.067886270582676 1.439068466424942 3
      vertex 13.619962342083454 8.309330716729164 3
    endloop
  endfacet
  facet normal 0 0 1
    outer loop
      vertex 26.766577199101448 17.570446863770485 3
      vertex 26.768552348017693 17.563600808382034 3
      vertex 29.373439997434616 16.907895997166634 3
    endloop
  endfacet
  facet normal 0 0 1
    outer loop
      vertex 21.22779519110918 15.281927682459354 3
      vertex 22.63387455046177 15.08780012279749 3
      vertex 22.636755153536797 15.117312125861645 3
    endloop
  endfacet
  facet normal 0 0 1
    outer loop
      vertex 26.768552348017693 17.563600808382034 3
      vertex 26.77036640048027 17.556713476777077 3
      vertex 29.373439997434616 16.907895997166634 3
    endloop
  endfacet
  facet normal 0 0 1
    outer loop
      vertex 14.312498562037945 1.4474418610334396 3
      vertex 13.619962342083454 8.309330716729164 3
      vertex 14.067886270582676 1.439068466424942 3
    endloop
  endfacet
  facet normal 0 0 1
    outer loop
      vertex 22.633861266076565 15.05834523588419 3
      vertex 22.63387455046177 15.08780012279749 3
      vertex 21.22779519110918 15.281927682459354 3
    endloop
  endfacet
  facet normal 0 0 1
    outer loop
      vertex 14.312498562037945 1.4474418610334396 3
      vertex 14.395268641412258 8.33914116024971 3
      vertex 13.619962342083454 8.309330716729164 3
    endloop
  endfacet
  facet normal 0 0 1
    outer loop
      vertex 29.373439997434616 16.907895997166634 3
      vertex 26.777850799262524 17.514682084321976 3
      vertex 26.77852874994278 17.507585518062115 3
    endloop
  endfacet
  facet normal 0 0 1
    outer loop
      vertex 14.395268641412258 8.33914116024971 3
      vertex 14.312498562037945 1.4474418610334396 3
      vertex 14.556908592581749 1.4552437737584114 3
    endloop
  endfacet
  facet normal 0 0 1
    outer loop
      vertex 15.044908747076988 1.4692513719201088 3
      vertex 15.288392320275307 1.4755162075161934 3
      vertex 15.183430776000023 8.362522229552269 3
    endloop
  endfacet
  facet normal 0 0 1
    outer loop
      vertex 26.77960254997015 17.479042641818523 3
      vertex 29.373439997434616 16.907895997166634 3
      vertex 26.779580399394035 17.486196152865887 3
    endloop
  endfacet
  facet normal 0 0 1
    outer loop
      vertex 22.636644400656223 15.029154486954212 3
      vertex 21.22779519110918 15.281927682459354 3
      vertex 22.642153032124043 15.000434897840023 3
    endloop
  endfacet
  facet normal 0 0 1
    outer loop
      vertex 18.658164270222187 1.5176138877868652 3
      vertex 18.924276247620583 1.518420249223709 3
      vertex 17.62729000300169 8.392967998981476 3
    endloop
  endfacet
  facet normal 0 0 1
    outer loop
      vertex 28.447522558271885 14.616545036435127 3
      vertex 28.566197253763676 14.90175198763609 3
      vertex 26.566679999232292 14.165913000702858 3
    endloop
  endfacet
  facet normal 0 0 1
    outer loop
      vertex 20.99141799658537 14.778802514076233 3
      vertex 22.661063142120838 14.945237308740616 3
      vertex 22.65031625330448 14.972393497824669 3
    endloop
  endfacet
  facet normal 0 0 1
    outer loop
      vertex 28.447522558271885 14.616545036435127 3
      vertex 26.566679999232292 14.165913000702858 3
      vertex 28.327868305146694 14.331773065030575 3
    endloop
  endfacet
  facet normal 0 0 1
    outer loop
      vertex 20.99141799658537 14.778802514076233 3
      vertex 22.674322798848152 14.91917335242033 3
      vertex 22.661063142120838 14.945237308740616 3
    endloop
  endfacet
  facet normal 0 0 1
    outer loop
      vertex 26.557933650910854 14.109865553677082 3
      vertex 26.549983933568 14.08340921252966 3
      vertex 27.96255823969841 13.480362638831139 3
    endloop
  endfacet
  facet normal 0 0 1
    outer loop
      vertex 25.155168682336807 7.784690648317337 3
      vertex 18.862202003598213 10.596540413796902 3
      vertex 24.890689119696617 7.297083407640457 3
    endloop
  endfacet
  facet normal 0 0 1
    outer loop
      vertex 26.549983933568 14.08340921252966 3
      vertex 26.539821602404118 14.058121606707573 3
      vertex 27.96255823969841 13.480362638831139 3
    endloop
  endfacet
  facet normal 0 0 1
    outer loop
      vertex 27.96255823969841 13.480362638831139 3
      vertex 26.527575470507145 14.034095577895641 3
      vertex 27.838515795767307 13.197626233100891 3
    endloop
  endfacet
  facet normal 0 0 1
    outer loop
      vertex 20.243692934513092 13.243947736918926 3
      vertex 19.98121800273657 12.723592765629292 3
      vertex 22.86235000193119 14.774824999272823 3
    endloop
  endfacet
  facet normal 0 0 1
    outer loop
      vertex 20.74868231266737 14.271479524672031 3
      vertex 20.49947749823332 13.759885624051094 3
      vertex 22.802677646279335 14.797319866716862 3
    endloop
  endfacet
  facet normal 0 0 1
    outer loop
      vertex 20.49947749823332 13.759885624051094 3
      vertex 22.86235000193119 14.774824999272823 3
      vertex 22.83154109120369 14.784698218107224 3
    endloop
  endfacet
  facet normal 0 0 1
    outer loop
      vertex 26.460329197347164 13.952464252710342 3
      vertex 27.71325881779194 12.915472634136677 3
      vertex 26.479622401297092 13.970515467226505 3
    endloop
  endfacet
  facet normal 0 0 1
    outer loop
      vertex 22.86235000193119 14.774824999272823 3
      vertex 20.49947749823332 13.759885624051094 3
      vertex 20.243692934513092 13.243947736918926 3
    endloop
  endfacet
  facet normal 0 0 1
    outer loop
      vertex 26.439596250653267 13.93613887578249 3
      vertex 27.71325881779194 12.915472634136677 3
      vertex 26.460329197347164 13.952464252710342 3
    endloop
  endfacet
  facet normal 0 0 1
    outer loop
      vertex 26.188490517437458 9.748167231678963 3
      vertex 26.439944081008434 10.24265030771494 3
      vertex 22.86235000193119 14.774824999272823 3
    endloop
  endfacet
  facet normal 0 0 1
    outer loop
      vertex 26.6883557587862 10.738719761371613 3
      vertex 26.181419998407364 13.888232998549938 3
      vertex 22.86235000193119 14.774824999272823 3
    endloop
  endfacet
  facet normal 0 0 1
    outer loop
      vertex 27.58674031496048 12.633931420743465 3
      vertex 27.71325881779194 12.915472634136677 3
      vertex 26.41755238175392 13.921632178127766 3
    endloop
  endfacet
  facet normal 0 0 1
    outer loop
      vertex 26.181419998407364 13.888232998549938 3
      vertex 26.6883557587862 10.738719761371613 3
      vertex 26.9335800036788 11.236446000635624 3
    endloop
  endfacet
  facet normal 0 0 1
    outer loop
      vertex 26.181419998407364 13.888232998549938 3
      vertex 27.06711108237505 11.514481768012047 3
      vertex 27.199145659804344 11.793277762830257 3
    endloop
  endfacet
  facet normal 0 0 1
    outer loop
      vertex 27.58674031496048 12.633931420743465 3
      vertex 26.41755238175392 13.921632178127766 3
      vertex 26.394326396286488 13.90903701633215 3
    endloop
  endfacet
  facet normal 0 0 1
    outer loop
      vertex 27.199145659804344 11.793277762830257 3
      vertex 26.209465630352497 13.882193267345428 3
      vertex 26.181419998407364 13.888232998549938 3
    endloop
  endfacet
  facet normal 0 0 1
    outer loop
      vertex 27.458913281559944 12.353032156825066 3
      vertex 27.58674031496048 12.633931420743465 3
      vertex 26.344843350350857 13.889952689409256 3
    endloop
  endfacet
  facet normal 0 0 1
    outer loop
      vertex 27.458913281559944 12.353032156825066 3
      vertex 26.344843350350857 13.889952689409256 3
      vertex 26.31884390860796 13.883649237453938 3
    endloop
  endfacet
  facet normal 0 0 1
    outer loop
      vertex 27.06711108237505 11.514481768012047 3
      vertex 26.181419998407364 13.888232998549938 3
      vertex 26.9335800036788 11.236446000635624 3
    endloop
  endfacet
  facet normal 0 0 1
    outer loop
      vertex 26.439944081008434 10.24265030771494 3
      vertex 26.6883557587862 10.738719761371613 3
      vertex 22.86235000193119 14.774824999272823 3
    endloop
  endfacet
  facet normal 0 0 1
    outer loop
      vertex 22.674322798848152 14.91917335242033 3
      vertex 20.99141799658537 14.778802514076233 3
      vertex 22.690024308860302 14.894408650696278 3
    endloop
  endfacet
  facet normal 0 0 1
    outer loop
      vertex 22.802677646279335 14.797319866716862 3
      vertex 22.77583058178425 14.812482915818691 3
      vertex 20.74868231266737 14.271479524672031 3
    endloop
  endfacet
  facet normal 0 0 1
    outer loop
      vertex 25.934140637516975 9.255200132727623 3
      vertex 19.711942061781883 12.198747634887695 3
      vertex 25.67704000324011 8.76367861032486 3
    endloop
  endfacet
  facet normal 0 0 1
    outer loop
      vertex 22.708096750080585 14.871150232851505 3
      vertex 22.690024308860302 14.894408650696278 3
      vertex 20.99141799658537 14.778802514076233 3
    endloop
  endfacet
  facet normal 0 0 1
    outer loop
      vertex 22.77583058178425 14.812482915818691 3
      vertex 22.75107079744339 14.829980343580246 3
      vertex 20.74868231266737 14.271479524672031 3
    endloop
  endfacet
  facet normal 0 0 1
    outer loop
      vertex 25.934140637516975 9.255200132727623 3
      vertex 19.98121800273657 12.723592765629292 3
      vertex 19.711942061781883 12.198747634887695 3
    endloop
  endfacet
  facet normal 0 0 1
    outer loop
      vertex 20.99141799658537 14.778802514076233 3
      vertex 22.72846921533346 14.84960512816906 3
      vertex 22.708096750080585 14.871150232851505 3
    endloop
  endfacet
  facet normal 0 0 1
    outer loop
      vertex 22.75107079744339 14.829980343580246 3
      vertex 22.72846921533346 14.84960512816906 3
      vertex 20.74868231266737 14.271479524672031 3
    endloop
  endfacet
  facet normal 0 0 1
    outer loop
      vertex 25.934140637516975 9.255200132727623 3
      vertex 26.188490517437458 9.748167231678963 3
      vertex 19.98121800273657 12.723592765629292 3
    endloop
  endfacet
  facet normal 0 0 1
    outer loop
      vertex 22.72846921533346 14.84960512816906 3
      vertex 20.99141799658537 14.778802514076233 3
      vertex 20.74868231266737 14.271479524672031 3
    endloop
  endfacet
  facet normal 0 0 1
    outer loop
      vertex 22.86235000193119 14.774824999272823 3
      vertex 19.98121800273657 12.723592765629292 3
      vertex 26.188490517437458 9.748167231678963 3
    endloop
  endfacet
  facet normal 0 0 1
    outer loop
      vertex 25.67704000324011 8.76367861032486 3
      vertex 19.435754500329494 11.669339261949062 3
      vertex 25.417334161698818 8.273532249033451 3
    endloop
  endfacet
  facet normal 0 0 1
    outer loop
      vertex 25.417334161698818 8.273532249033451 3
      vertex 19.15254468470812 11.135294549167156 3
      vertex 25.155168682336807 7.784690648317337 3
    endloop
  endfacet
  facet normal 0 0 1
    outer loop
      vertex 19.435754500329494 11.669339261949062 3
      vertex 19.15254468470812 11.135294549167156 3
      vertex 25.417334161698818 8.273532249033451 3
    endloop
  endfacet
  facet normal 0 0 1
    outer loop
      vertex 18.862202003598213 10.596540413796902 3
      vertex 25.155168682336807 7.784690648317337 3
      vertex 19.15254468470812 11.135294549167156 3
    endloop
  endfacet
  facet normal 0 0 1
    outer loop
      vertex 24.62404104322195 6.8106401190161705 3
      vertex 18.862202003598213 10.596540413796902 3
      vertex 18.564615815877914 10.053003780543804 3
    endloop
  endfacet
  facet normal 0 0 1
    outer loop
      vertex 24.890689119696617 7.297083407640457 3
      vertex 18.862202003598213 10.596540413796902 3
      vertex 24.62404104322195 6.8106401190161705 3
    endloop
  endfacet
  facet normal 0 0 1
    outer loop
      vertex 18.564615815877914 10.053003780543804 3
      vertex 24.35537000000477 6.325290374457836 3
      vertex 24.62404104322195 6.8106401190161705 3
    endloop
  endfacet
  facet normal 0 0 1
    outer loop
      vertex 17.947270438075066 8.951290659606457 3
      vertex 24.084821559488773 5.840963773429394 3
      vertex 18.2596755027771 9.504611559212208 3
    endloop
  endfacet
  facet normal 0 0 1
    outer loop
      vertex 24.084821559488773 5.840963773429394 3
      vertex 24.35537000000477 6.325290374457836 3
      vertex 18.2596755027771 9.504611559212208 3
    endloop
  endfacet
  facet normal 0 0 1
    outer loop
      vertex 24.084821559488773 5.840963773429394 3
      vertex 17.947270438075066 8.951290659606457 3
      vertex 23.812541283667088 5.357589915394783 3
    endloop
  endfacet
  facet normal 0 0 1
    outer loop
      vertex 17.62729000300169 8.392967998981476 3
      vertex 23.26336743682623 4.3934187814593315 3
      vertex 23.538674719631672 4.875098384916782 3
    endloop
  endfacet
  facet normal 0 0 1
    outer loop
      vertex 17.62729000300169 8.392967998981476 3
      vertex 23.538674719631672 4.875098384916782 3
      vertex 23.812541283667088 5.357589915394783 3
    endloop
  endfacet
  facet normal 0 0 1
    outer loop
      vertex 17.62729000300169 8.392967998981476 3
      vertex 22.70901296287775 3.432213746011257 3
      vertex 22.98676499724388 3.91248070448637 3
    endloop
  endfacet
  facet normal 0 0 1
    outer loop
      vertex 19.722640097141266 1.5194736197590828 3
      vertex 22.70901296287775 3.432213746011257 3
      vertex 19.45648480206728 1.5193307623267174 3
    endloop
  endfacet
  facet normal 0 0 1
    outer loop
      vertex 22.430256880819798 2.952547498047352 3
      vertex 22.70901296287775 3.432213746011257 3
      vertex 19.722640097141266 1.5194736197590828 3
    endloop
  endfacet
  facet normal 0 0 1
    outer loop
      vertex 22.430256880819798 2.952547498047352 3
      vertex 19.722640097141266 1.5194736197590828 3
      vertex 19.988868549466133 1.5194340273737907 3
    endloop
  endfacet
  facet normal 0 0 1
    outer loop
      vertex 22.430256880819798 2.952547498047352 3
      vertex 19.988868549466133 1.5194340273737907 3
      vertex 20.255199529230595 1.519231341779232 3
    endloop
  endfacet
  facet normal 0 0 1
    outer loop
      vertex 22.430256880819798 2.952547498047352 3
      vertex 20.255199529230595 1.519231341779232 3
      vertex 22.150642320513725 2.4734115600585938 3
    endloop
  endfacet
  facet normal 0 0 1
    outer loop
      vertex 20.255199529230595 1.519231341779232 3
      vertex 20.521662399172783 1.5188849195837975 3
      vertex 22.150642320513725 2.4734115600585938 3
    endloop
  endfacet
  facet normal 0 0 1
    outer loop
      vertex 20.521662399172783 1.5188849195837975 3
      vertex 20.78828652203083 1.5184141173958778 3
      vertex 22.150642320513725 2.4734115600585938 3
    endloop
  endfacet
  facet normal 0 0 1
    outer loop
      vertex 20.78828652203083 1.5184141173958778 3
      vertex 21.870314836502075 1.9947355315089226 3
      vertex 22.150642320513725 2.4734115600585938 3
    endloop
  endfacet
  facet normal 0 0 1
    outer loop
      vertex 21.05510125309229 1.517838291823864 3
      vertex 21.870314836502075 1.9947355315089226 3
      vertex 20.78828652203083 1.5184141173958778 3
    endloop
  endfacet
  facet normal 0 0 1
    outer loop
      vertex 21.32213595509529 1.5171767994761467 3
      vertex 21.870314836502075 1.9947355315089226 3
      vertex 21.05510125309229 1.517838291823864 3
    endloop
  endfacet
  facet normal 0 0 1
    outer loop
      vertex 22.51872481405735 18.216617196798325 3
      vertex 22.31817550212145 17.73714417219162 3
      vertex 24.81785999983549 18.053621001541615 3
    endloop
  endfacet
  facet normal 0 0 1
    outer loop
      vertex 21.58941999822855 1.5164489969611168 3
      vertex 21.870314836502075 1.9947355315089226 3
      vertex 21.32213595509529 1.5171767994761467 3
    endloop
  endfacet
  facet normal 0 0 1
    outer loop
      vertex 27.58674031496048 12.633931420743465 3
      vertex 26.394326396286488 13.90903701633215 3
      vertex 26.370047122240067 13.89844623953104 3
    endloop
  endfacet
  facet normal 0 0 1
    outer loop
      vertex 19.711942061781883 12.198747634887695 3
      vertex 19.435754500329494 11.669339261949062 3
      vertex 25.67704000324011 8.76367861032486 3
    endloop
  endfacet
  facet normal 0 0 1
    outer loop
      vertex 26.566679999232292 14.165913000702858 3
      vertex 28.68393938243389 15.18736433237791 3
      vertex 26.77945999801159 17.47188200056553 3
    endloop
  endfacet
  facet normal 0 0 1
    outer loop
      vertex 29.373439997434616 16.907895997166634 3
      vertex 26.77852874994278 17.507585518062115 3
      vertex 26.779043197631836 17.50047043710947 3
    endloop
  endfacet
  facet normal 0 0 1
    outer loop
      vertex 26.77036640048027 17.556713476777077 3
      vertex 26.772019051015377 17.54978772252798 3
      vertex 29.373439997434616 16.907895997166634 3
    endloop
  endfacet
  facet normal 0 0 1
    outer loop
      vertex 26.766577199101448 17.570446863770485 3
      vertex 29.373439997434616 16.907895997166634 3
      vertex 26.76444125175476 17.57724879682064 3
    endloop
  endfacet
  facet normal 0 0 1
    outer loop
      vertex 29.373439997434616 16.907895997166634 3
      vertex 26.762144796550274 17.584003761410713 3
      vertex 26.76444125175476 17.57724879682064 3
    endloop
  endfacet
  facet normal 0 0 1
    outer loop
      vertex 13.619962342083454 8.309330716729164 3
      vertex 12.857288107275963 8.273203022778034 3
      vertex 13.57826802879572 1.4204889088869095 3
    endloop
  endfacet
  facet normal 0 0 1
    outer loop
      vertex 12.857288107275963 8.273203022778034 3
      vertex 13.333368636667728 1.4102236181497574 3
      vertex 13.57826802879572 1.4204889088869095 3
    endloop
  endfacet
  facet normal 0 0 1
    outer loop
      vertex 29.373439997434616 16.907895997166634 3
      vertex 26.759688146412373 17.590708911418915 3
      vertex 26.762144796550274 17.584003761410713 3
    endloop
  endfacet
  facet normal 0 0 1
    outer loop
      vertex 13.088480107486248 1.3992685601115227 3
      vertex 13.333368636667728 1.4102236181497574 3
      vertex 12.857288107275963 8.273203022778034 3
    endloop
  endfacet
  facet normal 0 0 1
    outer loop
      vertex 26.759688146412373 17.590708911418915 3
      vertex 29.373439997434616 16.907895997166634 3
      vertex 26.75707159936428 17.597361393272877 3
    endloop
  endfacet
  facet normal 0 0 1
    outer loop
      vertex 26.754295453429222 17.603958375751972 3
      vertex 26.75707159936428 17.597361393272877 3
      vertex 29.373439997434616 16.907895997166634 3
    endloop
  endfacet
  facet normal 0 0 1
    outer loop
      vertex 12.857288107275963 8.273203022778034 3
      vertex 12.107022158801556 8.230870179831982 3
      vertex 12.843655720353127 1.3875941708683968 3
    endloop
  endfacet
  facet normal 0 0 1
    outer loop
      vertex 29.373439997434616 16.907895997166634 3
      vertex 26.75135999917984 17.610496997833252 3
      vertex 26.754295453429222 17.603958375751972 3
    endloop
  endfacet
  facet normal 0 0 1
    outer loop
      vertex 21.457924500107765 15.780928112566471 3
      vertex 22.636755153536797 15.117312125861645 3
      vertex 22.64257399737835 15.14667421579361 3
    endloop
  endfacet
  facet normal 0 0 1
    outer loop
      vertex 12.107022158801556 8.230870179831982 3
      vertex 12.598948746919632 1.3751708716154099 3
      vertex 12.843655720353127 1.3875941708683968 3
    endloop
  endfacet
  facet normal 0 0 1
    outer loop
      vertex 12.354412481188774 1.3619691133499146 3
      vertex 12.598948746919632 1.3751708716154099 3
      vertex 12.107022158801556 8.230870179831982 3
    endloop
  endfacet
  facet normal 0 0 1
    outer loop
      vertex 12.354412481188774 1.3619691133499146 3
      vertex 12.107022158801556 8.230870179831982 3
      vertex 12.11010018736124 1.3479593098163605 3
    endloop
  endfacet
  facet normal 0 0 1
    outer loop
      vertex 12.107022158801556 8.230870179831982 3
      vertex 11.368940718472004 8.18244431912899 3
      vertex 12.11010018736124 1.3479593098163605 3
    endloop
  endfacet
  facet normal 0 0 1
    outer loop
      vertex 11.368940718472004 8.18244431912899 3
      vertex 11.86606515944004 1.3331119045615196 3
      vertex 12.11010018736124 1.3479593098163605 3
    endloop
  endfacet
  facet normal 0 0 1
    outer loop
      vertex 11.622360669076443 1.3173973262310028 3
      vertex 11.86606515944004 1.3331119045615196 3
      vertex 11.368940718472004 8.18244431912899 3
    endloop
  endfacet
  facet normal 0 0 1
    outer loop
      vertex 11.622360669076443 1.3173973262310028 3
      vertex 11.368940718472004 8.18244431912899 3
      vertex 11.379040002822876 1.3007860034704208 3
    endloop
  endfacet
  facet normal 0 0 1
    outer loop
      vertex 21.457924500107765 15.780928112566471 3
      vertex 22.65140199661255 15.175679370760918 3
      vertex 22.663310050964355 15.204120568931103 3
    endloop
  endfacet
  facet normal 0 0 1
    outer loop
      vertex 11.368940718472004 8.18244431912899 3
      vertex 10.64282000809908 8.128037557005882 3
      vertex 11.379040002822876 1.3007860034704208 3
    endloop
  endfacet
  facet normal 0 0 1
    outer loop
      vertex 10.64282000809908 8.128037557005882 3
      vertex 11.217353269457817 1.289118506014347 3
      vertex 11.379040002822876 1.3007860034704208 3
    endloop
  endfacet
  facet normal 0 0 1
    outer loop
      vertex 11.054962567985058 1.2770451232790947 3
      vertex 11.217353269457817 1.289118506014347 3
      vertex 10.64282000809908 8.128037557005882 3
    endloop
  endfacet
  facet normal 0 0 1
    outer loop
      vertex 11.054962567985058 1.2770451232790947 3
      vertex 10.64282000809908 8.128037557005882 3
      vertex 10.891933120787144 1.2645624056458473 3
    endloop
  endfacet
  facet normal 0 0 1
    outer loop
      vertex 10.64282000809908 8.128037557005882 3
      vertex 9.928436249494553 8.0677620023489 3
      vertex 10.891933120787144 1.2645624056458473 3
    endloop
  endfacet
  facet normal 0 0 1
    outer loop
      vertex 22.67836908251047 15.231790788471699 3
      vertex 21.457924500107765 15.780928112566471 3
      vertex 22.663310050964355 15.204120568931103 3
    endloop
  endfacet
  facet normal 0 0 1
    outer loop
      vertex 10.564218908548355 1.2383551225066185 3
      vertex 10.7283301576972 1.2516668885946274 3
      vertex 9.928436249494553 8.0677620023489 3
    endloop
  endfacet
  facet normal 0 0 1
    outer loop
      vertex 21.457924500107765 15.780928112566471 3
      vertex 22.67836908251047 15.231790788471699 3
      vertex 22.696649998426437 15.258483000099659 3
    endloop
  endfacet
  facet normal 0 0 1
    outer loop
      vertex 10.564218908548355 1.2383551225066185 3
      vertex 9.928436249494553 8.0677620023489 3
      vertex 10.399664588272572 1.224623665213585 3
    endloop
  endfacet
  facet normal 0 0 1
    outer loop
      vertex 9.928436249494553 8.0677620023489 3
      vertex 10.234732441604137 1.2104690447449684 3
      vertex 10.399664588272572 1.224623665213585 3
    endloop
  endfacet
  facet normal 0 0 1
    outer loop
      vertex 10.069487683475018 1.1958878263831139 3
      vertex 10.234732441604137 1.2104690447449684 3
      vertex 9.225565664470196 8.001729778945446 3
    endloop
  endfacet
  facet normal 0 0 1
    outer loop
      vertex 10.069487683475018 1.1958878263831139 3
      vertex 9.225565664470196 8.001729778945446 3
      vertex 9.903995543718338 1.1808765456080437 3
    endloop
  endfacet
  facet normal 0 0 1
    outer loop
      vertex 9.225565664470196 8.001729778945446 3
      vertex 9.738321252167225 1.1654317528009415 3
      vertex 9.903995543718338 1.1808765456080437 3
    endloop
  endfacet
  facet normal 0 0 1
    outer loop
      vertex 21.681916564702988 16.27587688714266 3
      vertex 22.696649998426437 15.258483000099659 3
      vertex 21.89988200366497 16.766847103834152 3
    endloop
  endfacet
  facet normal 0 0 1
    outer loop
      vertex 29.373439997434616 16.907895997166634 3
      vertex 26.772019051015377 17.54978772252798 3
      vertex 26.77351000159979 17.542826376855373 3
    endloop
  endfacet
  facet normal 0 0 1
    outer loop
      vertex 29.373439997434616 16.907895997166634 3
      vertex 26.7748389467597 17.535832293331623 3
      vertex 26.77600560337305 17.528808318078518 3
    endloop
  endfacet
  facet normal 0 0 1
    outer loop
      vertex 29.373439997434616 16.907895997166634 3
      vertex 26.77351000159979 17.542826376855373 3
      vertex 26.7748389467597 17.535832293331623 3
    endloop
  endfacet
  facet normal 0 0 1
    outer loop
      vertex 29.373439997434616 16.907895997166634 3
      vertex 26.77600560337305 17.528808318078518 3
      vertex 26.777009651064873 17.521757304668427 3
    endloop
  endfacet
  facet normal 0 0 1
    outer loop
      vertex 29.373439997434616 16.907895997166634 3
      vertex 26.777009651064873 17.521757304668427 3
      vertex 26.777850799262524 17.514682084321976 3
    endloop
  endfacet
  facet normal 0 0 1
    outer loop
      vertex 29.373439997434616 16.907895997166634 3
      vertex 26.779043197631836 17.50047043710947 3
      vertex 26.77939385175705 17.493339702486992 3
    endloop
  endfacet
  facet normal 0 0 1
    outer loop
      vertex 29.373439997434616 16.907895997166634 3
      vertex 26.77939385175705 17.493339702486992 3
      vertex 26.779580399394035 17.486196152865887 3
    endloop
  endfacet
  facet normal 0 0 1
    outer loop
      vertex 26.77945999801159 17.47188200056553 3
      vertex 29.373439997434616 16.907895997166634 3
      vertex 26.77960254997015 17.479042641818523 3
    endloop
  endfacet
  facet normal 0 0 1
    outer loop
      vertex 29.260306365787983 16.6204721853137 3
      vertex 29.373439997434616 16.907895997166634 3
      vertex 26.77945999801159 17.47188200056553 3
    endloop
  endfacet
  facet normal 0 0 1
    outer loop
      vertex 29.260306365787983 16.6204721853137 3
      vertex 26.77945999801159 17.47188200056553 3
      vertex 29.146522141993046 16.333276368677616 3
    endloop
  endfacet
  facet normal 0 0 1
    outer loop
      vertex 28.916813917458057 15.759686961770058 3
      vertex 29.03204032033682 16.046338096261024 3
      vertex 26.77945999801159 17.47188200056553 3
    endloop
  endfacet
  facet normal 0 0 1
    outer loop
      vertex 26.77945999801159 17.47188200056553 3
      vertex 29.03204032033682 16.046338096261024 3
      vertex 29.146522141993046 16.333276368677616 3
    endloop
  endfacet
  facet normal 0 0 1
    outer loop
      vertex 28.916813917458057 15.759686961770058 3
      vertex 26.77945999801159 17.47188200056553 3
      vertex 28.800795935094357 15.473352514207363 3
    endloop
  endfacet
  facet normal 0 0 1
    outer loop
      vertex 26.77945999801159 17.47188200056553 3
      vertex 28.68393938243389 15.18736433237791 3
      vertex 28.800795935094357 15.473352514207363 3
    endloop
  endfacet
  facet normal 0 0 1
    outer loop
      vertex 26.566679999232292 14.165913000702858 3
      vertex 28.566197253763676 14.90175198763609 3
      vertex 28.68393938243389 15.18736433237791 3
    endloop
  endfacet
  facet normal 0 0 1
    outer loop
      vertex 26.566679999232292 14.165913000702858 3
      vertex 28.20718750357628 14.04746562242508 3
      vertex 28.327868305146694 14.331773065030575 3
    endloop
  endfacet
  facet normal 0 0 1
    outer loop
      vertex 28.085433140397072 13.763652294874191 3
      vertex 26.566679999232292 14.165913000702858 3
      vertex 26.563541941344738 14.137397766113281 3
    endloop
  endfacet
  facet normal 0 0 1
    outer loop
      vertex 28.085433140397072 13.763652294874191 3
      vertex 28.20718750357628 14.04746562242508 3
      vertex 26.566679999232292 14.165913000702858 3
    endloop
  endfacet
  facet normal 0 0 1
    outer loop
      vertex 28.085433140397072 13.763652294874191 3
      vertex 26.563541941344738 14.137397766113281 3
      vertex 26.557933650910854 14.109865553677082 3
    endloop
  endfacet
  facet normal 0 0 1
    outer loop
      vertex 28.085433140397072 13.763652294874191 3
      vertex 26.557933650910854 14.109865553677082 3
      vertex 27.96255823969841 13.480362638831139 3
    endloop
  endfacet
  facet normal 0 0 1
    outer loop
      vertex 26.539821602404118 14.058121606707573 3
      vertex 26.527575470507145 14.034095577895641 3
      vertex 27.96255823969841 13.480362638831139 3
    endloop
  endfacet
  facet normal 0 0 1
    outer loop
      vertex 26.527575470507145 14.034095577895641 3
      vertex 26.513374350965023 14.011423975229263 3
      vertex 27.838515795767307 13.197626233100891 3
    endloop
  endfacet
  facet normal 0 0 1
    outer loop
      vertex 26.497347056865692 13.990199655294418 3
      vertex 26.479622401297092 13.970515467226505 3
      vertex 27.838515795767307 13.197626233100891 3
    endloop
  endfacet
  facet normal 0 0 1
    outer loop
      vertex 26.513374350965023 14.011423975229263 3
      vertex 26.497347056865692 13.990199655294418 3
      vertex 27.838515795767307 13.197626233100891 3
    endloop
  endfacet
  facet normal 0 0 1
    outer loop
      vertex 26.479622401297092 13.970515467226505 3
      vertex 27.71325881779194 12.915472634136677 3
      vertex 27.838515795767307 13.197626233100891 3
    endloop
  endfacet
  facet normal 0 0 1
    outer loop
      vertex 26.41755238175392 13.921632178127766 3
      vertex 27.71325881779194 12.915472634136677 3
      vertex 26.439596250653267 13.93613887578249 3
    endloop
  endfacet
  facet normal 0 0 1
    outer loop
      vertex 27.58674031496048 12.633931420743465 3
      vertex 26.370047122240067 13.89844623953104 3
      vertex 26.344843350350857 13.889952689409256 3
    endloop
  endfacet
  facet normal 0 0 1
    outer loop
      vertex 27.329730726778507 12.072804421186447 3
      vertex 26.209465630352497 13.882193267345428 3
      vertex 27.199145659804344 11.793277762830257 3
    endloop
  endfacet
  facet normal 0 0 1
    outer loop
      vertex 27.458913281559944 12.353032156825066 3
      vertex 26.31884390860796 13.883649237453938 3
      vertex 26.292177602648735 13.879628710448742 3
    endloop
  endfacet
  facet normal 0 0 1
    outer loop
      vertex 27.458913281559944 12.353032156825066 3
      vertex 26.292177602648735 13.879628710448742 3
      vertex 26.264973245561123 13.87798397988081 3
    endloop
  endfacet
  facet normal 0 0 1
    outer loop
      vertex 27.458913281559944 12.353032156825066 3
      vertex 26.264973245561123 13.87798397988081 3
      vertex 27.329730726778507 12.072804421186447 3
    endloop
  endfacet
  facet normal 0 0 1
    outer loop
      vertex 26.264973245561123 13.87798397988081 3
      vertex 26.237359650433064 13.878807879984379 3
      vertex 27.329730726778507 12.072804421186447 3
    endloop
  endfacet
  facet normal 0 0 1
    outer loop
      vertex 26.237359650433064 13.878807879984379 3
      vertex 26.209465630352497 13.882193267345428 3
      vertex 27.329730726778507 12.072804421186447 3
    endloop
  endfacet
  facet normal 0 0 1
    outer loop
      vertex 22.802677646279335 14.797319866716862 3
      vertex 20.49947749823332 13.759885624051094 3
      vertex 22.83154109120369 14.784698218107224 3
    endloop
  endfacet
  facet normal 0 0 1
    outer loop
      vertex 18.564615815877914 10.053003780543804 3
      vertex 18.2596755027771 9.504611559212208 3
      vertex 24.35537000000477 6.325290374457836 3
    endloop
  endfacet
  facet normal 0 0 1
    outer loop
      vertex 17.62729000300169 8.392967998981476 3
      vertex 23.812541283667088 5.357589915394783 3
      vertex 17.947270438075066 8.951290659606457 3
    endloop
  endfacet
  facet normal 0 0 1
    outer loop
      vertex 22.98676499724388 3.91248070448637 3
      vertex 23.26336743682623 4.3934187814593315 3
      vertex 17.62729000300169 8.392967998981476 3
    endloop
  endfacet
  facet normal 0 0 1
    outer loop
      vertex 22.70901296287775 3.432213746011257 3
      vertex 17.62729000300169 8.392967998981476 3
      vertex 19.45648480206728 1.5193307623267174 3
    endloop
  endfacet
  facet normal 0 0 1
    outer loop
      vertex 19.45648480206728 1.5193307623267174 3
      vertex 17.62729000300169 8.392967998981476 3
      vertex 19.190373308956623 1.518986091017723 3
    endloop
  endfacet
  facet normal 0 0 1
    outer loop
      vertex 21.22779519110918 15.281927682459354 3
      vertex 20.99141799658537 14.778802514076233 3
      vertex 22.65031625330448 14.972393497824669 3
    endloop
  endfacet
  facet normal 0 0 1
    outer loop
      vertex 17.62729000300169 8.392967998981476 3
      vertex 18.924276247620583 1.518420249223709 3
      vertex 19.190373308956623 1.518986091017723 3
    endloop
  endfacet
  facet normal 0 0 1
    outer loop
      vertex 22.65031625330448 14.972393497824669 3
      vertex 22.642153032124043 15.000434897840023 3
      vertex 21.22779519110918 15.281927682459354 3
    endloop
  endfacet
  facet normal 0 0 1
    outer loop
      vertex 17.62729000300169 8.392967998981476 3
      vertex 17.85944514721632 1.513558067381382 3
      vertex 18.125778079032898 1.5152021571993828 3
    endloop
  endfacet
  facet normal 0 0 1
    outer loop
      vertex 9.572530031204224 1.1495499908924103 3
      vertex 9.738321252167225 1.1654317528009415 3
      vertex 9.225565664470196 8.001729778945446 3
    endloop
  endfacet
  facet normal 0 0 1
    outer loop
      vertex 22.51872481405735 18.216617196798325 3
      vertex 24.81785999983549 18.053621001541615 3
      vertex 22.713689997792244 18.692404001951218 3
    endloop
  endfacet
  facet normal 0 0 1
    outer loop
      vertex 9.572530031204224 1.1495499908924103 3
      vertex 9.225565664470196 8.001729778945446 3
      vertex 8.53398448228836 7.930053003132343 3
    endloop
  endfacet
  facet normal 0 0 1
    outer loop
      vertex 9.572530031204224 1.1495499908924103 3
      vertex 8.53398448228836 7.930053003132343 3
      vertex 9.406687118113041 1.1332278177142143 3
    endloop
  endfacet
  facet normal 0 0 1
    outer loop
      vertex 8.53398448228836 7.930053003132343 3
      vertex 9.240857735276222 1.116461768746376 3
      vertex 9.406687118113041 1.1332278177142143 3
    endloop
  endfacet
  facet normal 0 0 1
    outer loop
      vertex 9.075107112526894 1.099248394370079 3
      vertex 9.240857735276222 1.116461768746376 3
      vertex 8.53398448228836 7.930053003132343 3
    endloop
  endfacet
  facet normal 0 0 1
    outer loop
      vertex 9.075107112526894 1.099248394370079 3
      vertex 8.53398448228836 7.930053003132343 3
      vertex 8.9095004722476 1.0815842524170876 3
    endloop
  endfacet
  facet normal 0 0 1
    outer loop
      vertex 22.696649998426437 15.258483000099659 3
      vertex 22.111931435763836 17.253911837935448 3
      vertex 21.89988200366497 16.766847103834152 3
    endloop
  endfacet
  facet normal 0 0 1
    outer loop
      vertex 8.53398448228836 7.930053003132343 3
      vertex 7.853468917310238 7.852843791246414 3
      vertex 8.9095004722476 1.0815842524170876 3
    endloop
  endfacet
  facet normal 0 0 1
    outer loop
      vertex 7.853468917310238 7.852843791246414 3
      vertex 8.744103036820889 1.0634658709168434 3
      vertex 8.9095004722476 1.0815842524170876 3
    endloop
  endfacet
  facet normal 0 0 1
    outer loop
      vertex 8.578980050981045 1.0448898077011108 3
      vertex 7.853468917310238 7.852843791246414 3
      vertex 8.414196729660034 1.0258526131510735 3
    endloop
  endfacet
  facet normal 0 0 1
    outer loop
      vertex 7.853468917310238 7.852843791246414 3
      vertex 7.183795191347599 7.770214259624481 3
      vertex 8.414196729660034 1.0258526131510735 3
    endloop
  endfacet
  facet normal 0 0 1
    outer loop
      vertex 7.183795191347599 7.770214259624481 3
      vertex 8.249818302690983 1.0063508301973343 3
      vertex 8.414196729660034 1.0258526131510735 3
    endloop
  endfacet
  facet normal 0 0 1
    outer loop
      vertex 8.085909999907017 0.9863810017704964 3
      vertex 8.249818302690983 1.0063508301973343 3
      vertex 7.183795191347599 7.770214259624481 3
    endloop
  endfacet
  facet normal 0 0 1
    outer loop
      vertex 8.085909999907017 0.9863810017704964 3
      vertex 7.183795191347599 7.770214259624481 3
      vertex 7.849246472120285 0.9566956982016563 3
    endloop
  endfacet
  facet normal 0 0 1
    outer loop
      vertex 22.111931435763836 17.253911837935448 3
      vertex 22.696649998426437 15.258483000099659 3
      vertex 24.81785999983549 18.053621001541615 3
    endloop
  endfacet
  facet normal 0 0 1
    outer loop
      vertex 7.183795191347599 7.770214259624481 3
      vertex 6.524739533662796 7.6822765320539474 3
      vertex 7.849246472120285 0.9566956982016563 3
    endloop
  endfacet
  facet normal 0 0 1
    outer loop
      vertex 6.524739533662796 7.6822765320539474 3
      vertex 7.612536586821079 0.9256563261151314 3
      vertex 7.849246472120285 0.9566956982016563 3
    endloop
  endfacet
  facet normal 0 0 1
    outer loop
      vertex 7.375812888145447 0.8932887315750122 3
      vertex 7.612536586821079 0.9256563261151314 3
      vertex 6.524739533662796 7.6822765320539474 3
    endloop
  endfacet
  facet normal 0 0 1
    outer loop
      vertex 7.375812888145447 0.8932887315750122 3
      vertex 6.524739533662796 7.6822765320539474 3
      vertex 3.3807699978351593 3.9454019963741302 3
    endloop
  endfacet
  facet normal 0 0 1
    outer loop
      vertex 24.81785999983549 18.053621001541615 3
      vertex 22.31817550212145 17.73714417219162 3
      vertex 22.111931435763836 17.253911837935448 3
    endloop
  endfacet
  facet normal 0 0 1
    outer loop
      vertex 24.81785999983549 18.053621001541615 3
      vertex 24.820460215210915 18.056895904242992 3
      vertex 22.713689997792244 18.692404001951218 3
    endloop
  endfacet
  facet normal 0 0 1
    outer loop
      vertex 24.820460215210915 18.056895904242992 3
      vertex 24.823100700974464 18.060132458806038 3
      vertex 22.713689997792244 18.692404001951218 3
    endloop
  endfacet
  facet normal 0 0 1
    outer loop
      vertex 24.823100700974464 18.060132458806038 3
      vertex 24.825781241059303 18.06333040446043 3
      vertex 22.713689997792244 18.692404001951218 3
    endloop
  endfacet
  facet normal 0 0 1
    outer loop
      vertex 24.825781241059303 18.06333040446043 3
      vertex 24.828501597046852 18.06648948043585 3
      vertex 22.713689997792244 18.692404001951218 3
    endloop
  endfacet
  facet normal 0 0 1
    outer loop
      vertex 24.828501597046852 18.06648948043585 3
      vertex 24.831261560320854 18.069609440863132 3
      vertex 22.713689997792244 18.692404001951218 3
    endloop
  endfacet
  facet normal 0 0 1
    outer loop
      vertex 24.831261560320854 18.069609440863132 3
      vertex 24.83406089991331 18.07269001752138 3
      vertex 22.713689997792244 18.692404001951218 3
    endloop
  endfacet
  facet normal 0 0 1
    outer loop
      vertex 24.83406089991331 18.07269001752138 3
      vertex 24.836899384856224 18.075730971992016 3
      vertex 22.713689997792244 18.692404001951218 3
    endloop
  endfacet
  facet normal 0 0 1
    outer loop
      vertex 24.836899384856224 18.075730971992016 3
      vertex 24.839776799082756 18.078732043504715 3
      vertex 22.713689997792244 18.692404001951218 3
    endloop
  endfacet
  facet normal 0 0 1
    outer loop
      vertex 24.839776799082756 18.078732043504715 3
      vertex 24.84269291162491 18.081692963838577 3
      vertex 22.713689997792244 18.692404001951218 3
    endloop
  endfacet
  facet normal 0 0 1
    outer loop
      vertex 24.84269291162491 18.081692963838577 3
      vertex 24.845647498965263 18.084613502025604 3
      vertex 22.713689997792244 18.692404001951218 3
    endloop
  endfacet
  facet normal 0 0 1
    outer loop
      vertex 24.845647498965263 18.084613502025604 3
      vertex 24.848640337586403 18.087493382394314 3
      vertex 22.713689997792244 18.692404001951218 3
    endloop
  endfacet
  facet normal 0 0 1
    outer loop
      vertex 24.848640337586403 18.087493382394314 3
      vertex 24.85167119652033 18.090332359075546 3
      vertex 22.713689997792244 18.692404001951218 3
    endloop
  endfacet
  facet normal 0 0 1
    outer loop
      vertex 24.85167119652033 18.090332359075546 3
      vertex 24.854739859700203 18.09313017874956 3
      vertex 22.713689997792244 18.692404001951218 3
    endloop
  endfacet
  facet normal 0 0 1
    outer loop
      vertex 24.854739859700203 18.09313017874956 3
      vertex 24.85784610360861 18.095886580646038 3
      vertex 22.713689997792244 18.692404001951218 3
    endloop
  endfacet
  facet normal 0 0 1
    outer loop
      vertex 24.85784610360861 18.095886580646038 3
      vertex 24.860989689826965 18.098601311445236 3
      vertex 22.713689997792244 18.692404001951218 3
    endloop
  endfacet
  facet normal 0 0 1
    outer loop
      vertex 6.524739533662796 7.6822765320539474 3
      vertex 5.87607815861702 7.589142717421055 3
      vertex 3.3807699978351593 3.9454019963741302 3
    endloop
  endfacet
  facet normal 0 0 1
    outer loop
      vertex 24.864170402288437 18.101274117827415 3
      vertex 22.713689997792244 18.692404001951218 3
      vertex 24.860989689826965 18.098601311445236 3
    endloop
  endfacet
  facet normal 0 0 1
    outer loop
      vertex 24.867388010025024 18.103904746472836 3
      vertex 22.713689997792244 18.692404001951218 3
      vertex 24.864170402288437 18.101274117827415 3
    endloop
  endfacet
  facet normal 0 0 1
    outer loop
      vertex 24.87064229696989 18.106492936611176 3
      vertex 22.713689997792244 18.692404001951218 3
      vertex 24.867388010025024 18.103904746472836 3
    endloop
  endfacet
  facet normal 0 0 1
    outer loop
      vertex 24.873933039605618 18.109038442373276 3
      vertex 22.713689997792244 18.692404001951218 3
      vertex 24.87064229696989 18.106492936611176 3
    endloop
  endfacet
  facet normal 0 0 1
    outer loop
      vertex 24.877259999513626 18.111541002988815 3
      vertex 22.713689997792244 18.692404001951218 3
      vertex 24.873933039605618 18.109038442373276 3
    endloop
  endfacet
  facet normal 0 0 1
    outer loop
      vertex 9.225565664470196 8.001729778945446 3
      vertex 10.234732441604137 1.2104690447449684 3
      vertex 9.928436249494553 8.0677620023489 3
    endloop
  endfacet
  facet normal 0 0 1
    outer loop
      vertex 21.681916564702988 16.27587688714266 3
      vertex 21.457924500107765 15.780928112566471 3
      vertex 22.696649998426437 15.258483000099659 3
    endloop
  endfacet
  facet normal 0 0 1
    outer loop
      vertex 9.928436249494553 8.0677620023489 3
      vertex 10.7283301576972 1.2516668885946274 3
      vertex 10.891933120787144 1.2645624056458473 3
    endloop
  endfacet
  facet normal 0 0 1
    outer loop
      vertex 22.65140199661255 15.175679370760918 3
      vertex 21.457924500107765 15.780928112566471 3
      vertex 22.64257399737835 15.14667421579361 3
    endloop
  endfacet
  facet normal 0 0 1
    outer loop
      vertex 13.088480107486248 1.3992685601115227 3
      vertex 12.857288107275963 8.273203022778034 3
      vertex 12.843655720353127 1.3875941708683968 3
    endloop
  endfacet
  facet normal 0 0 1
    outer loop
      vertex 22.636755153536797 15.117312125861645 3
      vertex 21.457924500107765 15.780928112566471 3
      vertex 21.22779519110918 15.281927682459354 3
    endloop
  endfacet
  facet normal 0 0 1
    outer loop
      vertex 21.22779519110918 15.281927682459354 3
      vertex 22.636644400656223 15.029154486954212 3
      vertex 22.633861266076565 15.05834523588419 3
    endloop
  endfacet
  facet normal 0 0 1
    outer loop
      vertex 18.658164270222187 1.5176138877868652 3
      vertex 17.62729000300169 8.392967998981476 3
      vertex 18.392007999122143 1.51654764264822 3
    endloop
  endfacet
  facet normal 0 0 1
    outer loop
      vertex 17.62729000300169 8.392967998981476 3
      vertex 18.125778079032898 1.5152021571993828 3
      vertex 18.392007999122143 1.51654764264822 3
    endloop
  endfacet
  facet normal 0 0 1
    outer loop
      vertex 17.592979840934277 1.511596031486988 3
      vertex 17.85944514721632 1.513558067381382 3
      vertex 17.62729000300169 8.392967998981476 3
    endloop
  endfacet
  facet normal 0 0 1
    outer loop
      vertex 17.592979840934277 1.511596031486988 3
      vertex 17.62729000300169 8.392967998981476 3
      vertex 17.326352797448635 1.509296678006649 3
    endloop
  endfacet
  facet normal 0 0 1
    outer loop
      vertex 17.62729000300169 8.392967998981476 3
      vertex 16.79921767860651 8.389547765254974 3
      vertex 17.326352797448635 1.509296678006649 3
    endloop
  endfacet
  facet normal 0 0 1
    outer loop
      vertex 16.792496047914028 1.5036086067557335 3
      vertex 17.059534654021263 1.5066406577825546 3
      vertex 16.79921767860651 8.389547765254974 3
    endloop
  endfacet
  facet normal 0 0 1
    outer loop
      vertex 16.79921767860651 8.389547765254974 3
      vertex 17.059534654021263 1.5066406577825546 3
      vertex 17.326352797448635 1.509296678006649 3
    endloop
  endfacet
  facet normal 0 0 1
    outer loop
      vertex 16.525207616388798 1.5001811757683754 3
      vertex 16.792496047914028 1.5036086067557335 3
      vertex 16.79921767860651 8.389547765254974 3
    endloop
  endfacet
  facet normal 0 0 1
    outer loop
      vertex 16.525207616388798 1.5001811757683754 3
      vertex 16.79921767860651 8.389547765254974 3
      vertex 15.984672531485558 8.379361800849438 3
    endloop
  endfacet
  facet normal 0 0 1
    outer loop
      vertex 15.984672531485558 8.379361800849438 3
      vertex 16.01613762974739 1.4917096495628357 3
      vertex 16.25763999670744 1.496339000761509 3
    endloop
  endfacet
  facet normal 0 0 1
    outer loop
      vertex 16.525207616388798 1.5001811757683754 3
      vertex 15.984672531485558 8.379361800849438 3
      vertex 16.25763999670744 1.496339000761509 3
    endloop
  endfacet
  facet normal 0 0 1
    outer loop
      vertex 15.984672531485558 8.379361800849438 3
      vertex 15.774060040712357 1.486715778708458 3
      vertex 16.01613762974739 1.4917096495628357 3
    endloop
  endfacet
  facet normal 0 0 1
    outer loop
      vertex 15.183430776000023 8.362522229552269 3
      vertex 15.774060040712357 1.486715778708458 3
      vertex 15.984672531485558 8.379361800849438 3
    endloop
  endfacet
  facet normal 0 0 1
    outer loop
      vertex 15.531460508704185 1.4813278168439865 3
      vertex 15.183430776000023 8.362522229552269 3
      vertex 15.288392320275307 1.4755162075161934 3
    endloop
  endfacet
  facet normal 0 0 1
    outer loop
      vertex 15.531460508704185 1.4813278168439865 3
      vertex 15.774060040712357 1.486715778708458 3
      vertex 15.183430776000023 8.362522229552269 3
    endloop
  endfacet
  facet normal 0 0 1
    outer loop
      vertex 15.044908747076988 1.4692513719201088 3
      vertex 15.183430776000023 8.362522229552269 3
      vertex 14.395268641412258 8.33914116024971 3
    endloop
  endfacet
  facet normal 0 0 1
    outer loop
      vertex 15.044908747076988 1.4692513719201088 3
      vertex 14.395268641412258 8.33914116024971 3
      vertex 14.80106308311224 1.4625037536025047 3
    endloop
  endfacet
  facet normal 0 0 1
    outer loop
      vertex 14.395268641412258 8.33914116024971 3
      vertex 14.556908592581749 1.4552437737584114 3
      vertex 14.80106308311224 1.4625037536025047 3
    endloop
  endfacet
  facet normal 0 0 1
    outer loop
      vertex 8.578980050981045 1.0448898077011108 3
      vertex 8.744103036820889 1.0634658709168434 3
      vertex 7.853468917310238 7.852843791246414 3
    endloop
  endfacet
  facet normal 0 0 1
    outer loop
      vertex 7.139107920229435 0.8596187829971313 3
      vertex 7.375812888145447 0.8932887315750122 3
      vertex 3.3807699978351593 3.9454019963741302 3
    endloop
  endfacet
  facet normal 0 0 1
    outer loop
      vertex 3.3807699978351593 3.9454019963741302 3
      vertex 6.902454219758511 0.8246723264455795 3
      vertex 7.139107920229435 0.8596187829971313 3
    endloop
  endfacet
  facet normal 0 0 1
    outer loop
      vertex 3.3807699978351593 3.9454019963741302 3
      vertex 5.87607815861702 7.589142717421055 3
      vertex 5.237587295472622 7.490924946963787 3
    endloop
  endfacet
  facet normal 0 0 1
    outer loop
      vertex 6.665884330868721 0.7884752228856087 3
      vertex 6.902454219758511 0.8246723264455795 3
      vertex 3.3807699978351593 3.9454019963741302 3
    endloop
  endfacet
  facet normal 0 0 1
    outer loop
      vertex 6.665884330868721 0.7884752228856087 3
      vertex 3.3807699978351593 3.9454019963741302 3
      vertex 6.429430797696114 0.7510533183813095 3
    endloop
  endfacet
  facet normal 0 0 1
    outer loop
      vertex 3.3807699978351593 3.9454019963741302 3
      vertex 6.193126156926155 0.712432473897934 3
      vertex 6.429430797696114 0.7510533183813095 3
    endloop
  endfacet
  facet normal 0 0 1
    outer loop
      vertex 3.3807699978351593 3.9454019963741302 3
      vertex 5.237587295472622 7.490924946963787 3
      vertex 4.609043173491955 7.3877353221178055 3
    endloop
  endfacet
  facet normal 0 0 1
    outer loop
      vertex 3.381090000271797 2.486938998103142 3
      vertex 6.193126156926155 0.712432473897934 3
      vertex 3.3807699978351593 3.9454019963741302 3
    endloop
  endfacet
  facet normal 0 0 1
    outer loop
      vertex 5.9570029601454735 0.6726385429501534 3
      vertex 6.193126156926155 0.712432473897934 3
      vertex 3.381090000271797 2.486938998103142 3
    endloop
  endfacet
  facet normal 0 0 1
    outer loop
      vertex 3.9902219995856285 7.279685966670513 3
      vertex 3.3807699978351593 3.9454019963741302 3
      vertex 4.609043173491955 7.3877353221178055 3
    endloop
  endfacet
  facet normal 0 0 1
    outer loop
      vertex 5.9570029601454735 0.6726385429501534 3
      vertex 3.381090000271797 2.486938998103142 3
      vertex 5.721093751490116 0.6316973716020584 3
    endloop
  endfacet
  facet normal 0 0 1
    outer loop
      vertex 3.381090000271797 2.486938998103142 3
      vertex 5.485431060194969 0.5896348357200623 3
      vertex 5.721093751490116 0.6316973716020584 3
    endloop
  endfacet
  facet normal 0 0 1
    outer loop
      vertex 3.9902219995856285 7.279685966670513 3
      vertex 3.380900003015995 7.166888996958733 3
      vertex 3.3807699978351593 3.9454019963741302 3
    endloop
  endfacet
  facet normal 0 0 1
    outer loop
      vertex 5.250047437846661 0.5464767664670944 3
      vertex 5.485431060194969 0.5896348357200623 3
      vertex 3.381090000271797 2.486938998103142 3
    endloop
  endfacet
  facet normal 0 0 1
    outer loop
      vertex 5.250047437846661 0.5464767664670944 3
      vertex 3.381090000271797 2.486938998103142 3
      vertex 5.014975428581238 0.5022490322589874 3
    endloop
  endfacet
  facet normal 0 0 1
    outer loop
      vertex 3.381090000271797 2.486938998103142 3
      vertex 4.7802475690841675 0.4569774866104126 3
      vertex 5.014975428581238 0.5022490322589874 3
    endloop
  endfacet
  facet normal 0 0 1
    outer loop
      vertex 4.545896403491497 0.41068798303604126 3
      vertex 4.7802475690841675 0.4569774866104126 3
      vertex 3.381090000271797 2.486938998103142 3
    endloop
  endfacet
  facet normal 0 0 1
    outer loop
      vertex 4.545896403491497 0.41068798303604126 3
      vertex 3.381090000271797 2.486938998103142 3
      vertex 4.311954483389854 0.36340637505054474 3
    endloop
  endfacet
  facet normal 0 0 1
    outer loop
      vertex 3.381090000271797 2.486938998103142 3
      vertex 4.078454330563545 0.31515851616859436 3
      vertex 4.311954483389854 0.36340637505054474 3
    endloop
  endfacet
  facet normal 0 0 1
    outer loop
      vertex 3.8454285115003586 0.26597026735544205 3
      vertex 4.078454330563545 0.31515851616859436 3
      vertex 3.381090000271797 2.486938998103142 3
    endloop
  endfacet
  facet normal 0 0 1
    outer loop
      vertex 3.3807699978351593 3.9454019963741302 3
      vertex 0.1322999969124794 5.271122999489307 3
      vertex 0.1323999986052513 1.8353499993681908 3
    endloop
  endfacet
  facet normal 0 0 1
    outer loop
      vertex 3.8454285115003586 0.26597026735544205 3
      vertex 3.381090000271797 2.486938998103142 3
      vertex 3.6129095479846 0.21586747467517853 3
    endloop
  endfacet
  facet normal 0 0 1
    outer loop
      vertex 3.3807699978351593 3.9454019963741302 3
      vertex 0.1323999986052513 1.8353499993681908 3
      vertex 3.381090000271797 2.486938998103142 3
    endloop
  endfacet
  facet normal 0 0 1
    outer loop
      vertex 3.381090000271797 2.486938998103142 3
      vertex 3.3809299990534782 0.16487599909305573 3
      vertex 3.6129095479846 0.21586747467517853 3
    endloop
  endfacet
endsolid OpenSCAD_Model
