solid OpenSCAD_Model
  facet normal 0.5853369933394208 0.8107901110820029 0
    outer loop
      vertex 3.815137065947056 0.8345398977398872 0
      vertex 3.8209199979901314 0.830365002155304 3
      vertex 3.8209199979901314 0.830365002155304 0
    endloop
  endfacet
  facet normal 0.5853369933394208 0.8107901110820029 0
    outer loop
      vertex 3.815137065947056 0.8345398977398872 0
      vertex 3.815137065947056 0.8345398977398872 3
      vertex 3.8209199979901314 0.830365002155304 3
    endloop
  endfacet
  facet normal 0.6040427575521097 0.796951910123091 0
    outer loop
      vertex 3.809459500014782 0.8388431593775749 0
      vertex 3.815137065947056 0.8345398977398872 3
      vertex 3.815137065947056 0.8345398977398872 0
    endloop
  endfacet
  facet normal 0.6040427575521097 0.796951910123091 0
    outer loop
      vertex 3.809459500014782 0.8388431593775749 0
      vertex 3.809459500014782 0.8388431593775749 3
      vertex 3.815137065947056 0.8345398977398872 3
    endloop
  endfacet
  facet normal 0.6224006684920702 0.7826987976614146 0
    outer loop
      vertex 3.803889185190201 0.8432726636528969 0
      vertex 3.809459500014782 0.8388431593775749 3
      vertex 3.809459500014782 0.8388431593775749 0
    endloop
  endfacet
  facet normal 0.6224006684920702 0.7826987976614146 0
    outer loop
      vertex 3.803889185190201 0.8432726636528969 0
      vertex 3.803889185190201 0.8432726636528969 3
      vertex 3.809459500014782 0.8388431593775749 3
    endloop
  endfacet
  facet normal 0.6404024578549712 0.7680395119870538 0
    outer loop
      vertex 3.798427999019623 0.8478262796998024 0
      vertex 3.803889185190201 0.8432726636528969 3
      vertex 3.803889185190201 0.8432726636528969 0
    endloop
  endfacet
  facet normal 0.6404024578549712 0.7680395119870538 0
    outer loop
      vertex 3.798427999019623 0.8478262796998024 0
      vertex 3.798427999019623 0.8478262796998024 3
      vertex 3.803889185190201 0.8432726636528969 3
    endloop
  endfacet
  facet normal 0.6580408017786286 0.7529822728288759 0
    outer loop
      vertex 3.7930778115987778 0.8525018766522408 0
      vertex 3.798427999019623 0.8478262796998024 3
      vertex 3.798427999019623 0.8478262796998024 0
    endloop
  endfacet
  facet normal 0.6580408017786286 0.7529822728288759 0
    outer loop
      vertex 3.7930778115987778 0.8525018766522408 0
      vertex 3.7930778115987778 0.8525018766522408 3
      vertex 3.798427999019623 0.8478262796998024 3
    endloop
  endfacet
  facet normal 0.675309650501803 0.7375343218719604 0
    outer loop
      vertex 3.787840500473976 0.8572973236441612 0
      vertex 3.7930778115987778 0.8525018766522408 3
      vertex 3.7930778115987778 0.8525018766522408 0
    endloop
  endfacet
  facet normal 0.675309650501803 0.7375343218719604 0
    outer loop
      vertex 3.787840500473976 0.8572973236441612 0
      vertex 3.787840500473976 0.8572973236441612 3
      vertex 3.7930778115987778 0.8525018766522408 3
    endloop
  endfacet
  facet normal 0.6922015746235979 0.7217042192537132 0
    outer loop
      vertex 3.7827179357409477 0.8622104823589325 0
      vertex 3.787840500473976 0.8572973236441612 3
      vertex 3.787840500473976 0.8572973236441612 0
    endloop
  endfacet
  facet normal 0.6922015746235979 0.7217042192537132 0
    outer loop
      vertex 3.7827179357409477 0.8622104823589325 0
      vertex 3.7827179357409477 0.8622104823589325 3
      vertex 3.787840500473976 0.8572973236441612 3
    endloop
  endfacet
  facet normal 0.7087130676709772 0.7054968374928358 0
    outer loop
      vertex 3.7777120023965836 0.867239236831665 0
      vertex 3.7827179357409477 0.8622104823589325 3
      vertex 3.7827179357409477 0.8622104823589325 0
    endloop
  endfacet
  facet normal 0.7087130676709772 0.7054968374928358 0
    outer loop
      vertex 3.7777120023965836 0.867239236831665 0
      vertex 3.7777120023965836 0.867239236831665 3
      vertex 3.7827179357409477 0.8622104823589325 3
    endloop
  endfacet
  facet normal 0.7248353487663308 0.6889221415942381 0
    outer loop
      vertex 3.772824563086033 0.8723814561963081 0
      vertex 3.7777120023965836 0.867239236831665 3
      vertex 3.7777120023965836 0.867239236831665 0
    endloop
  endfacet
  facet normal 0.7248353487663308 0.6889221415942381 0
    outer loop
      vertex 3.772824563086033 0.8723814561963081 0
      vertex 3.772824563086033 0.8723814561963081 3
      vertex 3.7777120023965836 0.867239236831665 3
    endloop
  endfacet
  facet normal 0.7405635475846613 0.6719863331860413 0
    outer loop
      vertex 3.7680575028061867 0.8776350021362305 0
      vertex 3.772824563086033 0.8723814561963081 3
      vertex 3.772824563086033 0.8723814561963081 0
    endloop
  endfacet
  facet normal 0.7405635475846613 0.6719863331860413 0
    outer loop
      vertex 3.7680575028061867 0.8776350021362305 0
      vertex 3.7680575028061867 0.8776350021362305 3
      vertex 3.772824563086033 0.8723814561963081 3
    endloop
  endfacet
  facet normal 0.75589071281712 0.654697816001265 0
    outer loop
      vertex 3.763412684202194 0.8829977437853813 0
      vertex 3.7680575028061867 0.8776350021362305 3
      vertex 3.7680575028061867 0.8776350021362305 0
    endloop
  endfacet
  facet normal 0.75589071281712 0.654697816001265 0
    outer loop
      vertex 3.763412684202194 0.8829977437853813 0
      vertex 3.763412684202194 0.8829977437853813 3
      vertex 3.7680575028061867 0.8776350021362305 3
    endloop
  endfacet
  facet normal 0.7708134807580991 0.6370608902464375 0
    outer loop
      vertex 3.758891999721527 0.8884675577282906 0
      vertex 3.763412684202194 0.8829977437853813 3
      vertex 3.763412684202194 0.8829977437853813 0
    endloop
  endfacet
  facet normal 0.7708134807580991 0.6370608902464375 0
    outer loop
      vertex 3.758891999721527 0.8884675577282906 0
      vertex 3.758891999721527 0.8884675577282906 3
      vertex 3.763412684202194 0.8829977437853813 3
    endloop
  endfacet
  facet normal 0.7853234414781599 0.6190856905670645 0
    outer loop
      vertex 3.7544973120093346 0.8940423130989075 0
      vertex 3.758891999721527 0.8884675577282906 3
      vertex 3.758891999721527 0.8884675577282906 0
    endloop
  endfacet
  facet normal 0.7853234414781599 0.6190856905670645 0
    outer loop
      vertex 3.7544973120093346 0.8940423130989075 0
      vertex 3.7544973120093346 0.8940423130989075 3
      vertex 3.758891999721527 0.8884675577282906 3
    endloop
  endfacet
  facet normal 0.7994157559780044 0.6007782029119529 0
    outer loop
      vertex 3.750230498611927 0.8997198790311813 0
      vertex 3.7544973120093346 0.8940423130989075 3
      vertex 3.7544973120093346 0.8940423130989075 0
    endloop
  endfacet
  facet normal 0.7994157559780044 0.6007782029119529 0
    outer loop
      vertex 3.750230498611927 0.8997198790311813 0
      vertex 3.750230498611927 0.8997198790311813 3
      vertex 3.7544973120093346 0.8940423130989075 3
    endloop
  endfacet
  facet normal 0.8130845110585203 0.5821456672317736 0
    outer loop
      vertex 3.746093437075615 0.9054981246590614 0
      vertex 3.750230498611927 0.8997198790311813 3
      vertex 3.750230498611927 0.8997198790311813 0
    endloop
  endfacet
  facet normal 0.8130845110585203 0.5821456672317736 0
    outer loop
      vertex 3.746093437075615 0.9054981246590614 0
      vertex 3.746093437075615 0.9054981246590614 3
      vertex 3.750230498611927 0.8997198790311813 3
    endloop
  endfacet
  facet normal 0.8263232558423113 0.5631961264552181 0
    outer loop
      vertex 3.742087997496128 0.911374919116497 0
      vertex 3.746093437075615 0.9054981246590614 3
      vertex 3.746093437075615 0.9054981246590614 0
    endloop
  endfacet
  facet normal 0.8263232558423113 0.5631961264552181 0
    outer loop
      vertex 3.742087997496128 0.911374919116497 0
      vertex 3.742087997496128 0.911374919116497 3
      vertex 3.746093437075615 0.9054981246590614 3
    endloop
  endfacet
  facet normal 0.839126950276085 0.5439356224043033 0
    outer loop
      vertex 3.7382160648703575 0.9173481315374374 0
      vertex 3.742087997496128 0.911374919116497 3
      vertex 3.742087997496128 0.911374919116497 0
    endloop
  endfacet
  facet normal 0.839126950276085 0.5439356224043033 0
    outer loop
      vertex 3.7382160648703575 0.9173481315374374 0
      vertex 3.7382160648703575 0.9173481315374374 3
      vertex 3.742087997496128 0.911374919116497 3
    endloop
  endfacet
  facet normal 0.8514883579645637 0.5243735083419174 0
    outer loop
      vertex 3.7344795018434525 0.9234156385064125 0
      vertex 3.7382160648703575 0.9173481315374374 3
      vertex 3.7382160648703575 0.9173481315374374 0
    endloop
  endfacet
  facet normal 0.8514883579645637 0.5243735083419174 0
    outer loop
      vertex 3.7344795018434525 0.9234156385064125 0
      vertex 3.7344795018434525 0.9234156385064125 3
      vertex 3.7382160648703575 0.9173481315374374 3
    endloop
  endfacet
  facet normal 0.8634016975392497 0.5045171044536965 0
    outer loop
      vertex 3.7308801859617233 0.9295753017067909 0
      vertex 3.7344795018434525 0.9234156385064125 3
      vertex 3.7344795018434525 0.9234156385064125 0
    endloop
  endfacet
  facet normal 0.8634016975392497 0.5045171044536965 0
    outer loop
      vertex 3.7308801859617233 0.9295753017067909 0
      vertex 3.7308801859617233 0.9295753017067909 3
      vertex 3.7344795018434525 0.9234156385064125 3
    endloop
  endfacet
  facet normal 0.8748617343874225 0.48437273427044897 0
    outer loop
      vertex 3.727420002222061 0.9358249977231026 0
      vertex 3.7308801859617233 0.9295753017067909 3
      vertex 3.7308801859617233 0.9295753017067909 0
    endloop
  endfacet
  facet normal 0.8748617343874225 0.48437273427044897 0
    outer loop
      vertex 3.727420002222061 0.9358249977231026 0
      vertex 3.727420002222061 0.9358249977231026 3
      vertex 3.7308801859617233 0.9295753017067909 3
    endloop
  endfacet
  facet normal 0.8963696192877837 0.44330746172140356 0
    outer loop
      vertex 2.258620001375675 3.9057449996471405 0
      vertex 3.727420002222061 0.9358249977231026 3
      vertex 3.727420002222061 0.9358249977231026 0
    endloop
  endfacet
  facet normal 0.8963696192877837 0.44330746172140356 0
    outer loop
      vertex 2.258620001375675 3.9057449996471405 0
      vertex 2.258620001375675 3.9057449996471405 3
      vertex 3.727420002222061 0.9358249977231026 3
    endloop
  endfacet
  facet normal 0.9154414100586555 0.4024512700313177 0
    outer loop
      vertex 2.2470726370811462 3.9320113733410835 0
      vertex 2.258620001375675 3.9057449996471405 3
      vertex 2.258620001375675 3.9057449996471405 0
    endloop
  endfacet
  facet normal 0.9154414100586555 0.4024512700313177 0
    outer loop
      vertex 2.2470726370811462 3.9320113733410835 0
      vertex 2.2470726370811462 3.9320113733410835 3
      vertex 2.258620001375675 3.9057449996471405 3
    endloop
  endfacet
  facet normal 0.9483373448548658 0.31726373942451014 0
    outer loop
      vertex 2.2381570786237717 3.958660989999771 0
      vertex 2.2470726370811462 3.9320113733410835 3
      vertex 2.2470726370811462 3.9320113733410835 0
    endloop
  endfacet
  facet normal 0.9483373448548658 0.31726373942451014 0
    outer loop
      vertex 2.2381570786237717 3.958660989999771 0
      vertex 2.2381570786237717 3.958660989999771 3
      vertex 2.2470726370811462 3.9320113733410835 3
    endloop
  endfacet
  facet normal 0.9732367636964016 0.22980470358492375 0
    outer loop
      vertex 2.2318081483244896 3.9855490922927856 0
      vertex 2.2381570786237717 3.958660989999771 3
      vertex 2.2381570786237717 3.958660989999771 0
    endloop
  endfacet
  facet normal 0.9732367636964016 0.22980470358492375 0
    outer loop
      vertex 2.2318081483244896 3.9855490922927856 0
      vertex 2.2318081483244896 3.9855490922927856 3
      vertex 2.2381570786237717 3.958660989999771 3
    endloop
  endfacet
  facet normal 0.9899856114957167 0.14116830037742834 0
    outer loop
      vertex 2.2279606387019157 4.0125309228897095 0
      vertex 2.2318081483244896 3.9855490922927856 3
      vertex 2.2318081483244896 3.9855490922927856 0
    endloop
  endfacet
  facet normal 0.9899856114957167 0.14116830037742834 0
    outer loop
      vertex 2.2279606387019157 4.0125309228897095 0
      vertex 2.2279606387019157 4.0125309228897095 3
      vertex 2.2318081483244896 3.9855490922927856 3
    endloop
  endfacet
  facet normal 0.9986297605045874 0.052331648498307536 0
    outer loop
      vertex 2.226549372076988 4.039461717009544 0
      vertex 2.2279606387019157 4.0125309228897095 3
      vertex 2.2279606387019157 4.0125309228897095 0
    endloop
  endfacet
  facet normal 0.9986297605045874 0.052331648498307536 0
    outer loop
      vertex 2.226549372076988 4.039461717009544 0
      vertex 2.226549372076988 4.039461717009544 3
      vertex 2.2279606387019157 4.0125309228897095 3
    endloop
  endfacet
  facet normal 0.9993562115936909 -0.03587704487699676 0
    outer loop
      vertex 2.2275091633200645 4.066196732223034 0
      vertex 2.226549372076988 4.039461717009544 3
      vertex 2.226549372076988 4.039461717009544 0
    endloop
  endfacet
  facet normal 0.9993562115936909 -0.03587704487699676 0
    outer loop
      vertex 2.2275091633200645 4.066196732223034 0
      vertex 2.2275091633200645 4.066196732223034 3
      vertex 2.226549372076988 4.039461717009544 3
    endloop
  endfacet
  facet normal 0.9924328917442484 -0.12278825425971744 0
    outer loop
      vertex 2.2307748049497604 4.092591196298599 0
      vertex 2.2275091633200645 4.066196732223034 3
      vertex 2.2275091633200645 4.066196732223034 0
    endloop
  endfacet
  facet normal 0.9924328917442484 -0.12278825425971744 0
    outer loop
      vertex 2.2307748049497604 4.092591196298599 0
      vertex 2.2307748049497604 4.092591196298599 3
      vertex 2.2275091633200645 4.066196732223034 3
    endloop
  endfacet
  facet normal 0.9781541131693433 -0.20788104985759395 0
    outer loop
      vertex 2.236281119287014 4.118500359356403 0
      vertex 2.2307748049497604 4.092591196298599 3
      vertex 2.2307748049497604 4.092591196298599 0
    endloop
  endfacet
  facet normal 0.9781541131693433 -0.20788104985759395 0
    outer loop
      vertex 2.236281119287014 4.118500359356403 0
      vertex 2.236281119287014 4.118500359356403 3
      vertex 2.2307748049497604 4.092591196298599 3
    endloop
  endfacet
  facet normal 0.956798683747193 -0.2907512317766491 0
    outer loop
      vertex 2.243962913751602 4.143779464066029 0
      vertex 2.236281119287014 4.118500359356403 3
      vertex 2.236281119287014 4.118500359356403 0
    endloop
  endfacet
  facet normal 0.956798683747193 -0.2907512317766491 0
    outer loop
      vertex 2.243962913751602 4.143779464066029 0
      vertex 2.243962913751602 4.143779464066029 3
      vertex 2.236281119287014 4.118500359356403 3
    endloop
  endfacet
  facet normal 0.9286024265360271 -0.37107618278650295 0
    outer loop
      vertex 2.2537550032138824 4.168283753097057 0
      vertex 2.243962913751602 4.143779464066029 3
      vertex 2.243962913751602 4.143779464066029 0
    endloop
  endfacet
  facet normal 0.9286024265360271 -0.37107618278650295 0
    outer loop
      vertex 2.2537550032138824 4.168283753097057 0
      vertex 2.2537550032138824 4.168283753097057 3
      vertex 2.243962913751602 4.143779464066029 3
    endloop
  endfacet
  facet normal 0.8937466200215007 -0.4485721560687236 0
    outer loop
      vertex 2.265592187643051 4.191868461668491 0
      vertex 2.2537550032138824 4.168283753097057 3
      vertex 2.2537550032138824 4.168283753097057 0
    endloop
  endfacet
  facet normal 0.8937466200215007 -0.4485721560687236 0
    outer loop
      vertex 2.265592187643051 4.191868461668491 0
      vertex 2.265592187643051 4.191868461668491 3
      vertex 2.2537550032138824 4.168283753097057 3
    endloop
  endfacet
  facet normal 0.852360329758166 -0.5229549390287376 0
    outer loop
      vertex 2.279409281909466 4.214388839900494 0
      vertex 2.265592187643051 4.191868461668491 3
      vertex 2.265592187643051 4.191868461668491 0
    endloop
  endfacet
  facet normal 0.852360329758166 -0.5229549390287376 0
    outer loop
      vertex 2.279409281909466 4.214388839900494 0
      vertex 2.279409281909466 4.214388839900494 3
      vertex 2.265592187643051 4.191868461668491 3
    endloop
  endfacet
  facet normal 0.8045371108395123 -0.5939023802629606 0
    outer loop
      vertex 2.2951410934329033 4.2357001304626465 0
      vertex 2.279409281909466 4.214388839900494 3
      vertex 2.279409281909466 4.214388839900494 0
    endloop
  endfacet
  facet normal 0.8045371108395123 -0.5939023802629606 0
    outer loop
      vertex 2.2951410934329033 4.2357001304626465 0
      vertex 2.2951410934329033 4.2357001304626465 3
      vertex 2.279409281909466 4.214388839900494 3
    endloop
  endfacet
  facet normal 0.7503628919376875 -0.6610261193046085 0
    outer loop
      vertex 2.312722437083721 4.255657568573952 0
      vertex 2.2951410934329033 4.2357001304626465 3
      vertex 2.2951410934329033 4.2357001304626465 0
    endloop
  endfacet
  facet normal 0.7503628919376875 -0.6610261193046085 0
    outer loop
      vertex 2.312722437083721 4.255657568573952 0
      vertex 2.312722437083721 4.255657568573952 3
      vertex 2.2951410934329033 4.2357001304626465 3
    endloop
  endfacet
  facet normal 0.689955404547138 -0.7238518769307676 0
    outer loop
      vertex 2.332088127732277 4.274116404354572 0
      vertex 2.312722437083721 4.255657568573952 3
      vertex 2.312722437083721 4.255657568573952 0
    endloop
  endfacet
  facet normal 0.689955404547138 -0.7238518769307676 0
    outer loop
      vertex 2.332088127732277 4.274116404354572 0
      vertex 2.332088127732277 4.274116404354572 3
      vertex 2.312722437083721 4.255657568573952 3
    endloop
  endfacet
  facet normal 0.6235098638857669 -0.78181548311424 0
    outer loop
      vertex 2.3531729578971863 4.290931880474091 0
      vertex 2.332088127732277 4.274116404354572 3
      vertex 2.332088127732277 4.274116404354572 0
    endloop
  endfacet
  facet normal 0.6235098638857669 -0.78181548311424 0
    outer loop
      vertex 2.3531729578971863 4.290931880474091 0
      vertex 2.3531729578971863 4.290931880474091 3
      vertex 2.332088127732277 4.274116404354572 3
    endloop
  endfacet
  facet normal 0.5513467049005458 -0.834276219842871 0
    outer loop
      vertex 2.375911757349968 4.305959232151508 0
      vertex 2.3531729578971863 4.290931880474091 3
      vertex 2.3531729578971863 4.290931880474091 0
    endloop
  endfacet
  facet normal 0.5513467049005458 -0.834276219842871 0
    outer loop
      vertex 2.375911757349968 4.305959232151508 0
      vertex 2.375911757349968 4.305959232151508 3
      vertex 2.3531729578971863 4.290931880474091 3
    endloop
  endfacet
  facet normal 0.4739601157744337 -0.8805463126122813 0
    outer loop
      vertex 2.4002393186092377 4.3190537095069885 0
      vertex 2.375911757349968 4.305959232151508 3
      vertex 2.375911757349968 4.305959232151508 0
    endloop
  endfacet
  facet normal 0.4739601157744337 -0.8805463126122813 0
    outer loop
      vertex 2.4002393186092377 4.3190537095069885 0
      vertex 2.4002393186092377 4.3190537095069885 3
      vertex 2.375911757349968 4.305959232151508 3
    endloop
  endfacet
  facet normal 0.39204776432523997 -0.9199448627431871 0
    outer loop
      vertex 2.4260904639959335 4.330070547759533 0
      vertex 2.4002393186092377 4.3190537095069885 3
      vertex 2.4002393186092377 4.3190537095069885 0
    endloop
  endfacet
  facet normal 0.39204776432523997 -0.9199448627431871 0
    outer loop
      vertex 2.4260904639959335 4.330070547759533 0
      vertex 2.4260904639959335 4.330070547759533 3
      vertex 2.4002393186092377 4.3190537095069885 3
    endloop
  endfacet
  facet normal 0.30652671220448163 -0.9518620565528972 0
    outer loop
      vertex 2.4534000009298325 4.3388649970293045 0
      vertex 2.4260904639959335 4.330070547759533 3
      vertex 2.4260904639959335 4.330070547759533 0
    endloop
  endfacet
  facet normal 0.30652671220448163 -0.9518620565528972 0
    outer loop
      vertex 2.4534000009298325 4.3388649970293045 0
      vertex 2.4534000009298325 4.3388649970293045 3
      vertex 2.4260904639959335 4.330070547759533 3
    endloop
  endfacet
  facet normal 0.2588197944284017 -0.9659256255074922 0
    outer loop
      vertex 5.771779999136925 5.228024996817112 0
      vertex 2.4534000009298325 4.3388649970293045 3
      vertex 2.4534000009298325 4.3388649970293045 0
    endloop
  endfacet
  facet normal 0.2588197944284017 -0.9659256255074922 0
    outer loop
      vertex 5.771779999136925 5.228024996817112 0
      vertex 5.771779999136925 5.228024996817112 3
      vertex 2.4534000009298325 4.3388649970293045 3
    endloop
  endfacet
  facet normal 0.21190461763567287 -0.9772903524667985 0
    outer loop
      vertex 5.803397476673126 5.2348805740475655 0
      vertex 5.771779999136925 5.228024996817112 3
      vertex 5.771779999136925 5.228024996817112 0
    endloop
  endfacet
  facet normal 0.21190461763567287 -0.9772903524667985 0
    outer loop
      vertex 5.803397476673126 5.2348805740475655 0
      vertex 5.803397476673126 5.2348805740475655 3
      vertex 5.771779999136925 5.228024996817112 3
    endloop
  endfacet
  facet normal 0.11118362537436932 -0.9937998799801758 0
    outer loop
      vertex 5.834704928100109 5.238383166491985 0
      vertex 5.803397476673126 5.2348805740475655 3
      vertex 5.803397476673126 5.2348805740475655 0
    endloop
  endfacet
  facet normal 0.11118362537436932 -0.9937998799801758 0
    outer loop
      vertex 5.834704928100109 5.238383166491985 0
      vertex 5.834704928100109 5.238383166491985 3
      vertex 5.803397476673126 5.2348805740475655 3
    endloop
  endfacet
  facet normal 0.009517334969682257 -0.9999547091419064 0
    outer loop
      vertex 5.865537375211716 5.238676622509956 0
      vertex 5.834704928100109 5.238383166491985 3
      vertex 5.834704928100109 5.238383166491985 0
    endloop
  endfacet
  facet normal 0.009517334969682257 -0.9999547091419064 0
    outer loop
      vertex 5.865537375211716 5.238676622509956 0
      vertex 5.865537375211716 5.238676622509956 3
      vertex 5.834704928100109 5.238383166491985 3
    endloop
  endfacet
  facet normal -0.09142194948871452 -0.9958122449295764 0
    outer loop
      vertex 5.895729839801788 5.235904760658741 0
      vertex 5.865537375211716 5.238676622509956 3
      vertex 5.865537375211716 5.238676622509956 0
    endloop
  endfacet
  facet normal -0.09142194948871452 -0.9958122449295764 0
    outer loop
      vertex 5.895729839801788 5.235904760658741 0
      vertex 5.895729839801788 5.235904760658741 3
      vertex 5.865537375211716 5.238676622509956 3
    endloop
  endfacet
  facet normal -0.190197388664567 -0.9817458700423342 0
    outer loop
      vertex 5.925117343664169 5.230211406946182 0
      vertex 5.895729839801788 5.235904760658741 3
      vertex 5.895729839801788 5.235904760658741 0
    endloop
  endfacet
  facet normal -0.190197388664567 -0.9817458700423342 0
    outer loop
      vertex 5.925117343664169 5.230211406946182 0
      vertex 5.925117343664169 5.230211406946182 3
      vertex 5.895729839801788 5.235904760658741 3
    endloop
  endfacet
  facet normal -0.28566902683745876 -0.9583283399262172 0
    outer loop
      vertex 5.953534908592701 5.221740387380123 0
      vertex 5.925117343664169 5.230211406946182 3
      vertex 5.925117343664169 5.230211406946182 0
    endloop
  endfacet
  facet normal -0.28566902683745876 -0.9583283399262172 0
    outer loop
      vertex 5.953534908592701 5.221740387380123 0
      vertex 5.953534908592701 5.221740387380123 3
      vertex 5.925117343664169 5.230211406946182 3
    endloop
  endfacet
  facet normal -0.37699685855474735 -0.9262145370484377 0
    outer loop
      vertex 5.980817563831806 5.210635535418987 0
      vertex 5.953534908592701 5.221740387380123 3
      vertex 5.953534908592701 5.221740387380123 0
    endloop
  endfacet
  facet normal -0.37699685855474735 -0.9262145370484377 0
    outer loop
      vertex 5.980817563831806 5.210635535418987 0
      vertex 5.980817563831806 5.210635535418987 3
      vertex 5.953534908592701 5.221740387380123 3
    endloop
  endfacet
  facet normal -0.46360131113458636 -0.886043917824784 0
    outer loop
      vertex 6.006800323724747 5.197040677070618 0
      vertex 5.980817563831806 5.210635535418987 3
      vertex 5.980817563831806 5.210635535418987 0
    endloop
  endfacet
  facet normal -0.46360131113458636 -0.886043917824784 0
    outer loop
      vertex 6.006800323724747 5.197040677070618 0
      vertex 6.006800323724747 5.197040677070618 3
      vertex 5.980817563831806 5.210635535418987 3
    endloop
  endfacet
  facet normal -0.5450944175677559 -0.8383746632243063 0
    outer loop
      vertex 6.031318210065365 5.181099638342857 0
      vertex 6.006800323724747 5.197040677070618 3
      vertex 6.006800323724747 5.197040677070618 0
    endloop
  endfacet
  facet normal -0.5450944175677559 -0.8383746632243063 0
    outer loop
      vertex 6.031318210065365 5.181099638342857 0
      vertex 6.031318210065365 5.181099638342857 3
      vertex 6.006800323724747 5.197040677070618 3
    endloop
  endfacet
  facet normal -0.6212013396942228 -0.7836510036758091 0
    outer loop
      vertex 6.0542062520980835 5.16295625269413 0
      vertex 6.031318210065365 5.181099638342857 3
      vertex 6.031318210065365 5.181099638342857 0
    endloop
  endfacet
  facet normal -0.6212013396942228 -0.7836510036758091 0
    outer loop
      vertex 6.0542062520980835 5.16295625269413 0
      vertex 6.0542062520980835 5.16295625269413 3
      vertex 6.031318210065365 5.181099638342857 3
    endloop
  endfacet
  facet normal -0.6916839020065727 -0.7222003736532969 0
    outer loop
      vertex 6.075299464166164 5.142754331231117 0
      vertex 6.0542062520980835 5.16295625269413 3
      vertex 6.0542062520980835 5.16295625269413 0
    endloop
  endfacet
  facet normal -0.6916839020065727 -0.7222003736532969 0
    outer loop
      vertex 6.075299464166164 5.142754331231117 0
      vertex 6.075299464166164 5.142754331231117 3
      vertex 6.0542062520980835 5.16295625269413 3
    endloop
  endfacet
  facet normal -0.7562694212859342 -0.6542603170205558 0
    outer loop
      vertex 6.094432882964611 5.120637722313404 0
      vertex 6.075299464166164 5.142754331231117 3
      vertex 6.075299464166164 5.142754331231117 0
    endloop
  endfacet
  facet normal -0.7562694212859342 -0.6542603170205558 0
    outer loop
      vertex 6.094432882964611 5.120637722313404 0
      vertex 6.094432882964611 5.120637722313404 3
      vertex 6.075299464166164 5.142754331231117 3
    endloop
  endfacet
  facet normal -0.8146012298914834 -0.5800214101731785 0
    outer loop
      vertex 6.111441515386105 5.096750237047672 0
      vertex 6.094432882964611 5.120637722313404 3
      vertex 6.094432882964611 5.120637722313404 0
    endloop
  endfacet
  facet normal -0.8146012298914834 -0.5800214101731785 0
    outer loop
      vertex 6.111441515386105 5.096750237047672 0
      vertex 6.111441515386105 5.096750237047672 3
      vertex 6.094432882964611 5.120637722313404 3
    endloop
  endfacet
  facet normal -0.8662009390324886 -0.49969584070635914 0
    outer loop
      vertex 6.126160390675068 5.071235708892345 0
      vertex 6.111441515386105 5.096750237047672 3
      vertex 6.111441515386105 5.096750237047672 0
    endloop
  endfacet
  facet normal -0.8662009390324886 -0.49969584070635914 0
    outer loop
      vertex 6.126160390675068 5.071235708892345 0
      vertex 6.126160390675068 5.071235708892345 3
      vertex 6.111441515386105 5.096750237047672 3
    endloop
  endfacet
  facet normal -0.9104624827750143 -0.41359166754077226 0
    outer loop
      vertex 6.138424530625343 5.044237971305847 0
      vertex 6.126160390675068 5.071235708892345 3
      vertex 6.126160390675068 5.071235708892345 0
    endloop
  endfacet
  facet normal -0.9104624827750143 -0.41359166754077226 0
    outer loop
      vertex 6.138424530625343 5.044237971305847 0
      vertex 6.138424530625343 5.044237971305847 3
      vertex 6.126160390675068 5.071235708892345 3
    endloop
  endfacet
  facet normal -0.9466728921957439 -0.3221962681064845 0
    outer loop
      vertex 6.148068957030773 5.01590084284544 0
      vertex 6.138424530625343 5.044237971305847 3
      vertex 6.138424530625343 5.044237971305847 0
    endloop
  endfacet
  facet normal -0.9466728921957439 -0.3221962681064845 0
    outer loop
      vertex 6.148068957030773 5.01590084284544 0
      vertex 6.148068957030773 5.01590084284544 3
      vertex 6.138424530625343 5.044237971305847 3
    endloop
  endfacet
  facet normal -0.9740685800074478 -0.2262529589691025 0
    outer loop
      vertex 6.15492869913578 4.986368149518967 0
      vertex 6.148068957030773 5.01590084284544 3
      vertex 6.148068957030773 5.01590084284544 0
    endloop
  endfacet
  facet normal -0.9740685800074478 -0.2262529589691025 0
    outer loop
      vertex 6.15492869913578 4.986368149518967 0
      vertex 6.15492869913578 4.986368149518967 3
      vertex 6.148068957030773 5.01590084284544 3
    endloop
  endfacet
  facet normal -0.9919266295130976 -0.12681309736295412 0
    outer loop
      vertex 6.158838771283627 4.955783732235432 0
      vertex 6.15492869913578 4.986368149518967 3
      vertex 6.15492869913578 4.986368149518967 0
    endloop
  endfacet
  facet normal -0.9919266295130976 -0.12681309736295412 0
    outer loop
      vertex 6.158838771283627 4.955783732235432 0
      vertex 6.158838771283627 4.955783732235432 3
      vertex 6.15492869913578 4.986368149518967 3
    endloop
  endfacet
  facet normal -0.9996811767061525 -0.025249652262996407 0
    outer loop
      vertex 6.159634195268154 4.924291402101517 0
      vertex 6.158838771283627 4.955783732235432 3
      vertex 6.158838771283627 4.955783732235432 0
    endloop
  endfacet
  facet normal -0.9996811767061525 -0.025249652262996407 0
    outer loop
      vertex 6.159634195268154 4.924291402101517 0
      vertex 6.159634195268154 4.924291402101517 3
      vertex 6.158838771283627 4.955783732235432 3
    endloop
  endfacet
  facet normal -0.9970475481047419 0.07678663176831223 0
    outer loop
      vertex 6.157150000333786 4.892035000026226 0
      vertex 6.159634195268154 4.924291402101517 3
      vertex 6.159634195268154 4.924291402101517 0
    endloop
  endfacet
  facet normal -0.9970475481047419 0.07678663176831223 0
    outer loop
      vertex 6.157150000333786 4.892035000026226 0
      vertex 6.157150000333786 4.892035000026226 3
      vertex 6.159634195268154 4.924291402101517 3
    endloop
  endfacet
  facet normal -0.9921256099684782 0.12524685243420217 0
    outer loop
      vertex 5.717670001089573 1.4107550010085106 0
      vertex 6.157150000333786 4.892035000026226 3
      vertex 6.157150000333786 4.892035000026226 0
    endloop
  endfacet
  facet normal -0.9921256099684782 0.12524685243420217 0
    outer loop
      vertex 5.717670001089573 1.4107550010085106 0
      vertex 5.717670001089573 1.4107550010085106 3
      vertex 6.157150000333786 4.892035000026226 3
    endloop
  endfacet
  facet normal -0.9885050785788311 0.15118766359679983 0
    outer loop
      vertex 5.717044502496719 1.406665325164795 0
      vertex 5.717670001089573 1.4107550010085106 3
      vertex 5.717670001089573 1.4107550010085106 0
    endloop
  endfacet
  facet normal -0.9885050785788311 0.15118766359679983 0
    outer loop
      vertex 5.717044502496719 1.406665325164795 0
      vertex 5.717044502496719 1.406665325164795 3
      vertex 5.717670001089573 1.4107550010085106 3
    endloop
  endfacet
  facet normal -0.9865223480249712 0.16362657744785128 0
    outer loop
      vertex 5.716367997229099 1.4025866016745567 0
      vertex 5.717044502496719 1.406665325164795 3
      vertex 5.717044502496719 1.406665325164795 0
    endloop
  endfacet
  facet normal -0.9865223480249712 0.16362657744785128 0
    outer loop
      vertex 5.716367997229099 1.4025866016745567 0
      vertex 5.716367997229099 1.4025866016745567 3
      vertex 5.717044502496719 1.406665325164795 3
    endloop
  endfacet
  facet normal -0.9843777307674997 0.17606954071908032 0
    outer loop
      vertex 5.715640500187874 1.3985192775726318 0
      vertex 5.716367997229099 1.4025866016745567 3
      vertex 5.716367997229099 1.4025866016745567 0
    endloop
  endfacet
  facet normal -0.9843777307674997 0.17606954071908032 0
    outer loop
      vertex 5.715640500187874 1.3985192775726318 0
      vertex 5.715640500187874 1.3985192775726318 3
      vertex 5.716367997229099 1.4025866016745567 3
    endloop
  endfacet
  facet normal -0.982069077395152 0.18852142378052136 0
    outer loop
      vertex 5.714861996471882 1.394463799893856 0
      vertex 5.715640500187874 1.3985192775726318 3
      vertex 5.715640500187874 1.3985192775726318 0
    endloop
  endfacet
  facet normal -0.982069077395152 0.18852142378052136 0
    outer loop
      vertex 5.714861996471882 1.394463799893856 0
      vertex 5.714861996471882 1.394463799893856 3
      vertex 5.715640500187874 1.3985192775726318 3
    endloop
  endfacet
  facet normal -0.9795966959255931 0.20097341448973044 0
    outer loop
      vertex 5.7140325009822845 1.3904206231236458 0
      vertex 5.714861996471882 1.394463799893856 3
      vertex 5.714861996471882 1.394463799893856 0
    endloop
  endfacet
  facet normal -0.9795966959255931 0.20097341448973044 0
    outer loop
      vertex 5.7140325009822845 1.3904206231236458 0
      vertex 5.7140325009822845 1.3904206231236458 3
      vertex 5.714861996471882 1.394463799893856 3
    endloop
  endfacet
  facet normal -0.9769583012436073 0.21343026409393084 0
    outer loop
      vertex 5.713151998817921 1.3863902017474174 0
      vertex 5.7140325009822845 1.3904206231236458 3
      vertex 5.7140325009822845 1.3904206231236458 0
    endloop
  endfacet
  facet normal -0.9769583012436073 0.21343026409393084 0
    outer loop
      vertex 5.713151998817921 1.3863902017474174 0
      vertex 5.713151998817921 1.3863902017474174 3
      vertex 5.7140325009822845 1.3904206231236458 3
    endloop
  endfacet
  facet normal -0.9741542709233987 0.22588372327749018 0
    outer loop
      vertex 5.712220497429371 1.3823729753494263 0
      vertex 5.713151998817921 1.3863902017474174 3
      vertex 5.713151998817921 1.3863902017474174 0
    endloop
  endfacet
  facet normal -0.9741542709233987 0.22588372327749018 0
    outer loop
      vertex 5.712220497429371 1.3823729753494263 0
      vertex 5.712220497429371 1.3823729753494263 3
      vertex 5.713151998817921 1.3863902017474174 3
    endloop
  endfacet
  facet normal -0.971183270901097 0.23833391349500932 0
    outer loop
      vertex 5.711237996816635 1.3783693984150887 0
      vertex 5.712220497429371 1.3823729753494263 3
      vertex 5.712220497429371 1.3823729753494263 0
    endloop
  endfacet
  facet normal -0.971183270901097 0.23833391349500932 0
    outer loop
      vertex 5.711237996816635 1.3783693984150887 0
      vertex 5.711237996816635 1.3783693984150887 3
      vertex 5.712220497429371 1.3823729753494263 3
    endloop
  endfacet
  facet normal -0.9680445084141059 0.25077844749757083 0
    outer loop
      vertex 5.710204496979713 1.374379925429821 0
      vertex 5.711237996816635 1.3783693984150887 3
      vertex 5.711237996816635 1.3783693984150887 0
    endloop
  endfacet
  facet normal -0.9680445084141059 0.25077844749757083 0
    outer loop
      vertex 5.710204496979713 1.374379925429821 0
      vertex 5.710204496979713 1.374379925429821 3
      vertex 5.711237996816635 1.3783693984150887 3
    endloop
  endfacet
  facet normal -0.9647373595332174 0.26321441282892494 0
    outer loop
      vertex 5.709119997918606 1.3704050034284592 0
      vertex 5.710204496979713 1.374379925429821 3
      vertex 5.710204496979713 1.374379925429821 0
    endloop
  endfacet
  facet normal -0.9647373595332174 0.26321441282892494 0
    outer loop
      vertex 5.709119997918606 1.3704050034284592 0
      vertex 5.709119997918606 1.3704050034284592 3
      vertex 5.710204496979713 1.374379925429821 3
    endloop
  endfacet
  facet normal -0.9612612959490752 0.27563875074144506 0
    outer loop
      vertex 5.707984499633312 1.3664450719952583 0
      vertex 5.709119997918606 1.3704050034284592 3
      vertex 5.709119997918606 1.3704050034284592 0
    endloop
  endfacet
  facet normal -0.9612612959490752 0.27563875074144506 0
    outer loop
      vertex 5.707984499633312 1.3664450719952583 0
      vertex 5.707984499633312 1.3664450719952583 3
      vertex 5.709119997918606 1.3704050034284592 3
    endloop
  endfacet
  facet normal -0.9576151435774376 0.28805075384585216 0
    outer loop
      vertex 5.706798002123833 1.3625006005167961 0
      vertex 5.707984499633312 1.3664450719952583 3
      vertex 5.707984499633312 1.3664450719952583 0
    endloop
  endfacet
  facet normal -0.9576151435774376 0.28805075384585216 0
    outer loop
      vertex 5.706798002123833 1.3625006005167961 0
      vertex 5.706798002123833 1.3625006005167961 3
      vertex 5.707984499633312 1.3664450719952583 3
    endloop
  endfacet
  facet normal -0.9537983657802862 0.30044746202099176 0
    outer loop
      vertex 5.705560497939587 1.3585720285773277 0
      vertex 5.706798002123833 1.3625006005167961 3
      vertex 5.706798002123833 1.3625006005167961 0
    endloop
  endfacet
  facet normal -0.9537983657802862 0.30044746202099176 0
    outer loop
      vertex 5.705560497939587 1.3585720285773277 0
      vertex 5.705560497939587 1.3585720285773277 3
      vertex 5.706798002123833 1.3625006005167961 3
    endloop
  endfacet
  facet normal -0.9498118857237291 0.3128216452516254 0
    outer loop
      vertex 5.704272001981735 1.354659803211689 0
      vertex 5.705560497939587 1.3585720285773277 3
      vertex 5.705560497939587 1.3585720285773277 0
    endloop
  endfacet
  facet normal -0.9498118857237291 0.3128216452516254 0
    outer loop
      vertex 5.704272001981735 1.354659803211689 0
      vertex 5.704272001981735 1.354659803211689 3
      vertex 5.705560497939587 1.3585720285773277 3
    endloop
  endfacet
  facet normal -0.9456531625884099 0.32517702269154625 0
    outer loop
      vertex 5.702932499349117 1.3507643714547157 0
      vertex 5.704272001981735 1.354659803211689 3
      vertex 5.704272001981735 1.354659803211689 0
    endloop
  endfacet
  facet normal -0.9456531625884099 0.32517702269154625 0
    outer loop
      vertex 5.702932499349117 1.3507643714547157 0
      vertex 5.702932499349117 1.3507643714547157 3
      vertex 5.704272001981735 1.354659803211689 3
    endloop
  endfacet
  facet normal -0.9413228299179414 0.3375075256572486 0
    outer loop
      vertex 5.701541997492313 1.3468862026929855 0
      vertex 5.702932499349117 1.3507643714547157 3
      vertex 5.702932499349117 1.3507643714547157 0
    endloop
  endfacet
  facet normal -0.9413228299179414 0.3375075256572486 0
    outer loop
      vertex 5.701541997492313 1.3468862026929855 0
      vertex 5.701541997492313 1.3468862026929855 3
      vertex 5.702932499349117 1.3507643714547157 3
    endloop
  endfacet
  facet normal -0.9368212521705802 0.34980843540650397 0
    outer loop
      vertex 5.7001004964113235 1.3430257216095924 0
      vertex 5.701541997492313 1.3468862026929855 3
      vertex 5.701541997492313 1.3468862026929855 0
    endloop
  endfacet
  facet normal -0.9368212521705802 0.34980843540650397 0
    outer loop
      vertex 5.7001004964113235 1.3430257216095924 0
      vertex 5.7001004964113235 1.3430257216095924 3
      vertex 5.701541997492313 1.3468862026929855 3
    endloop
  endfacet
  facet normal -0.9321475425982633 0.362078663867424 0
    outer loop
      vertex 5.698608003556728 1.339183397591114 0
      vertex 5.7001004964113235 1.3430257216095924 3
      vertex 5.7001004964113235 1.3430257216095924 0
    endloop
  endfacet
  facet normal -0.9321475425982633 0.362078663867424 0
    outer loop
      vertex 5.698608003556728 1.339183397591114 0
      vertex 5.698608003556728 1.339183397591114 3
      vertex 5.7001004964113235 1.3430257216095924 3
    endloop
  endfacet
  facet normal -0.9272997253582522 0.3743196753451654 0
    outer loop
      vertex 5.697064496576786 1.3353596776723862 0
      vertex 5.698608003556728 1.339183397591114 3
      vertex 5.698608003556728 1.339183397591114 0
    endloop
  endfacet
  facet normal -0.9272997253582522 0.3743196753451654 0
    outer loop
      vertex 5.697064496576786 1.3353596776723862 0
      vertex 5.697064496576786 1.3353596776723862 3
      vertex 5.698608003556728 1.339183397591114 3
    endloop
  endfacet
  facet normal -0.9222817292166922 0.3865183203330317 0
    outer loop
      vertex 5.695469997823238 1.331555001437664 0
      vertex 5.697064496576786 1.3353596776723862 3
      vertex 5.697064496576786 1.3353596776723862 0
    endloop
  endfacet
  facet normal -0.9222817292166922 0.3865183203330317 0
    outer loop
      vertex 5.695469997823238 1.331555001437664 0
      vertex 5.695469997823238 1.331555001437664 3
      vertex 5.697064496576786 1.3353596776723862 3
    endloop
  endfacet
  facet normal 0.25881403296845557 -0.9659271692724059 0
    outer loop
      vertex 7.844839997589588 1.9074650034308434 0
      vertex 5.695469997823238 1.331555001437664 3
      vertex 5.695469997823238 1.331555001437664 0
    endloop
  endfacet
  facet normal 0.25881403296845557 -0.9659271692724059 0
    outer loop
      vertex 7.844839997589588 1.9074650034308434 0
      vertex 7.844839997589588 1.9074650034308434 3
      vertex 5.695469997823238 1.331555001437664 3
    endloop
  endfacet
  facet normal 0.9898900027009272 0.14183716915096206 0
    outer loop
      vertex 7.769153609871864 2.435684785246849 0
      vertex 7.844839997589588 1.9074650034308434 3
      vertex 7.844839997589588 1.9074650034308434 0
    endloop
  endfacet
  facet normal 0.9898900027009272 0.14183716915096206 0
    outer loop
      vertex 7.769153609871864 2.435684785246849 0
      vertex 7.769153609871864 2.435684785246849 3
      vertex 7.844839997589588 1.9074650034308434 3
    endloop
  endfacet
  facet normal 0.9910254645203327 0.13367321598681908 0
    outer loop
      vertex 7.696961350739002 2.97090320289135 0
      vertex 7.769153609871864 2.435684785246849 3
      vertex 7.769153609871864 2.435684785246849 0
    endloop
  endfacet
  facet normal 0.9910254645203327 0.13367321598681908 0
    outer loop
      vertex 7.696961350739002 2.97090320289135 0
      vertex 7.696961350739002 2.97090320289135 3
      vertex 7.769153609871864 2.435684785246849 3
    endloop
  endfacet
  facet normal 0.9920810317917836 0.1255994679883239 0
    outer loop
      vertex 7.628305122256279 3.5132028087973595 0
      vertex 7.696961350739002 2.97090320289135 3
      vertex 7.696961350739002 2.97090320289135 0
    endloop
  endfacet
  facet normal 0.9920810317917836 0.1255994679883239 0
    outer loop
      vertex 7.628305122256279 3.5132028087973595 0
      vertex 7.628305122256279 3.5132028087973595 3
      vertex 7.696961350739002 2.97090320289135 3
    endloop
  endfacet
  facet normal 0.9930589506571539 0.11761768795428883 0
    outer loop
      vertex 7.563226796686649 4.062666200101376 0
      vertex 7.628305122256279 3.5132028087973595 3
      vertex 7.628305122256279 3.5132028087973595 0
    endloop
  endfacet
  facet normal 0.9930589506571539 0.11761768795428883 0
    outer loop
      vertex 7.563226796686649 4.062666200101376 0
      vertex 7.563226796686649 4.062666200101376 3
      vertex 7.628305122256279 3.5132028087973595 3
    endloop
  endfacet
  facet normal 0.9939615034326289 0.10972934745977446 0
    outer loop
      vertex 7.501768283545971 4.619375936686993 0
      vertex 7.563226796686649 4.062666200101376 3
      vertex 7.563226796686649 4.062666200101376 0
    endloop
  endfacet
  facet normal 0.9939615034326289 0.10972934745977446 0
    outer loop
      vertex 7.501768283545971 4.619375936686993 0
      vertex 7.501768283545971 4.619375936686993 3
      vertex 7.563226796686649 4.062666200101376 3
    endloop
  endfacet
  facet normal 0.9947909724635855 0.10193586760779524 0
    outer loop
      vertex 7.443971447646618 5.183414600789547 0
      vertex 7.501768283545971 4.619375936686993 3
      vertex 7.501768283545971 4.619375936686993 0
    endloop
  endfacet
  facet normal 0.9947909724635855 0.10193586760779524 0
    outer loop
      vertex 7.443971447646618 5.183414600789547 0
      vertex 7.443971447646618 5.183414600789547 3
      vertex 7.501768283545971 4.619375936686993 3
    endloop
  endfacet
  facet normal 0.995549663401495 0.09423835578558284 0
    outer loop
      vertex 7.389878191053867 5.754864759743214 0
      vertex 7.443971447646618 5.183414600789547 3
      vertex 7.443971447646618 5.183414600789547 0
    endloop
  endfacet
  facet normal 0.995549663401495 0.09423835578558284 0
    outer loop
      vertex 7.389878191053867 5.754864759743214 0
      vertex 7.389878191053867 5.754864759743214 3
      vertex 7.443971447646618 5.183414600789547 3
    endloop
  endfacet
  facet normal 0.9962398734647544 0.08663783537768162 0
    outer loop
      vertex 7.339530400931835 6.33380900323391 0
      vertex 7.389878191053867 5.754864759743214 3
      vertex 7.389878191053867 5.754864759743214 0
    endloop
  endfacet
  facet normal 0.9962398734647544 0.08663783537768162 0
    outer loop
      vertex 7.339530400931835 6.33380900323391 0
      vertex 7.339530400931835 6.33380900323391 3
      vertex 7.389878191053867 5.754864759743214 3
    endloop
  endfacet
  facet normal 0.9968638954867094 0.07913516206505866 0
    outer loop
      vertex 7.292969956994057 6.920329891145229 0
      vertex 7.339530400931835 6.33380900323391 3
      vertex 7.339530400931835 6.33380900323391 0
    endloop
  endfacet
  facet normal 0.9968638954867094 0.07913516206505866 0
    outer loop
      vertex 7.292969956994057 6.920329891145229 0
      vertex 7.292969956994057 6.920329891145229 3
      vertex 7.339530400931835 6.33380900323391 3
    endloop
  endfacet
  facet normal 0.9974240136876206 0.0717310038914652 0
    outer loop
      vertex 7.250238746404648 7.514509998261929 0
      vertex 7.292969956994057 6.920329891145229 3
      vertex 7.292969956994057 6.920329891145229 0
    endloop
  endfacet
  facet normal 0.9974240136876206 0.0717310038914652 0
    outer loop
      vertex 7.250238746404648 7.514509998261929 0
      vertex 7.250238746404648 7.514509998261929 3
      vertex 7.292969956994057 6.920329891145229 3
    endloop
  endfacet
  facet normal 0.9979224956156841 0.0644258701467427 0
    outer loop
      vertex 7.211378671228886 8.116431914269924 0
      vertex 7.250238746404648 7.514509998261929 3
      vertex 7.250238746404648 7.514509998261929 0
    endloop
  endfacet
  facet normal 0.9979224956156841 0.0644258701467427 0
    outer loop
      vertex 7.211378671228886 8.116431914269924 0
      vertex 7.211378671228886 8.116431914269924 3
      vertex 7.250238746404648 7.514509998261929 3
    endloop
  endfacet
  facet normal 0.9983615809620604 0.05722022071728849 0
    outer loop
      vertex 7.176431596279144 8.72617819905281 0
      vertex 7.211378671228886 8.116431914269924 3
      vertex 7.211378671228886 8.116431914269924 0
    endloop
  endfacet
  facet normal 0.9983615809620604 0.05722022071728849 0
    outer loop
      vertex 7.176431596279144 8.72617819905281 0
      vertex 7.176431596279144 8.72617819905281 3
      vertex 7.211378671228886 8.116431914269924 3
    endloop
  endfacet
  facet normal 0.9987434920027889 0.05011424130998358 0
    outer loop
      vertex 7.145439431071281 9.343831434845924 0
      vertex 7.176431596279144 8.72617819905281 3
      vertex 7.176431596279144 8.72617819905281 0
    endloop
  endfacet
  facet normal 0.9987434920027889 0.05011424130998358 0
    outer loop
      vertex 7.145439431071281 9.343831434845924 0
      vertex 7.145439431071281 9.343831434845924 3
      vertex 7.176431596279144 8.72617819905281 3
    endloop
  endfacet
  facet normal 0.999070412557235 0.04310812861533249 0
    outer loop
      vertex 7.118444047868252 9.969474196434021 0
      vertex 7.145439431071281 9.343831434845924 3
      vertex 7.145439431071281 9.343831434845924 0
    endloop
  endfacet
  facet normal 0.999070412557235 0.04310812861533249 0
    outer loop
      vertex 7.118444047868252 9.969474196434021 0
      vertex 7.118444047868252 9.969474196434021 3
      vertex 7.145439431071281 9.343831434845924 3
    endloop
  endfacet
  facet normal 0.9993444977435072 0.03620186224184204 0
    outer loop
      vertex 7.095487341284752 10.603189066052437 0
      vertex 7.118444047868252 9.969474196434021 3
      vertex 7.118444047868252 9.969474196434021 0
    endloop
  endfacet
  facet normal 0.9993444977435072 0.03620186224184204 0
    outer loop
      vertex 7.095487341284752 10.603189066052437 0
      vertex 7.095487341284752 10.603189066052437 3
      vertex 7.118444047868252 9.969474196434021 3
    endloop
  endfacet
  facet normal 0.9995678630527344 0.029395359364874456 0
    outer loop
      vertex 7.076611198484898 11.245058603584766 0
      vertex 7.095487341284752 10.603189066052437 3
      vertex 7.095487341284752 10.603189066052437 0
    endloop
  endfacet
  facet normal 0.9995678630527344 0.029395359364874456 0
    outer loop
      vertex 7.076611198484898 11.245058603584766 0
      vertex 7.076611198484898 11.245058603584766 3
      vertex 7.095487341284752 10.603189066052437 3
    endloop
  endfacet
  facet normal 0.9997425847251641 0.022688417464602952 0
    outer loop
      vertex 7.061857506632805 11.895165383815765 0
      vertex 7.076611198484898 11.245058603584766 3
      vertex 7.076611198484898 11.245058603584766 0
    endloop
  endfacet
  facet normal 0.9997425847251641 0.022688417464602952 0
    outer loop
      vertex 7.061857506632805 11.895165383815765 0
      vertex 7.061857506632805 11.895165383815765 3
      vertex 7.076611198484898 11.245058603584766 3
    endloop
  endfacet
  facet normal 0.9998706966059471 0.01608073595138466 0
    outer loop
      vertex 7.05126815289259 12.55359199643135 0
      vertex 7.061857506632805 11.895165383815765 3
      vertex 7.061857506632805 11.895165383815765 0
    endloop
  endfacet
  facet normal 0.9998706966059471 0.01608073595138466 0
    outer loop
      vertex 7.05126815289259 12.55359199643135 0
      vertex 7.05126815289259 12.55359199643135 3
      vertex 7.061857506632805 11.895165383815765 3
    endloop
  endfacet
  facet normal 0.9999541879886019 0.009571934185716644 0
    outer loop
      vertex 7.044885016977787 13.220421016216278 0
      vertex 7.05126815289259 12.55359199643135 3
      vertex 7.05126815289259 12.55359199643135 0
    endloop
  endfacet
  facet normal 0.9999541879886019 0.009571934185716644 0
    outer loop
      vertex 7.044885016977787 13.220421016216278 0
      vertex 7.044885016977787 13.220421016216278 3
      vertex 7.05126815289259 12.55359199643135 3
    endloop
  endfacet
  facet normal 0.9999950024455218 0.003161500273748072 0
    outer loop
      vertex 7.042750000953674 13.895735003054142 0
      vertex 7.044885016977787 13.220421016216278 3
      vertex 7.044885016977787 13.220421016216278 0
    endloop
  endfacet
  facet normal 0.9999950024455218 0.003161500273748072 0
    outer loop
      vertex 7.042750000953674 13.895735003054142 0
      vertex 7.042750000953674 13.895735003054142 3
      vertex 7.044885016977787 13.220421016216278 3
    endloop
  endfacet
  facet normal 0.004275288378808186 -0.9999908609128776 0
    outer loop
      vertex 7.898349225521088 13.89939296990633 0
      vertex 7.042750000953674 13.895735003054142 3
      vertex 7.042750000953674 13.895735003054142 0
    endloop
  endfacet
  facet normal 0.004275288378808186 -0.9999908609128776 0
    outer loop
      vertex 7.898349225521088 13.89939296990633 0
      vertex 7.898349225521088 13.89939296990633 3
      vertex 7.042750000953674 13.895735003054142 3
    endloop
  endfacet
  facet normal 0.012927830001528633 -0.99991643211393 0
    outer loop
      vertex 8.739526696503162 13.910268478095531 0
      vertex 7.898349225521088 13.89939296990633 3
      vertex 7.898349225521088 13.89939296990633 0
    endloop
  endfacet
  facet normal 0.012927830001528633 -0.99991643211393 0
    outer loop
      vertex 8.739526696503162 13.910268478095531 0
      vertex 8.739526696503162 13.910268478095531 3
      vertex 7.898349225521088 13.89939296990633 3
    endloop
  endfacet
  facet normal 0.02172707242440769 -0.999763939299605 0
    outer loop
      vertex 9.566522121429443 13.928240910172462 0
      vertex 8.739526696503162 13.910268478095531 3
      vertex 8.739526696503162 13.910268478095531 0
    endloop
  endfacet
  facet normal 0.02172707242440769 -0.999763939299605 0
    outer loop
      vertex 9.566522121429443 13.928240910172462 0
      vertex 9.566522121429443 13.928240910172462 3
      vertex 8.739526696503162 13.910268478095531 3
    endloop
  endfacet
  facet normal 0.030670806536600728 -0.9995295401469605 0
    outer loop
      vertex 10.379575200378895 13.953189641237259 0
      vertex 9.566522121429443 13.928240910172462 3
      vertex 9.566522121429443 13.928240910172462 0
    endloop
  endfacet
  facet normal 0.030670806536600728 -0.9995295401469605 0
    outer loop
      vertex 10.379575200378895 13.953189641237259 0
      vertex 10.379575200378895 13.953189641237259 3
      vertex 9.566522121429443 13.928240910172462 3
    endloop
  endfacet
  facet normal 0.039756375364669284 -0.9992094027869551 0
    outer loop
      vertex 11.1789256259799 13.984994061291218 0
      vertex 10.379575200378895 13.953189641237259 3
      vertex 10.379575200378895 13.953189641237259 0
    endloop
  endfacet
  facet normal 0.039756375364669284 -0.9992094027869551 0
    outer loop
      vertex 11.1789256259799 13.984994061291218 0
      vertex 11.1789256259799 13.984994061291218 3
      vertex 10.379575200378895 13.953189641237259 3
    endloop
  endfacet
  facet normal 0.04898060167053028 -0.9987997300059671 0
    outer loop
      vertex 11.964813098311424 14.023533560335636 0
      vertex 11.1789256259799 13.984994061291218 3
      vertex 11.1789256259799 13.984994061291218 0
    endloop
  endfacet
  facet normal 0.04898060167053028 -0.9987997300059671 0
    outer loop
      vertex 11.964813098311424 14.023533560335636 0
      vertex 11.964813098311424 14.023533560335636 3
      vertex 11.1789256259799 13.984994061291218 3
    endloop
  endfacet
  facet normal 0.0583397705452141 -0.9982967851158951 0
    outer loop
      vertex 12.737477324903011 14.06868752092123 0
      vertex 11.964813098311424 14.023533560335636 3
      vertex 11.964813098311424 14.023533560335636 0
    endloop
  endfacet
  facet normal 0.0583397705452141 -0.9982967851158951 0
    outer loop
      vertex 12.737477324903011 14.06868752092123 0
      vertex 12.737477324903011 14.06868752092123 3
      vertex 11.964813098311424 14.023533560335636 3
    endloop
  endfacet
  facet normal 0.06782961577439754 -0.997696919522105 0
    outer loop
      vertex 13.497157998383045 14.120335318148136 0
      vertex 12.737477324903011 14.06868752092123 3
      vertex 12.737477324903011 14.06868752092123 0
    endloop
  endfacet
  facet normal 0.06782961577439754 -0.997696919522105 0
    outer loop
      vertex 13.497157998383045 14.120335318148136 0
      vertex 13.497157998383045 14.120335318148136 3
      vertex 12.737477324903011 14.06868752092123 3
    endloop
  endfacet
  facet normal 0.0774453324512755 -0.9969966000350811 0
    outer loop
      vertex 14.24409482628107 14.178356349468231 0
      vertex 13.497157998383045 14.120335318148136 3
      vertex 13.497157998383045 14.120335318148136 0
    endloop
  endfacet
  facet normal 0.0774453324512755 -0.9969966000350811 0
    outer loop
      vertex 14.24409482628107 14.178356349468231 0
      vertex 14.24409482628107 14.178356349468231 3
      vertex 13.497157998383045 14.120335318148136 3
    endloop
  endfacet
  facet normal 0.08718147326956495 -0.9961924466279335 0
    outer loop
      vertex 14.978527501225471 14.242629997432232 0
      vertex 14.24409482628107 14.178356349468231 3
      vertex 14.24409482628107 14.178356349468231 0
    endloop
  endfacet
  facet normal 0.08718147326956495 -0.9961924466279335 0
    outer loop
      vertex 14.978527501225471 14.242629997432232 0
      vertex 14.978527501225471 14.242629997432232 3
      vertex 14.24409482628107 14.178356349468231 3
    endloop
  endfacet
  facet normal 0.0970319923862611 -0.9952812629872788 0
    outer loop
      vertex 15.700695723295212 14.313035644590855 0
      vertex 14.978527501225471 14.242629997432232 3
      vertex 14.978527501225471 14.242629997432232 0
    endloop
  endfacet
  facet normal 0.0970319923862611 -0.9952812629872788 0
    outer loop
      vertex 15.700695723295212 14.313035644590855 0
      vertex 15.700695723295212 14.313035644590855 3
      vertex 14.978527501225471 14.242629997432232 3
    endloop
  endfacet
  facet normal 0.10699022186586546 -0.9942600728305913 0
    outer loop
      vertex 16.410839200019836 14.389452680945396 0
      vertex 15.700695723295212 14.313035644590855 3
      vertex 15.700695723295212 14.313035644590855 0
    endloop
  endfacet
  facet normal 0.10699022186586546 -0.9942600728305913 0
    outer loop
      vertex 16.410839200019836 14.389452680945396 0
      vertex 16.410839200019836 14.389452680945396 3
      vertex 15.700695723295212 14.313035644590855 3
    endloop
  endfacet
  facet normal 0.11704882098754629 -0.9931261619277911 0
    outer loop
      vertex 17.10919762402773 14.471760481595993 0
      vertex 16.410839200019836 14.389452680945396 3
      vertex 16.410839200019836 14.389452680945396 0
    endloop
  endfacet
  facet normal 0.11704882098754629 -0.9931261619277911 0
    outer loop
      vertex 17.10919762402773 14.471760481595993 0
      vertex 17.10919762402773 14.471760481595993 3
      vertex 16.410839200019836 14.389452680945396 3
    endloop
  endfacet
  facet normal 0.12719983089576 -0.9918771108459404 0
    outer loop
      vertex 17.796010702848434 14.559838436543941 0
      vertex 17.10919762402773 14.471760481595993 3
      vertex 17.10919762402773 14.471760481595993 0
    endloop
  endfacet
  facet normal 0.12719983089576 -0.9918771108459404 0
    outer loop
      vertex 17.796010702848434 14.559838436543941 0
      vertex 17.796010702848434 14.559838436543941 3
      vertex 17.10919762402773 14.471760481595993 3
    endloop
  endfacet
  facet normal 0.1374346180375937 -0.9905108408113767 0
    outer loop
      vertex 18.471518121659756 14.653565935790539 0
      vertex 17.796010702848434 14.559838436543941 3
      vertex 17.796010702848434 14.559838436543941 0
    endloop
  endfacet
  facet normal 0.1374346180375937 -0.9905108408113767 0
    outer loop
      vertex 18.471518121659756 14.653565935790539 0
      vertex 18.471518121659756 14.653565935790539 3
      vertex 17.796010702848434 14.559838436543941 3
    endloop
  endfacet
  facet normal 0.14774386431536898 -0.9890256571783979 0
    outer loop
      vertex 19.1359596028924 14.752822361886501 0
      vertex 18.471518121659756 14.653565935790539 3
      vertex 18.471518121659756 14.653565935790539 0
    endloop
  endfacet
  facet normal 0.14774386431536898 -0.9890256571783979 0
    outer loop
      vertex 19.1359596028924 14.752822361886501 0
      vertex 19.1359596028924 14.752822361886501 3
      vertex 18.471518121659756 14.653565935790539 3
    endloop
  endfacet
  facet normal 0.15811760857861493 -0.9874202863306891 0
    outer loop
      vertex 19.789574824273586 14.857487089931965 0
      vertex 19.1359596028924 14.752822361886501 3
      vertex 19.1359596028924 14.752822361886501 0
    endloop
  endfacet
  facet normal 0.15811760857861493 -0.9874202863306891 0
    outer loop
      vertex 19.789574824273586 14.857487089931965 0
      vertex 19.789574824273586 14.857487089931965 3
      vertex 19.1359596028924 14.752822361886501 3
    endloop
  endfacet
  facet normal 0.16854526494763672 -0.985693914794918 0
    outer loop
      vertex 20.432603500783443 14.967439517378807 0
      vertex 19.789574824273586 14.857487089931965 3
      vertex 19.789574824273586 14.857487089931965 0
    endloop
  endfacet
  facet normal 0.16854526494763672 -0.985693914794918 0
    outer loop
      vertex 20.432603500783443 14.967439517378807 0
      vertex 20.432603500783443 14.967439517378807 3
      vertex 19.789574824273586 14.857487089931965 3
    endloop
  endfacet
  facet normal 0.17901556873711066 -0.9838462411117546 0
    outer loop
      vertex 21.065285325050354 15.082559026777744 0
      vertex 20.432603500783443 14.967439517378807 3
      vertex 20.432603500783443 14.967439517378807 0
    endloop
  endfacet
  facet normal 0.17901556873711066 -0.9838462411117546 0
    outer loop
      vertex 21.065285325050354 15.082559026777744 0
      vertex 21.065285325050354 15.082559026777744 3
      vertex 20.432603500783443 14.967439517378807 3
    endloop
  endfacet
  facet normal 0.1895166510639022 -0.9818775071104965 0
    outer loop
      vertex 21.687859997153282 15.202725000679493 0
      vertex 21.065285325050354 15.082559026777744 3
      vertex 21.065285325050354 15.082559026777744 0
    endloop
  endfacet
  facet normal 0.1895166510639022 -0.9818775071104965 0
    outer loop
      vertex 21.687859997153282 15.202725000679493 0
      vertex 21.687859997153282 15.202725000679493 3
      vertex 21.065285325050354 15.082559026777744 3
    endloop
  endfacet
  facet normal 0.9999999992015143 -0.000039962123780570864 0
    outer loop
      vertex 21.687990002334118 18.45593500137329 0
      vertex 21.687859997153282 15.202725000679493 3
      vertex 21.687859997153282 15.202725000679493 0
    endloop
  endfacet
  facet normal 0.9999999992015143 -0.000039962123780570864 0
    outer loop
      vertex 21.687990002334118 18.45593500137329 0
      vertex 21.687990002334118 18.45593500137329 3
      vertex 21.687859997153282 15.202725000679493 3
    endloop
  endfacet
  facet normal -0.37785541454998917 -0.9258646152085389 0
    outer loop
      vertex 24.93647000193596 17.13019499927759 0
      vertex 21.687990002334118 18.45593500137329 3
      vertex 21.687990002334118 18.45593500137329 0
    endloop
  endfacet
  facet normal -0.37785541454998917 -0.9258646152085389 0
    outer loop
      vertex 24.93647000193596 17.13019499927759 0
      vertex 24.93647000193596 17.13019499927759 3
      vertex 21.687990002334118 18.45593500137329 3
    endloop
  endfacet
  facet normal 0.9999999994874808 -0.00003201622109613207 0
    outer loop
      vertex 24.936580002307892 20.565964996814728 0
      vertex 24.93647000193596 17.13019499927759 3
      vertex 24.93647000193596 17.13019499927759 0
    endloop
  endfacet
  facet normal 0.9999999994874808 -0.00003201622109613207 0
    outer loop
      vertex 24.936580002307892 20.565964996814728 0
      vertex 24.936580002307892 20.565964996814728 3
      vertex 24.93647000193596 17.13019499927759 3
    endloop
  endfacet
  facet normal -0.1965137304889022 0.9805010727833677 0
    outer loop
      vertex 21.688129998743534 19.91490499675274 0
      vertex 24.936580002307892 20.565964996814728 3
      vertex 24.936580002307892 20.565964996814728 0
    endloop
  endfacet
  facet normal -0.1965137304889022 0.9805010727833677 0
    outer loop
      vertex 21.688129998743534 19.91490499675274 0
      vertex 21.688129998743534 19.91490499675274 3
      vertex 24.936580002307892 20.565964996814728 3
    endloop
  endfacet
  facet normal 0.9999999994122235 0.000034286337996907714 0
    outer loop
      vertex 21.688050001859665 22.248104996979237 0
      vertex 21.688129998743534 19.91490499675274 3
      vertex 21.688129998743534 19.91490499675274 0
    endloop
  endfacet
  facet normal 0.9999999994122235 0.000034286337996907714 0
    outer loop
      vertex 21.688050001859665 22.248104996979237 0
      vertex 21.688050001859665 22.248104996979237 3
      vertex 21.688129998743534 19.91490499675274 3
    endloop
  endfacet
  facet normal -0.22419020856516594 0.974545407040384 0
    outer loop
      vertex 21.510976545512676 22.207369968295097 0
      vertex 21.688050001859665 22.248104996979237 3
      vertex 21.688050001859665 22.248104996979237 0
    endloop
  endfacet
  facet normal -0.22419020856516594 0.974545407040384 0
    outer loop
      vertex 21.510976545512676 22.207369968295097 0
      vertex 21.510976545512676 22.207369968295097 3
      vertex 21.688050001859665 22.248104996979237 3
    endloop
  endfacet
  facet normal -0.22456724196845865 0.9744585952387509 0
    outer loop
      vertex 21.333896450698376 22.166561268270016 0
      vertex 21.510976545512676 22.207369968295097 3
      vertex 21.510976545512676 22.207369968295097 0
    endloop
  endfacet
  facet normal -0.22456724196845865 0.9744585952387509 0
    outer loop
      vertex 21.333896450698376 22.166561268270016 0
      vertex 21.333896450698376 22.166561268270016 3
      vertex 21.510976545512676 22.207369968295097 3
    endloop
  endfacet
  facet normal -0.22450579687787464 0.9744727534252717 0
    outer loop
      vertex 21.156799629330635 22.125760473310947 0
      vertex 21.333896450698376 22.166561268270016 3
      vertex 21.333896450698376 22.166561268270016 0
    endloop
  endfacet
  facet normal -0.22450579687787464 0.9744727534252717 0
    outer loop
      vertex 21.156799629330635 22.125760473310947 0
      vertex 21.156799629330635 22.125760473310947 3
      vertex 21.333896450698376 22.166561268270016 3
    endloop
  endfacet
  facet normal -0.22400595971666956 0.9745877744007533 0
    outer loop
      vertex 20.979676000773907 22.085049159824848 0
      vertex 21.156799629330635 22.125760473310947 3
      vertex 21.156799629330635 22.125760473310947 0
    endloop
  endfacet
  facet normal -0.22400595971666956 0.9745877744007533 0
    outer loop
      vertex 20.979676000773907 22.085049159824848 0
      vertex 20.979676000773907 22.085049159824848 3
      vertex 21.156799629330635 22.125760473310947 3
    endloop
  endfacet
  facet normal -0.22306753222429274 0.9748029934645073 0
    outer loop
      vertex 20.802515469491482 22.044508904218674 0
      vertex 20.979676000773907 22.085049159824848 3
      vertex 20.979676000773907 22.085049159824848 0
    endloop
  endfacet
  facet normal -0.22306753222429274 0.9748029934645073 0
    outer loop
      vertex 20.802515469491482 22.044508904218674 0
      vertex 20.802515469491482 22.044508904218674 3
      vertex 20.979676000773907 22.085049159824848 3
    endloop
  endfacet
  facet normal -0.22169005072834855 0.975117183423645 0
    outer loop
      vertex 20.625307947397232 22.00422129034996 0
      vertex 20.802515469491482 22.044508904218674 3
      vertex 20.802515469491482 22.044508904218674 0
    endloop
  endfacet
  facet normal -0.22169005072834855 0.975117183423645 0
    outer loop
      vertex 20.625307947397232 22.00422129034996 0
      vertex 20.625307947397232 22.00422129034996 3
      vertex 20.802515469491482 22.044508904218674 3
    endloop
  endfacet
  facet normal -0.21987292317077525 0.9755285222156954 0
    outer loop
      vertex 20.44804335385561 21.964267887175083 0
      vertex 20.625307947397232 22.00422129034996 3
      vertex 20.625307947397232 22.00422129034996 0
    endloop
  endfacet
  facet normal -0.21987292317077525 0.9755285222156954 0
    outer loop
      vertex 20.44804335385561 21.964267887175083 0
      vertex 20.44804335385561 21.964267887175083 3
      vertex 20.625307947397232 22.00422129034996 3
    endloop
  endfacet
  facet normal -0.21761515065232725 0.9760346542037146 0
    outer loop
      vertex 20.270711600780487 21.92473027855158 0
      vertex 20.44804335385561 21.964267887175083 3
      vertex 20.44804335385561 21.964267887175083 0
    endloop
  endfacet
  facet normal -0.21761515065232725 0.9760346542037146 0
    outer loop
      vertex 20.270711600780487 21.92473027855158 0
      vertex 20.270711600780487 21.92473027855158 3
      vertex 20.44804335385561 21.964267887175083 3
    endloop
  endfacet
  facet normal -0.21491563426794943 0.976632617798118 0
    outer loop
      vertex 20.093302592635155 21.885690040886402 0
      vertex 20.270711600780487 21.92473027855158 3
      vertex 20.270711600780487 21.92473027855158 0
    endloop
  endfacet
  facet normal -0.21491563426794943 0.976632617798118 0
    outer loop
      vertex 20.093302592635155 21.885690040886402 0
      vertex 20.093302592635155 21.885690040886402 3
      vertex 20.270711600780487 21.92473027855158 3
    endloop
  endfacet
  facet normal -0.2117730645596326 0.9773188676818951 0
    outer loop
      vertex 19.915806248784065 21.84722875058651 0
      vertex 20.093302592635155 21.885690040886402 3
      vertex 20.093302592635155 21.885690040886402 0
    endloop
  endfacet
  facet normal -0.2117730645596326 0.9773188676818951 0
    outer loop
      vertex 19.915806248784065 21.84722875058651 0
      vertex 19.915806248784065 21.84722875058651 3
      vertex 20.093302592635155 21.885690040886402 3
    endloop
  endfacet
  facet normal -0.20818593231510077 0.9780892687204438 0
    outer loop
      vertex 19.73821248114109 21.809427984058857 0
      vertex 19.915806248784065 21.84722875058651 3
      vertex 19.915806248784065 21.84722875058651 0
    endloop
  endfacet
  facet normal -0.20818593231510077 0.9780892687204438 0
    outer loop
      vertex 19.73821248114109 21.809427984058857 0
      vertex 19.73821248114109 21.809427984058857 3
      vertex 19.915806248784065 21.84722875058651 3
    endloop
  endfacet
  facet normal -0.20415259127319169 0.9789390785316731 0
    outer loop
      vertex 19.560511201620102 21.7723693177104 0
      vertex 19.73821248114109 21.809427984058857 3
      vertex 19.73821248114109 21.809427984058857 0
    endloop
  endfacet
  facet normal -0.20415259127319169 0.9789390785316731 0
    outer loop
      vertex 19.560511201620102 21.7723693177104 0
      vertex 19.560511201620102 21.7723693177104 3
      vertex 19.73821248114109 21.809427984058857 3
    endloop
  endfacet
  facet normal -0.199671242208339 0.9798629470670778 0
    outer loop
      vertex 19.38269232213497 21.736134335398674 0
      vertex 19.560511201620102 21.7723693177104 3
      vertex 19.560511201620102 21.7723693177104 0
    endloop
  endfacet
  facet normal -0.199671242208339 0.9798629470670778 0
    outer loop
      vertex 19.38269232213497 21.736134335398674 0
      vertex 19.38269232213497 21.736134335398674 3
      vertex 19.560511201620102 21.7723693177104 3
    endloop
  endfacet
  facet normal -0.19474007976242744 0.9808548829129228 0
    outer loop
      vertex 19.20474574714899 21.700804613530636 0
      vertex 19.38269232213497 21.736134335398674 3
      vertex 19.38269232213497 21.736134335398674 0
    endloop
  endfacet
  facet normal -0.19474007976242744 0.9808548829129228 0
    outer loop
      vertex 19.20474574714899 21.700804613530636 0
      vertex 19.20474574714899 21.700804613530636 3
      vertex 19.38269232213497 21.736134335398674 3
    endloop
  endfacet
  facet normal -0.18935729447645955 0.9819082518385083 0
    outer loop
      vertex 19.026661403477192 21.66646172106266 0
      vertex 19.20474574714899 21.700804613530636 3
      vertex 19.20474574714899 21.700804613530636 0
    endloop
  endfacet
  facet normal -0.18935729447645955 0.9819082518385083 0
    outer loop
      vertex 19.026661403477192 21.66646172106266 0
      vertex 19.026661403477192 21.66646172106266 3
      vertex 19.20474574714899 21.700804613530636 3
    endloop
  endfacet
  facet normal -0.18352092841272744 0.98301580294242 0
    outer loop
      vertex 18.848429203033447 21.633187241852283 0
      vertex 19.026661403477192 21.66646172106266 3
      vertex 19.026661403477192 21.66646172106266 0
    endloop
  endfacet
  facet normal -0.18352092841272744 0.98301580294242 0
    outer loop
      vertex 18.848429203033447 21.633187241852283 0
      vertex 18.848429203033447 21.633187241852283 3
      vertex 19.026661403477192 21.66646172106266 3
    endloop
  endfacet
  facet normal -0.17722920431350142 0.9841696038480374 0
    outer loop
      vertex 18.670039042830467 21.60106275230646 0
      vertex 18.848429203033447 21.633187241852283 3
      vertex 18.848429203033447 21.633187241852283 0
    endloop
  endfacet
  facet normal -0.17722920431350142 0.9841696038480374 0
    outer loop
      vertex 18.670039042830467 21.60106275230646 0
      vertex 18.670039042830467 21.60106275230646 3
      vertex 18.848429203033447 21.633187241852283 3
    endloop
  endfacet
  facet normal -0.17048046448948248 0.9853610562770636 0
    outer loop
      vertex 18.491480849683285 21.57016982883215 0
      vertex 18.670039042830467 21.60106275230646 3
      vertex 18.670039042830467 21.60106275230646 0
    endloop
  endfacet
  facet normal -0.17048046448948248 0.9853610562770636 0
    outer loop
      vertex 18.491480849683285 21.57016982883215 0
      vertex 18.491480849683285 21.57016982883215 3
      vertex 18.670039042830467 21.60106275230646 3
    endloop
  endfacet
  facet normal -0.16327313610293656 0.9865809054644794 0
    outer loop
      vertex 18.31274452805519 21.540590055286884 0
      vertex 18.491480849683285 21.57016982883215 3
      vertex 18.491480849683285 21.57016982883215 0
    endloop
  endfacet
  facet normal -0.16327313610293656 0.9865809054644794 0
    outer loop
      vertex 18.31274452805519 21.540590055286884 0
      vertex 18.31274452805519 21.540590055286884 3
      vertex 18.491480849683285 21.57016982883215 3
    endloop
  endfacet
  facet normal -0.15560604159747 0.9878191938904439 0
    outer loop
      vertex 18.13381999731064 21.51240500062704 0
      vertex 18.31274452805519 21.540590055286884 3
      vertex 18.31274452805519 21.540590055286884 0
    endloop
  endfacet
  facet normal -0.15560604159747 0.9878191938904439 0
    outer loop
      vertex 18.13381999731064 21.51240500062704 0
      vertex 18.13381999731064 21.51240500062704 3
      vertex 18.31274452805519 21.540590055286884 3
    endloop
  endfacet
  facet normal -0.13992973749308632 0.9901614356079093 0
    outer loop
      vertex 17.239740148186684 21.386053524911404 0
      vertex 18.13381999731064 21.51240500062704 3
      vertex 18.13381999731064 21.51240500062704 0
    endloop
  endfacet
  facet normal -0.13992973749308632 0.9901614356079093 0
    outer loop
      vertex 17.239740148186684 21.386053524911404 0
      vertex 17.239740148186684 21.386053524911404 3
      vertex 18.13381999731064 21.51240500062704 3
    endloop
  endfacet
  facet normal -0.12377119678990543 0.9923107833966104 0
    outer loop
      vertex 16.344489961862564 21.27438872307539 0
      vertex 17.239740148186684 21.386053524911404 3
      vertex 17.239740148186684 21.386053524911404 0
    endloop
  endfacet
  facet normal -0.12377119678990543 0.9923107833966104 0
    outer loop
      vertex 16.344489961862564 21.27438872307539 0
      vertex 16.344489961862564 21.27438872307539 3
      vertex 17.239740148186684 21.386053524911404 3
    endloop
  endfacet
  facet normal -0.10849494763520379 0.9940970004670744 0
    outer loop
      vertex 15.448160015046597 21.17656399309635 0
      vertex 16.344489961862564 21.27438872307539 3
      vertex 16.344489961862564 21.27438872307539 0
    endloop
  endfacet
  facet normal -0.10849494763520379 0.9940970004670744 0
    outer loop
      vertex 15.448160015046597 21.17656399309635 0
      vertex 15.448160015046597 21.17656399309635 3
      vertex 16.344489961862564 21.27438872307539 3
    endloop
  endfacet
  facet normal -0.09411886820931628 0.995560966815693 0
    outer loop
      vertex 14.550840876996517 21.091732762753963 0
      vertex 15.448160015046597 21.17656399309635 3
      vertex 15.448160015046597 21.17656399309635 0
    endloop
  endfacet
  facet normal -0.09411886820931628 0.995560966815693 0
    outer loop
      vertex 14.550840876996517 21.091732762753963 0
      vertex 14.550840876996517 21.091732762753963 3
      vertex 15.448160015046597 21.17656399309635 3
    endloop
  endfacet
  facet normal -0.08065696064177671 0.9967419198067425 0
    outer loop
      vertex 13.652623124420643 21.019048437476158 0
      vertex 14.550840876996517 21.091732762753963 3
      vertex 14.550840876996517 21.091732762753963 0
    endloop
  endfacet
  facet normal -0.08065696064177671 0.9967419198067425 0
    outer loop
      vertex 13.652623124420643 21.019048437476158 0
      vertex 13.652623124420643 21.019048437476158 3
      vertex 14.550840876996517 21.091732762753963 3
    endloop
  endfacet
  facet normal -0.06811975119981831 0.9976771519366747 0
    outer loop
      vertex 12.75359731912613 20.95766443759203 0
      vertex 13.652623124420643 21.019048437476158 3
      vertex 13.652623124420643 21.019048437476158 0
    endloop
  endfacet
  facet normal -0.06811975119981831 0.9976771519366747 0
    outer loop
      vertex 12.75359731912613 20.95766443759203 0
      vertex 12.75359731912613 20.95766443759203 3
      vertex 13.652623124420643 21.019048437476158 3
    endloop
  endfacet
  facet normal -0.05651484860752938 0.9984017587558969 0
    outer loop
      vertex 11.853854037821293 20.90673418343067 0
      vertex 12.75359731912613 20.95766443759203 3
      vertex 12.75359731912613 20.95766443759203 0
    endloop
  endfacet
  facet normal -0.05651484860752938 0.9984017587558969 0
    outer loop
      vertex 11.853854037821293 20.90673418343067 0
      vertex 11.853854037821293 20.90673418343067 3
      vertex 12.75359731912613 20.95766443759203 3
    endloop
  endfacet
  facet normal -0.045847419296074325 0.9989484541976578 0
    outer loop
      vertex 10.95348384231329 20.865411080420017 0
      vertex 11.853854037821293 20.90673418343067 3
      vertex 11.853854037821293 20.90673418343067 0
    endloop
  endfacet
  facet normal -0.045847419296074325 0.9989484541976578 0
    outer loop
      vertex 10.95348384231329 20.865411080420017 0
      vertex 10.95348384231329 20.865411080420017 3
      vertex 11.853854037821293 20.90673418343067 3
    endloop
  endfacet
  facet normal -0.03612059743025083 0.9993474383022561 0
    outer loop
      vertex 10.052577301859856 20.83284854888916 0
      vertex 10.95348384231329 20.865411080420017 3
      vertex 10.95348384231329 20.865411080420017 0
    endloop
  endfacet
  facet normal -0.03612059743025083 0.9993474383022561 0
    outer loop
      vertex 10.052577301859856 20.83284854888916 0
      vertex 10.052577301859856 20.83284854888916 3
      vertex 10.95348384231329 20.865411080420017 3
    endloop
  endfacet
  facet normal -0.027335966238608463 0.9996263026500462 0
    outer loop
      vertex 9.151225000619888 20.808200001716614 0
      vertex 10.052577301859856 20.83284854888916 3
      vertex 10.052577301859856 20.83284854888916 0
    endloop
  endfacet
  facet normal -0.027335966238608463 0.9996263026500462 0
    outer loop
      vertex 9.151225000619888 20.808200001716614 0
      vertex 9.151225000619888 20.808200001716614 3
      vertex 10.052577301859856 20.83284854888916 3
    endloop
  endfacet
  facet normal -0.01949391453284194 0.9998099755934556 0
    outer loop
      vertex 8.249517492949963 20.79061885178089 0
      vertex 9.151225000619888 20.808200001716614 3
      vertex 9.151225000619888 20.808200001716614 0
    endloop
  endfacet
  facet normal -0.01949391453284194 0.9998099755934556 0
    outer loop
      vertex 8.249517492949963 20.79061885178089 0
      vertex 8.249517492949963 20.79061885178089 3
      vertex 9.151225000619888 20.808200001716614 3
    endloop
  endfacet
  facet normal -0.012593993797969842 0.9999206925152698 0
    outer loop
      vertex 7.347545363008976 20.779258519411087 0
      vertex 8.249517492949963 20.79061885178089 3
      vertex 8.249517492949963 20.79061885178089 0
    endloop
  endfacet
  facet normal -0.012593993797969842 0.9999206925152698 0
    outer loop
      vertex 7.347545363008976 20.779258519411087 0
      vertex 7.347545363008976 20.779258519411087 3
      vertex 8.249517492949963 20.79061885178089 3
    endloop
  endfacet
  facet normal -0.006635255088659049 0.9999779864526561 0
    outer loop
      vertex 6.445399165153503 20.773272417485714 0
      vertex 7.347545363008976 20.779258519411087 3
      vertex 7.347545363008976 20.779258519411087 0
    endloop
  endfacet
  facet normal -0.006635255088659049 0.9999779864526561 0
    outer loop
      vertex 6.445399165153503 20.773272417485714 0
      vertex 6.445399165153503 20.773272417485714 3
      vertex 7.347545363008976 20.779258519411087 3
    endloop
  endfacet
  facet normal -0.0016165026784396423 0.9999986934586917 0
    outer loop
      vertex 5.543169483542442 20.771813958883286 0
      vertex 6.445399165153503 20.773272417485714 3
      vertex 6.445399165153503 20.773272417485714 0
    endloop
  endfacet
  facet normal -0.0016165026784396423 0.9999986934586917 0
    outer loop
      vertex 5.543169483542442 20.771813958883286 0
      vertex 5.543169483542442 20.771813958883286 3
      vertex 6.445399165153503 20.773272417485714 3
    endloop
  endfacet
  facet normal 0.0024634699666498698 0.9999969656532581 0
    outer loop
      vertex 4.640946872532368 20.774036563932896 0
      vertex 5.543169483542442 20.771813958883286 3
      vertex 5.543169483542442 20.771813958883286 0
    endloop
  endfacet
  facet normal 0.0024634699666498698 0.9999969656532581 0
    outer loop
      vertex 4.640946872532368 20.774036563932896 0
      vertex 4.640946872532368 20.774036563932896 3
      vertex 5.543169483542442 20.771813958883286 3
    endloop
  endfacet
  facet normal 0.00560564768658441 0.9999842882335771 0
    outer loop
      vertex 3.738821916282177 20.779093638062477 0
      vertex 4.640946872532368 20.774036563932896 3
      vertex 4.640946872532368 20.774036563932896 0
    endloop
  endfacet
  facet normal 0.00560564768658441 0.9999842882335771 0
    outer loop
      vertex 3.738821916282177 20.779093638062477 0
      vertex 3.738821916282177 20.779093638062477 3
      vertex 4.640946872532368 20.774036563932896 3
    endloop
  endfacet
  facet normal 0.007810698730705308 0.9999694960274229 0
    outer loop
      vertex 2.8368851840496063 20.786138609051704 0
      vertex 3.738821916282177 20.779093638062477 3
      vertex 3.738821916282177 20.779093638062477 0
    endloop
  endfacet
  facet normal 0.007810698730705308 0.9999694960274229 0
    outer loop
      vertex 2.8368851840496063 20.786138609051704 0
      vertex 2.8368851840496063 20.786138609051704 3
      vertex 3.738821916282177 20.779093638062477 3
    endloop
  endfacet
  facet normal 0.009078759778325032 0.9999587872111968 0
    outer loop
      vertex 1.9352272376418114 20.79432488232851 0
      vertex 2.8368851840496063 20.786138609051704 3
      vertex 2.8368851840496063 20.786138609051704 0
    endloop
  endfacet
  facet normal 0.009078759778325032 0.9999587872111968 0
    outer loop
      vertex 1.9352272376418114 20.79432488232851 0
      vertex 1.9352272376418114 20.79432488232851 3
      vertex 2.8368851840496063 20.786138609051704 3
    endloop
  endfacet
  facet normal 0.0094094312787234 0.9999557303216032 0
    outer loop
      vertex 1.033938653767109 20.802805870771408 0
      vertex 1.9352272376418114 20.79432488232851 3
      vertex 1.9352272376418114 20.79432488232851 0
    endloop
  endfacet
  facet normal 0.0094094312787234 0.9999557303216032 0
    outer loop
      vertex 1.033938653767109 20.802805870771408 0
      vertex 1.033938653767109 20.802805870771408 3
      vertex 1.9352272376418114 20.79432488232851 3
    endloop
  endfacet
  facet normal 0.008801700778190185 0.9999612642814776 0
    outer loop
      vertex 0.13311000168323517 20.810735002160072 0
      vertex 1.033938653767109 20.802805870771408 3
      vertex 1.033938653767109 20.802805870771408 0
    endloop
  endfacet
  facet normal 0.008801700778190185 0.9999612642814776 0
    outer loop
      vertex 0.13311000168323517 20.810735002160072 0
      vertex 0.13311000168323517 20.810735002160072 3
      vertex 1.033938653767109 20.802805870771408 3
    endloop
  endfacet
  facet normal -0.9999870570949401 -0.005087793490406252 0
    outer loop
      vertex 0.1369297206401825 20.05998332053423 0
      vertex 0.13311000168323517 20.810735002160072 3
      vertex 0.13311000168323517 20.810735002160072 0
    endloop
  endfacet
  facet normal -0.9999870570949401 -0.005087793490406252 0
    outer loop
      vertex 0.1369297206401825 20.05998332053423 0
      vertex 0.1369297206401825 20.05998332053423 3
      vertex 0.13311000168323517 20.810735002160072 3
    endloop
  endfacet
  facet normal -0.9999942374251771 -0.0033948661886354613 0
    outer loop
      vertex 0.13947878777980804 19.309128262102604 0
      vertex 0.1369297206401825 20.05998332053423 3
      vertex 0.1369297206401825 20.05998332053423 0
    endloop
  endfacet
  facet normal -0.9999942374251771 -0.0033948661886354613 0
    outer loop
      vertex 0.13947878777980804 19.309128262102604 0
      vertex 0.13947878777980804 19.309128262102604 3
      vertex 0.1369297206401825 20.05998332053423 3
    endloop
  endfacet
  facet normal -0.9999973516544327 -0.002301452610986314 0
    outer loop
      vertex 0.1412070393562317 18.558190792798996 0
      vertex 0.13947878777980804 19.309128262102604 3
      vertex 0.13947878777980804 19.309128262102604 0
    endloop
  endfacet
  facet normal -0.9999973516544327 -0.002301452610986314 0
    outer loop
      vertex 0.1412070393562317 18.558190792798996 0
      vertex 0.1412070393562317 18.558190792798996 3
      vertex 0.13947878777980804 19.309128262102604 3
    endloop
  endfacet
  facet normal -0.9999983668388474 -0.0018072962231057428 0
    outer loop
      vertex 0.1425643190741539 17.807191878557205 0
      vertex 0.1412070393562317 18.558190792798996 3
      vertex 0.1412070393562317 18.558190792798996 0
    endloop
  endfacet
  facet normal -0.9999983668388474 -0.0018072962231057428 0
    outer loop
      vertex 0.1425643190741539 17.807191878557205 0
      vertex 0.1425643190741539 17.807191878557205 3
      vertex 0.1412070393562317 18.558190792798996 3
    endloop
  endfacet
  facet normal -0.9999981717147836 -0.0019122152310991536 0
    outer loop
      vertex 0.14400047063827515 17.056152500212193 0
      vertex 0.1425643190741539 17.807191878557205 3
      vertex 0.1425643190741539 17.807191878557205 0
    endloop
  endfacet
  facet normal -0.9999981717147836 -0.0019122152310991536 0
    outer loop
      vertex 0.14400047063827515 17.056152500212193 0
      vertex 0.14400047063827515 17.056152500212193 3
      vertex 0.1425643190741539 17.807191878557205 3
    endloop
  endfacet
  facet normal -0.9999965779773227 -0.0026161104037068957 0
    outer loop
      vertex 0.1459653303027153 16.305093623697758 0
      vertex 0.14400047063827515 17.056152500212193 3
      vertex 0.14400047063827515 17.056152500212193 0
    endloop
  endfacet
  facet normal -0.9999965779773227 -0.0026161104037068957 0
    outer loop
      vertex 0.1459653303027153 16.305093623697758 0
      vertex 0.1459653303027153 16.305093623697758 3
      vertex 0.14400047063827515 17.056152500212193 3
    endloop
  endfacet
  facet normal -0.9999923206779997 -0.003919003065661975 0
    outer loop
      vertex 0.14890874922275543 15.55403620749712 0
      vertex 0.1459653303027153 16.305093623697758 3
      vertex 0.1459653303027153 16.305093623697758 0
    endloop
  endfacet
  facet normal -0.9999923206779997 -0.003919003065661975 0
    outer loop
      vertex 0.14890874922275543 15.55403620749712 0
      vertex 0.14890874922275543 15.55403620749712 3
      vertex 0.1459653303027153 16.305093623697758 3
    endloop
  endfacet
  facet normal -0.9999830581009287 -0.005820954484827623 0
    outer loop
      vertex 0.1532805636525154 14.80300123989582 0
      vertex 0.14890874922275543 15.55403620749712 3
      vertex 0.14890874922275543 15.55403620749712 0
    endloop
  endfacet
  facet normal -0.9999830581009287 -0.005820954484827623 0
    outer loop
      vertex 0.1532805636525154 14.80300123989582 0
      vertex 0.1532805636525154 14.80300123989582 3
      vertex 0.14890874922275543 15.55403620749712 3
    endloop
  endfacet
  facet normal -0.9999653706115834 -0.008322113772261306 0
    outer loop
      vertex 0.1595306172966957 14.052009679377079 0
      vertex 0.1532805636525154 14.80300123989582 3
      vertex 0.1532805636525154 14.80300123989582 0
    endloop
  endfacet
  facet normal -0.9999653706115834 -0.008322113772261306 0
    outer loop
      vertex 0.1595306172966957 14.052009679377079 0
      vertex 0.1595306172966957 14.052009679377079 3
      vertex 0.1532805636525154 14.80300123989582 3
    endloop
  endfacet
  facet normal -0.9999347595404312 -0.011422638172509885 0
    outer loop
      vertex 0.1681087464094162 13.301082499325275 0
      vertex 0.1595306172966957 14.052009679377079 3
      vertex 0.1595306172966957 14.052009679377079 0
    endloop
  endfacet
  facet normal -0.9999347595404312 -0.011422638172509885 0
    outer loop
      vertex 0.1681087464094162 13.301082499325275 0
      vertex 0.1681087464094162 13.301082499325275 3
      vertex 0.1595306172966957 14.052009679377079 3
    endloop
  endfacet
  facet normal -0.999885645254952 -0.015122711829828129 0
    outer loop
      vertex 0.17946480959653854 12.55024067312479 0
      vertex 0.1681087464094162 13.301082499325275 3
      vertex 0.1681087464094162 13.301082499325275 0
    endloop
  endfacet
  facet normal -0.999885645254952 -0.015122711829828129 0
    outer loop
      vertex 0.17946480959653854 12.55024067312479 0
      vertex 0.17946480959653854 12.55024067312479 3
      vertex 0.1681087464094162 13.301082499325275 3
    endloop
  endfacet
  facet normal -0.9998113674733994 -0.01942239611816754 0
    outer loop
      vertex 0.19404864311218262 11.799505159258842 0
      vertex 0.17946480959653854 12.55024067312479 3
      vertex 0.17946480959653854 12.55024067312479 0
    endloop
  endfacet
  facet normal -0.9998113674733994 -0.01942239611816754 0
    outer loop
      vertex 0.19404864311218262 11.799505159258842 0
      vertex 0.19404864311218262 11.799505159258842 3
      vertex 0.17946480959653854 12.55024067312479 3
    endloop
  endfacet
  facet normal -0.9997041849105678 -0.024321650279068942 0
    outer loop
      vertex 0.2123100757598877 11.048896938562393 0
      vertex 0.19404864311218262 11.799505159258842 3
      vertex 0.19404864311218262 11.799505159258842 0
    endloop
  endfacet
  facet normal -0.9997041849105678 -0.024321650279068942 0
    outer loop
      vertex 0.2123100757598877 11.048896938562393 0
      vertex 0.2123100757598877 11.048896938562393 3
      vertex 0.19404864311218262 11.799505159258842 3
    endloop
  endfacet
  facet normal -0.9995552759736536 -0.029820299683821803 0
    outer loop
      vertex 0.23469897359609604 10.298436976969242 0
      vertex 0.2123100757598877 11.048896938562393 3
      vertex 0.2123100757598877 11.048896938562393 0
    endloop
  endfacet
  facet normal -0.9995552759736536 -0.029820299683821803 0
    outer loop
      vertex 0.23469897359609604 10.298436976969242 0
      vertex 0.23469897359609604 10.298436976969242 3
      vertex 0.2123100757598877 11.048896938562393 3
    endloop
  endfacet
  facet normal -0.9993547480273874 -0.03591778939630003 0
    outer loop
      vertex 0.2616651579737663 9.54814624786377 0
      vertex 0.23469897359609604 10.298436976969242 3
      vertex 0.23469897359609604 10.298436976969242 0
    endloop
  endfacet
  facet normal -0.9993547480273874 -0.03591778939630003 0
    outer loop
      vertex 0.2616651579737663 9.54814624786377 0
      vertex 0.2616651579737663 9.54814624786377 3
      vertex 0.23469897359609604 10.298436976969242 3
    endloop
  endfacet
  facet normal -0.9990916406767711 -0.042613302263469516 0
    outer loop
      vertex 0.2936584800481796 8.798045717179775 0
      vertex 0.2616651579737663 9.54814624786377 3
      vertex 0.2616651579737663 9.54814624786377 0
    endloop
  endfacet
  facet normal -0.9990916406767711 -0.042613302263469516 0
    outer loop
      vertex 0.2936584800481796 8.798045717179775 0
      vertex 0.2936584800481796 8.798045717179775 3
      vertex 0.2616651579737663 9.54814624786377 3
    endloop
  endfacet
  facet normal -0.9987539435435 -0.04990551328568109 0
    outer loop
      vertex 0.3311287835240364 8.04815635830164 0
      vertex 0.2936584800481796 8.798045717179775 3
      vertex 0.2936584800481796 8.798045717179775 0
    endloop
  endfacet
  facet normal -0.9987539435435 -0.04990551328568109 0
    outer loop
      vertex 0.3311287835240364 8.04815635830164 0
      vertex 0.3311287835240364 8.04815635830164 3
      vertex 0.2936584800481796 8.798045717179775 3
    endloop
  endfacet
  facet normal -0.9983286143716215 -0.05779254040824203 0
    outer loop
      vertex 0.37452591210603714 7.298499137163162 0
      vertex 0.3311287835240364 8.04815635830164 3
      vertex 0.3311287835240364 8.04815635830164 0
    endloop
  endfacet
  facet normal -0.9983286143716215 -0.05779254040824203 0
    outer loop
      vertex 0.37452591210603714 7.298499137163162 0
      vertex 0.37452591210603714 7.298499137163162 3
      vertex 0.3311287835240364 8.04815635830164 3
    endloop
  endfacet
  facet normal -0.997801607062994 -0.06627181107006551 0
    outer loop
      vertex 0.4242997020483017 6.549095027148724 0
      vertex 0.37452591210603714 7.298499137163162 3
      vertex 0.37452591210603714 7.298499137163162 0
    endloop
  endfacet
  facet normal -0.997801607062994 -0.06627181107006551 0
    outer loop
      vertex 0.4242997020483017 6.549095027148724 0
      vertex 0.4242997020483017 6.549095027148724 3
      vertex 0.37452591210603714 7.298499137163162 3
    endloop
  endfacet
  facet normal -0.9971579059123696 -0.07533996732450708 0
    outer loop
      vertex 0.48089999705553055 5.799965001642704 0
      vertex 0.4242997020483017 6.549095027148724 3
      vertex 0.4242997020483017 6.549095027148724 0
    endloop
  endfacet
  facet normal -0.9971579059123696 -0.07533996732450708 0
    outer loop
      vertex 0.48089999705553055 5.799965001642704 0
      vertex 0.48089999705553055 5.799965001642704 3
      vertex 0.4242997020483017 6.549095027148724 3
    endloop
  endfacet
  facet normal -0.9963498543740255 -0.08536373755206839 0
    outer loop
      vertex 0.5052914321422577 5.515272654592991 0
      vertex 0.48089999705553055 5.799965001642704 3
      vertex 0.48089999705553055 5.799965001642704 0
    endloop
  endfacet
  facet normal -0.9963498543740255 -0.08536373755206839 0
    outer loop
      vertex 0.5052914321422577 5.515272654592991 0
      vertex 0.5052914321422577 5.515272654592991 3
      vertex 0.48089999705553055 5.799965001642704 3
    endloop
  endfacet
  facet normal -0.9958876717459567 -0.09059660735600132 0
    outer loop
      vertex 0.5311809778213501 5.230680547654629 0
      vertex 0.5052914321422577 5.515272654592991 3
      vertex 0.5052914321422577 5.515272654592991 0
    endloop
  endfacet
  facet normal -0.9958876717459567 -0.09059660735600132 0
    outer loop
      vertex 0.5311809778213501 5.230680547654629 0
      vertex 0.5311809778213501 5.230680547654629 3
      vertex 0.5052914321422577 5.515272654592991 3
    endloop
  endfacet
  facet normal -0.9954139736411302 -0.09566096947018475 0
    outer loop
      vertex 0.558520995080471 4.946190066635609 0
      vertex 0.5311809778213501 5.230680547654629 3
      vertex 0.5311809778213501 5.230680547654629 0
    endloop
  endfacet
  facet normal -0.9954139736411302 -0.09566096947018475 0
    outer loop
      vertex 0.558520995080471 4.946190066635609 0
      vertex 0.558520995080471 4.946190066635609 3
      vertex 0.5311809778213501 5.230680547654629 3
    endloop
  endfacet
  facet normal -0.9949312980421092 -0.10055700958284214 0
    outer loop
      vertex 0.5872638374567032 4.661802597343922 0
      vertex 0.558520995080471 4.946190066635609 3
      vertex 0.558520995080471 4.946190066635609 0
    endloop
  endfacet
  facet normal -0.9949312980421092 -0.10055700958284214 0
    outer loop
      vertex 0.5872638374567032 4.661802597343922 0
      vertex 0.5872638374567032 4.661802597343922 3
      vertex 0.558520995080471 4.946190066635609 3
    endloop
  endfacet
  facet normal -0.9944420850368881 -0.10528503933364271 0
    outer loop
      vertex 0.6173618733882904 4.377519533038139 0
      vertex 0.5872638374567032 4.661802597343922 3
      vertex 0.5872638374567032 4.661802597343922 0
    endloop
  endfacet
  facet normal -0.9944420850368881 -0.10528503933364271 0
    outer loop
      vertex 0.6173618733882904 4.377519533038139 0
      vertex 0.6173618733882904 4.377519533038139 3
      vertex 0.5872638374567032 4.661802597343922 3
    endloop
  endfacet
  facet normal -0.9939486960431001 -0.10984529864414366 0
    outer loop
      vertex 0.6487674564123154 4.093342252075672 0
      vertex 0.6173618733882904 4.377519533038139 3
      vertex 0.6173618733882904 4.377519533038139 0
    endloop
  endfacet
  facet normal -0.9939486960431001 -0.10984529864414366 0
    outer loop
      vertex 0.6487674564123154 4.093342252075672 0
      vertex 0.6487674564123154 4.093342252075672 3
      vertex 0.6173618733882904 4.377519533038139 3
    endloop
  endfacet
  facet normal -0.993453390978565 -0.11423817204941038 0
    outer loop
      vertex 0.6814329549670219 3.809272140264511 0
      vertex 0.6487674564123154 4.093342252075672 3
      vertex 0.6487674564123154 4.093342252075672 0
    endloop
  endfacet
  facet normal -0.993453390978565 -0.11423817204941038 0
    outer loop
      vertex 0.6814329549670219 3.809272140264511 0
      vertex 0.6814329549670219 3.809272140264511 3
      vertex 0.6487674564123154 4.093342252075672 3
    endloop
  endfacet
  facet normal -0.9929583512074539 -0.11846397244468368 0
    outer loop
      vertex 0.7153107225894928 3.5253105983138084 0
      vertex 0.6814329549670219 3.809272140264511 3
      vertex 0.6814329549670219 3.809272140264511 0
    endloop
  endfacet
  facet normal -0.9929583512074539 -0.11846397244468368 0
    outer loop
      vertex 0.7153107225894928 3.5253105983138084 0
      vertex 0.7153107225894928 3.5253105983138084 3
      vertex 0.6814329549670219 3.809272140264511 3
    endloop
  endfacet
  facet normal -0.9924656653678489 -0.12252307156594226 0
    outer loop
      vertex 0.7503531128168106 3.2414590045809746 0
      vertex 0.7153107225894928 3.5253105983138084 3
      vertex 0.7153107225894928 3.5253105983138084 0
    endloop
  endfacet
  facet normal -0.9924656653678489 -0.12252307156594226 0
    outer loop
      vertex 0.7503531128168106 3.2414590045809746 0
      vertex 0.7503531128168106 3.2414590045809746 3
      vertex 0.7153107225894928 3.5253105983138084 3
    endloop
  endfacet
  facet normal -0.9919773220902625 -0.12641595017493504 0
    outer loop
      vertex 0.7865125015377998 2.957718752324581 0
      vertex 0.7503531128168106 3.2414590045809746 3
      vertex 0.7503531128168106 3.2414590045809746 0
    endloop
  endfacet
  facet normal -0.9919773220902625 -0.12641595017493504 0
    outer loop
      vertex 0.7865125015377998 2.957718752324581 0
      vertex 0.7865125015377998 2.957718752324581 3
      vertex 0.7503531128168106 3.2414590045809746 3
    endloop
  endfacet
  facet normal -0.9914952462234817 -0.13014290882040938 0
    outer loop
      vertex 0.8237412348389626 2.6740912199020386 0
      vertex 0.7865125015377998 2.957718752324581 3
      vertex 0.7865125015377998 2.957718752324581 0
    endloop
  endfacet
  facet normal -0.9914952462234817 -0.13014290882040938 0
    outer loop
      vertex 0.8237412348389626 2.6740912199020386 0
      vertex 0.8237412348389626 2.6740912199020386 3
      vertex 0.7865125015377998 2.957718752324581 3
    endloop
  endfacet
  facet normal -0.9910212513551165 -0.13370444780387428 0
    outer loop
      vertex 0.8619916811585426 2.3905778005719185 0
      vertex 0.8237412348389626 2.6740912199020386 3
      vertex 0.8237412348389626 2.6740912199020386 0
    endloop
  endfacet
  facet normal -0.9910212513551165 -0.13370444780387428 0
    outer loop
      vertex 0.8619916811585426 2.3905778005719185 0
      vertex 0.8619916811585426 2.3905778005719185 3
      vertex 0.8237412348389626 2.6740912199020386 3
    endloop
  endfacet
  facet normal -0.990557082864606 -0.13710093211485588 0
    outer loop
      vertex 0.9012161940336227 2.107179880142212 0
      vertex 0.8619916811585426 2.3905778005719185 3
      vertex 0.8619916811585426 2.3905778005719185 0
    endloop
  endfacet
  facet normal -0.990557082864606 -0.13710093211485588 0
    outer loop
      vertex 0.9012161940336227 2.107179880142212 0
      vertex 0.9012161940336227 2.107179880142212 3
      vertex 0.8619916811585426 2.3905778005719185 3
    endloop
  endfacet
  facet normal -0.9901043862249688 -0.1403328342836344 0
    outer loop
      vertex 0.9413671419024467 1.8238988518714905 0
      vertex 0.9012161940336227 2.107179880142212 3
      vertex 0.9012161940336227 2.107179880142212 0
    endloop
  endfacet
  facet normal -0.9901043862249688 -0.1403328342836344 0
    outer loop
      vertex 0.9413671419024467 1.8238988518714905 0
      vertex 0.9413671419024467 1.8238988518714905 3
      vertex 0.9012161940336227 2.107179880142212 3
    endloop
  endfacet
  facet normal -0.9896647383211541 -0.14340050810133695 0
    outer loop
      vertex 0.9823968783020973 1.5407360941171646 0
      vertex 0.9413671419024467 1.8238988518714905 3
      vertex 0.9413671419024467 1.8238988518714905 0
    endloop
  endfacet
  facet normal -0.9896647383211541 -0.14340050810133695 0
    outer loop
      vertex 0.9823968783020973 1.5407360941171646 0
      vertex 0.9823968783020973 1.5407360941171646 3
      vertex 0.9413671419024467 1.8238988518714905 3
    endloop
  endfacet
  facet normal -0.9892396237835779 -0.1463043633543621 0
    outer loop
      vertex 1.0242577567696571 1.257693000137806 0
      vertex 0.9823968783020973 1.5407360941171646 3
      vertex 0.9823968783020973 1.5407360941171646 0
    endloop
  endfacet
  facet normal -0.9892396237835779 -0.1463043633543621 0
    outer loop
      vertex 1.0242577567696571 1.257693000137806 0
      vertex 1.0242577567696571 1.257693000137806 3
      vertex 0.9823968783020973 1.5407360941171646 3
    endloop
  endfacet
  facet normal -0.9888304349635311 -0.14904486200414258 0
    outer loop
      vertex 1.0669021531939507 0.9747709557414055 0
      vertex 1.0242577567696571 1.257693000137806 3
      vertex 1.0242577567696571 1.257693000137806 0
    endloop
  endfacet
  facet normal -0.9888304349635311 -0.14904486200414258 0
    outer loop
      vertex 1.0669021531939507 0.9747709557414055 0
      vertex 1.0669021531939507 0.9747709557414055 3
      vertex 1.0242577567696571 1.257693000137806 3
    endloop
  endfacet
  facet normal -0.988438504982363 -0.15162230003608096 0
    outer loop
      vertex 1.1102824211120605 0.6919713467359543 0
      vertex 1.0669021531939507 0.9747709557414055 3
      vertex 1.0669021531939507 0.9747709557414055 0
    endloop
  endfacet
  facet normal -0.988438504982363 -0.15162230003608096 0
    outer loop
      vertex 1.1102824211120605 0.6919713467359543 0
      vertex 1.1102824211120605 0.6919713467359543 3
      vertex 1.0669021531939507 0.9747709557414055 3
    endloop
  endfacet
  facet normal -0.9880650748619123 -0.15403703398249302 0
    outer loop
      vertex 1.1543509140610695 0.40929556638002396 0
      vertex 1.1102824211120605 0.6919713467359543 3
      vertex 1.1102824211120605 0.6919713467359543 0
    endloop
  endfacet
  facet normal -0.9880650748619123 -0.15403703398249302 0
    outer loop
      vertex 1.1543509140610695 0.40929556638002396 0
      vertex 1.1543509140610695 0.40929556638002396 3
      vertex 1.1102824211120605 0.6919713467359543 3
    endloop
  endfacet
  facet normal -0.9877113025758508 -0.15628941987196776 0
    outer loop
      vertex 1.1988935843110085 0.12779667228460312 0
      vertex 1.1543509140610695 0.40929556638002396 3
      vertex 1.1543509140610695 0.40929556638002396 0
    endloop
  endfacet
  facet normal -0.9877113025758508 -0.15628941987196776 0
    outer loop
      vertex 1.1988935843110085 0.12779667228460312 0
      vertex 1.1988935843110085 0.12779667228460312 3
      vertex 1.1543509140610695 0.40929556638002396 3
    endloop
  endfacet
  facet normal 0.25881851915217124 -0.9659259672168862 0
    outer loop
      vertex 3.8209199979901314 0.830365002155304 0
      vertex 1.1988935843110085 0.12779667228460312 3
      vertex 1.1988935843110085 0.12779667228460312 0
    endloop
  endfacet
  facet normal 0.25881851915217124 -0.9659259672168862 0
    outer loop
      vertex 3.8209199979901314 0.830365002155304 0
      vertex 3.8209199979901314 0.830365002155304 3
      vertex 1.1988935843110085 0.12779667228460312 3
    endloop
  endfacet
  facet normal -0.25874158755139054 0.9659465776487776 0
    outer loop
      vertex 1.1988499984145164 0.12778499722480774 0
      vertex 1.1988935843110085 0.12779667228460312 3
      vertex 1.1988935843110085 0.12779667228460312 0
    endloop
  endfacet
  facet normal -0.25874158755139054 0.9659465776487776 0
    outer loop
      vertex 1.1988499984145164 0.12778499722480774 0
      vertex 1.1988499984145164 0.12778499722480774 3
      vertex 1.1988935843110085 0.12779667228460312 3
    endloop
  endfacet
  facet normal -0.9802159966163955 -0.19793079592960414 0
    outer loop
      vertex 1.1990600004792213 0.12674500048160553 0
      vertex 1.1988499984145164 0.12778499722480774 3
      vertex 1.1988499984145164 0.12778499722480774 0
    endloop
  endfacet
  facet normal -0.9802159966163955 -0.19793079592960414 0
    outer loop
      vertex 1.1990600004792213 0.12674500048160553 0
      vertex 1.1990600004792213 0.12674500048160553 3
      vertex 1.1988499984145164 0.12778499722480774 3
    endloop
  endfacet
  facet normal 0.9877104285655016 0.15629494330576782 0
    outer loop
      vertex 1.1988935843110085 0.12779667228460312 0
      vertex 1.1990600004792213 0.12674500048160553 3
      vertex 1.1990600004792213 0.12674500048160553 0
    endloop
  endfacet
  facet normal 0.9877104285655016 0.15629494330576782 0
    outer loop
      vertex 1.1988935843110085 0.12779667228460312 0
      vertex 1.1988935843110085 0.12779667228460312 3
      vertex 1.1990600004792213 0.12674500048160553 3
    endloop
  endfacet
  facet normal 0 0 -1
    outer loop
      vertex 3.763412684202194 0.8829977437853813 0
      vertex 1.1988935843110085 0.12779667228460312 0
      vertex 3.758891999721527 0.8884675577282906 0
    endloop
  endfacet
  facet normal 0 0 -1
    outer loop
      vertex 3.746093437075615 0.9054981246590614 0
      vertex 3.750230498611927 0.8997198790311813 0
      vertex 1.1988935843110085 0.12779667228460312 0
    endloop
  endfacet
  facet normal 0 0 -1
    outer loop
      vertex 3.750230498611927 0.8997198790311813 0
      vertex 3.7544973120093346 0.8940423130989075 0
      vertex 1.1988935843110085 0.12779667228460312 0
    endloop
  endfacet
  facet normal 0 0 -1
    outer loop
      vertex 3.763412684202194 0.8829977437853813 0
      vertex 3.7680575028061867 0.8776350021362305 0
      vertex 1.1988935843110085 0.12779667228460312 0
    endloop
  endfacet
  facet normal 0 0 -1
    outer loop
      vertex 3.742087997496128 0.911374919116497 0
      vertex 1.1988935843110085 0.12779667228460312 0
      vertex 3.7382160648703575 0.9173481315374374 0
    endloop
  endfacet
  facet normal 0 0 -1
    outer loop
      vertex 3.7382160648703575 0.9173481315374374 0
      vertex 1.1988935843110085 0.12779667228460312 0
      vertex 3.7344795018434525 0.9234156385064125 0
    endloop
  endfacet
  facet normal 0 0 -1
    outer loop
      vertex 1.1988935843110085 0.12779667228460312 0
      vertex 3.727420002222061 0.9358249977231026 0
      vertex 3.7308801859617233 0.9295753017067909 0
    endloop
  endfacet
  facet normal 0 0 -1
    outer loop
      vertex 1.1988935843110085 0.12779667228460312 0
      vertex 1.1543509140610695 0.40929556638002396 0
      vertex 3.727420002222061 0.9358249977231026 0
    endloop
  endfacet
  facet normal 0 0 -1
    outer loop
      vertex 3.727420002222061 0.9358249977231026 0
      vertex 1.1102824211120605 0.6919713467359543 0
      vertex 1.0669021531939507 0.9747709557414055 0
    endloop
  endfacet
  facet normal 0 0 -1
    outer loop
      vertex 1.0242577567696571 1.257693000137806 0
      vertex 3.727420002222061 0.9358249977231026 0
      vertex 1.0669021531939507 0.9747709557414055 0
    endloop
  endfacet
  facet normal 0 0 -1
    outer loop
      vertex 0.9823968783020973 1.5407360941171646 0
      vertex 0.9413671419024467 1.8238988518714905 0
      vertex 3.727420002222061 0.9358249977231026 0
    endloop
  endfacet
  facet normal 0 0 -1
    outer loop
      vertex 3.727420002222061 0.9358249977231026 0
      vertex 0.9012161940336227 2.107179880142212 0
      vertex 2.258620001375675 3.9057449996471405 0
    endloop
  endfacet
  facet normal 0 0 -1
    outer loop
      vertex 2.258620001375675 3.9057449996471405 0
      vertex 0.8619916811585426 2.3905778005719185 0
      vertex 0.8237412348389626 2.6740912199020386 0
    endloop
  endfacet
  facet normal 0 0 -1
    outer loop
      vertex 0.7865125015377998 2.957718752324581 0
      vertex 2.258620001375675 3.9057449996471405 0
      vertex 0.8237412348389626 2.6740912199020386 0
    endloop
  endfacet
  facet normal 0 0 -1
    outer loop
      vertex 0.7503531128168106 3.2414590045809746 0
      vertex 0.7153107225894928 3.5253105983138084 0
      vertex 2.258620001375675 3.9057449996471405 0
    endloop
  endfacet
  facet normal 0 0 -1
    outer loop
      vertex 0.7153107225894928 3.5253105983138084 0
      vertex 2.2381570786237717 3.958660989999771 0
      vertex 2.2470726370811462 3.9320113733410835 0
    endloop
  endfacet
  facet normal 0 0 -1
    outer loop
      vertex 0.6814329549670219 3.809272140264511 0
      vertex 2.2318081483244896 3.9855490922927856 0
      vertex 2.2381570786237717 3.958660989999771 0
    endloop
  endfacet
  facet normal 0 0 -1
    outer loop
      vertex 0.6814329549670219 3.809272140264511 0
      vertex 2.2279606387019157 4.0125309228897095 0
      vertex 2.2318081483244896 3.9855490922927856 0
    endloop
  endfacet
  facet normal 0 0 -1
    outer loop
      vertex 0.6487674564123154 4.093342252075672 0
      vertex 2.226549372076988 4.039461717009544 0
      vertex 0.6814329549670219 3.809272140264511 0
    endloop
  endfacet
  facet normal 0 0 -1
    outer loop
      vertex 0.6487674564123154 4.093342252075672 0
      vertex 2.2275091633200645 4.066196732223034 0
      vertex 2.226549372076988 4.039461717009544 0
    endloop
  endfacet
  facet normal 0 0 -1
    outer loop
      vertex 2.236281119287014 4.118500359356403 0
      vertex 2.2307748049497604 4.092591196298599 0
      vertex 0.6487674564123154 4.093342252075672 0
    endloop
  endfacet
  facet normal 0 0 -1
    outer loop
      vertex 2.243962913751602 4.143779464066029 0
      vertex 2.236281119287014 4.118500359356403 0
      vertex 0.6173618733882904 4.377519533038139 0
    endloop
  endfacet
  facet normal 0 0 -1
    outer loop
      vertex 0.6173618733882904 4.377519533038139 0
      vertex 0.5872638374567032 4.661802597343922 0
      vertex 2.265592187643051 4.191868461668491 0
    endloop
  endfacet
  facet normal 0 0 -1
    outer loop
      vertex 2.312722437083721 4.255657568573952 0
      vertex 0.558520995080471 4.946190066635609 0
      vertex 2.332088127732277 4.274116404354572 0
    endloop
  endfacet
  facet normal 0 0 -1
    outer loop
      vertex 0.4242997020483017 6.549095027148724 0
      vertex 2.4534000009298325 4.3388649970293045 0
      vertex 0.48089999705553055 5.799965001642704 0
    endloop
  endfacet
  facet normal 0 0 -1
    outer loop
      vertex 7.211378671228886 8.116431914269924 0
      vertex 0.3311287835240364 8.04815635830164 0
      vertex 7.176431596279144 8.72617819905281 0
    endloop
  endfacet
  facet normal 0 0 -1
    outer loop
      vertex 7.118444047868252 9.969474196434021 0
      vertex 7.145439431071281 9.343831434845924 0
      vertex 0.2616651579737663 9.54814624786377 0
    endloop
  endfacet
  facet normal 0 0 -1
    outer loop
      vertex 7.076611198484898 11.245058603584766 0
      vertex 7.095487341284752 10.603189066052437 0
      vertex 0.2123100757598877 11.048896938562393 0
    endloop
  endfacet
  facet normal 0 0 -1
    outer loop
      vertex 7.05126815289259 12.55359199643135 0
      vertex 0.19404864311218262 11.799505159258842 0
      vertex 0.17946480959653854 12.55024067312479 0
    endloop
  endfacet
  facet normal 0 0 -1
    outer loop
      vertex 0.1595306172966957 14.052009679377079 0
      vertex 0.1532805636525154 14.80300123989582 0
      vertex 7.042750000953674 13.895735003054142 0
    endloop
  endfacet
  facet normal 0 0 -1
    outer loop
      vertex 0.1425643190741539 17.807191878557205 0
      vertex 0.1412070393562317 18.558190792798996 0
      vertex 2.8368851840496063 20.786138609051704 0
    endloop
  endfacet
  facet normal 0 0 -1
    outer loop
      vertex 7.898349225521088 13.89939296990633 0
      vertex 8.249517492949963 20.79061885178089 0
      vertex 8.739526696503162 13.910268478095531 0
    endloop
  endfacet
  facet normal 0 0 -1
    outer loop
      vertex 5.543169483542442 20.771813958883286 0
      vertex 6.445399165153503 20.773272417485714 0
      vertex 7.042750000953674 13.895735003054142 0
    endloop
  endfacet
  facet normal 0 0 -1
    outer loop
      vertex 1.9352272376418114 20.79432488232851 0
      vertex 2.8368851840496063 20.786138609051704 0
      vertex 0.1412070393562317 18.558190792798996 0
    endloop
  endfacet
  facet normal 0 0 -1
    outer loop
      vertex 7.042750000953674 13.895735003054142 0
      vertex 0.14400047063827515 17.056152500212193 0
      vertex 4.640946872532368 20.774036563932896 0
    endloop
  endfacet
  facet normal 0 0 -1
    outer loop
      vertex 7.042750000953674 13.895735003054142 0
      vertex 0.14890874922275543 15.55403620749712 0
      vertex 0.1459653303027153 16.305093623697758 0
    endloop
  endfacet
  facet normal 0 0 -1
    outer loop
      vertex 0.1681087464094162 13.301082499325275 0
      vertex 0.1595306172966957 14.052009679377079 0
      vertex 7.042750000953674 13.895735003054142 0
    endloop
  endfacet
  facet normal 0 0 -1
    outer loop
      vertex 7.05126815289259 12.55359199643135 0
      vertex 0.17946480959653854 12.55024067312479 0
      vertex 7.044885016977787 13.220421016216278 0
    endloop
  endfacet
  facet normal 0 0 -1
    outer loop
      vertex 7.118444047868252 9.969474196434021 0
      vertex 0.23469897359609604 10.298436976969242 0
      vertex 7.095487341284752 10.603189066052437 0
    endloop
  endfacet
  facet normal 0 0 -1
    outer loop
      vertex 7.145439431071281 9.343831434845924 0
      vertex 7.176431596279144 8.72617819905281 0
      vertex 0.2936584800481796 8.798045717179775 0
    endloop
  endfacet
  facet normal 0 0 -1
    outer loop
      vertex 5.803397476673126 5.2348805740475655 0
      vertex 5.771779999136925 5.228024996817112 0
      vertex 7.250238746404648 7.514509998261929 0
    endloop
  endfacet
  facet normal 0 0 -1
    outer loop
      vertex 5.834704928100109 5.238383166491985 0
      vertex 5.803397476673126 5.2348805740475655 0
      vertex 7.292969956994057 6.920329891145229 0
    endloop
  endfacet
  facet normal 0 0 -1
    outer loop
      vertex 5.865537375211716 5.238676622509956 0
      vertex 5.834704928100109 5.238383166491985 0
      vertex 7.292969956994057 6.920329891145229 0
    endloop
  endfacet
  facet normal 0 0 -1
    outer loop
      vertex 5.895729839801788 5.235904760658741 0
      vertex 5.865537375211716 5.238676622509956 0
      vertex 7.292969956994057 6.920329891145229 0
    endloop
  endfacet
  facet normal 0 0 -1
    outer loop
      vertex 7.339530400931835 6.33380900323391 0
      vertex 5.895729839801788 5.235904760658741 0
      vertex 7.292969956994057 6.920329891145229 0
    endloop
  endfacet
  facet normal 0 0 -1
    outer loop
      vertex 5.953534908592701 5.221740387380123 0
      vertex 5.925117343664169 5.230211406946182 0
      vertex 7.339530400931835 6.33380900323391 0
    endloop
  endfacet
  facet normal 0 0 -1
    outer loop
      vertex 5.980817563831806 5.210635535418987 0
      vertex 5.953534908592701 5.221740387380123 0
      vertex 7.339530400931835 6.33380900323391 0
    endloop
  endfacet
  facet normal 0 0 -1
    outer loop
      vertex 6.006800323724747 5.197040677070618 0
      vertex 5.980817563831806 5.210635535418987 0
      vertex 7.339530400931835 6.33380900323391 0
    endloop
  endfacet
  facet normal 0 0 -1
    outer loop
      vertex 6.031318210065365 5.181099638342857 0
      vertex 6.006800323724747 5.197040677070618 0
      vertex 7.389878191053867 5.754864759743214 0
    endloop
  endfacet
  facet normal 0 0 -1
    outer loop
      vertex 6.0542062520980835 5.16295625269413 0
      vertex 6.031318210065365 5.181099638342857 0
      vertex 7.389878191053867 5.754864759743214 0
    endloop
  endfacet
  facet normal 0 0 -1
    outer loop
      vertex 6.075299464166164 5.142754331231117 0
      vertex 6.0542062520980835 5.16295625269413 0
      vertex 7.389878191053867 5.754864759743214 0
    endloop
  endfacet
  facet normal 0 0 -1
    outer loop
      vertex 6.094432882964611 5.120637722313404 0
      vertex 7.389878191053867 5.754864759743214 0
      vertex 6.111441515386105 5.096750237047672 0
    endloop
  endfacet
  facet normal 0 0 -1
    outer loop
      vertex 6.111441515386105 5.096750237047672 0
      vertex 7.389878191053867 5.754864759743214 0
      vertex 6.126160390675068 5.071235708892345 0
    endloop
  endfacet
  facet normal 0 0 -1
    outer loop
      vertex 6.126160390675068 5.071235708892345 0
      vertex 7.443971447646618 5.183414600789547 0
      vertex 6.138424530625343 5.044237971305847 0
    endloop
  endfacet
  facet normal 0 0 -1
    outer loop
      vertex 7.443971447646618 5.183414600789547 0
      vertex 6.15492869913578 4.986368149518967 0
      vertex 6.148068957030773 5.01590084284544 0
    endloop
  endfacet
  facet normal 0 0 -1
    outer loop
      vertex 6.159634195268154 4.924291402101517 0
      vertex 6.158838771283627 4.955783732235432 0
      vertex 7.443971447646618 5.183414600789547 0
    endloop
  endfacet
  facet normal 0 0 -1
    outer loop
      vertex 6.157150000333786 4.892035000026226 0
      vertex 7.443971447646618 5.183414600789547 0
      vertex 7.501768283545971 4.619375936686993 0
    endloop
  endfacet
  facet normal 0 0 -1
    outer loop
      vertex 7.563226796686649 4.062666200101376 0
      vertex 6.157150000333786 4.892035000026226 0
      vertex 7.501768283545971 4.619375936686993 0
    endloop
  endfacet
  facet normal 0 0 -1
    outer loop
      vertex 7.563226796686649 4.062666200101376 0
      vertex 7.628305122256279 3.5132028087973595 0
      vertex 6.157150000333786 4.892035000026226 0
    endloop
  endfacet
  facet normal 0 0 -1
    outer loop
      vertex 6.157150000333786 4.892035000026226 0
      vertex 7.628305122256279 3.5132028087973595 0
      vertex 5.717670001089573 1.4107550010085106 0
    endloop
  endfacet
  facet normal 0 0 -1
    outer loop
      vertex 5.717670001089573 1.4107550010085106 0
      vertex 7.628305122256279 3.5132028087973595 0
      vertex 7.696961350739002 2.97090320289135 0
    endloop
  endfacet
  facet normal 0 0 -1
    outer loop
      vertex 7.769153609871864 2.435684785246849 0
      vertex 5.717670001089573 1.4107550010085106 0
      vertex 7.696961350739002 2.97090320289135 0
    endloop
  endfacet
  facet normal 0 0 -1
    outer loop
      vertex 7.769153609871864 2.435684785246849 0
      vertex 7.844839997589588 1.9074650034308434 0
      vertex 5.717670001089573 1.4107550010085106 0
    endloop
  endfacet
  facet normal 0 0 -1
    outer loop
      vertex 5.717670001089573 1.4107550010085106 0
      vertex 7.844839997589588 1.9074650034308434 0
      vertex 5.717044502496719 1.406665325164795 0
    endloop
  endfacet
  facet normal 0 0 -1
    outer loop
      vertex 5.717044502496719 1.406665325164795 0
      vertex 7.844839997589588 1.9074650034308434 0
      vertex 5.716367997229099 1.4025866016745567 0
    endloop
  endfacet
  facet normal 0 0 -1
    outer loop
      vertex 5.716367997229099 1.4025866016745567 0
      vertex 7.844839997589588 1.9074650034308434 0
      vertex 5.715640500187874 1.3985192775726318 0
    endloop
  endfacet
  facet normal 0 0 -1
    outer loop
      vertex 5.715640500187874 1.3985192775726318 0
      vertex 7.844839997589588 1.9074650034308434 0
      vertex 5.714861996471882 1.394463799893856 0
    endloop
  endfacet
  facet normal 0 0 -1
    outer loop
      vertex 5.714861996471882 1.394463799893856 0
      vertex 7.844839997589588 1.9074650034308434 0
      vertex 5.7140325009822845 1.3904206231236458 0
    endloop
  endfacet
  facet normal 0 0 -1
    outer loop
      vertex 5.7140325009822845 1.3904206231236458 0
      vertex 7.844839997589588 1.9074650034308434 0
      vertex 5.713151998817921 1.3863902017474174 0
    endloop
  endfacet
  facet normal 0 0 -1
    outer loop
      vertex 5.713151998817921 1.3863902017474174 0
      vertex 7.844839997589588 1.9074650034308434 0
      vertex 5.712220497429371 1.3823729753494263 0
    endloop
  endfacet
  facet normal 0 0 -1
    outer loop
      vertex 5.712220497429371 1.3823729753494263 0
      vertex 7.844839997589588 1.9074650034308434 0
      vertex 5.711237996816635 1.3783693984150887 0
    endloop
  endfacet
  facet normal 0 0 -1
    outer loop
      vertex 5.711237996816635 1.3783693984150887 0
      vertex 7.844839997589588 1.9074650034308434 0
      vertex 5.710204496979713 1.374379925429821 0
    endloop
  endfacet
  facet normal 0 0 -1
    outer loop
      vertex 5.710204496979713 1.374379925429821 0
      vertex 7.844839997589588 1.9074650034308434 0
      vertex 5.709119997918606 1.3704050034284592 0
    endloop
  endfacet
  facet normal 0 0 -1
    outer loop
      vertex 5.709119997918606 1.3704050034284592 0
      vertex 7.844839997589588 1.9074650034308434 0
      vertex 5.707984499633312 1.3664450719952583 0
    endloop
  endfacet
  facet normal 0 0 -1
    outer loop
      vertex 5.707984499633312 1.3664450719952583 0
      vertex 7.844839997589588 1.9074650034308434 0
      vertex 5.706798002123833 1.3625006005167961 0
    endloop
  endfacet
  facet normal 0 0 -1
    outer loop
      vertex 5.706798002123833 1.3625006005167961 0
      vertex 7.844839997589588 1.9074650034308434 0
      vertex 5.705560497939587 1.3585720285773277 0
    endloop
  endfacet
  facet normal 0 0 -1
    outer loop
      vertex 5.705560497939587 1.3585720285773277 0
      vertex 7.844839997589588 1.9074650034308434 0
      vertex 5.704272001981735 1.354659803211689 0
    endloop
  endfacet
  facet normal 0 0 -1
    outer loop
      vertex 5.704272001981735 1.354659803211689 0
      vertex 7.844839997589588 1.9074650034308434 0
      vertex 5.702932499349117 1.3507643714547157 0
    endloop
  endfacet
  facet normal 0 0 -1
    outer loop
      vertex 5.702932499349117 1.3507643714547157 0
      vertex 7.844839997589588 1.9074650034308434 0
      vertex 5.701541997492313 1.3468862026929855 0
    endloop
  endfacet
  facet normal 0 0 -1
    outer loop
      vertex 5.701541997492313 1.3468862026929855 0
      vertex 7.844839997589588 1.9074650034308434 0
      vertex 5.7001004964113235 1.3430257216095924 0
    endloop
  endfacet
  facet normal 0 0 -1
    outer loop
      vertex 5.7001004964113235 1.3430257216095924 0
      vertex 7.844839997589588 1.9074650034308434 0
      vertex 5.698608003556728 1.339183397591114 0
    endloop
  endfacet
  facet normal 0 0 -1
    outer loop
      vertex 5.698608003556728 1.339183397591114 0
      vertex 7.844839997589588 1.9074650034308434 0
      vertex 5.697064496576786 1.3353596776723862 0
    endloop
  endfacet
  facet normal 0 0 -1
    outer loop
      vertex 7.042750000953674 13.895735003054142 0
      vertex 7.347545363008976 20.779258519411087 0
      vertex 7.898349225521088 13.89939296990633 0
    endloop
  endfacet
  facet normal 0 0 -1
    outer loop
      vertex 5.697064496576786 1.3353596776723862 0
      vertex 7.844839997589588 1.9074650034308434 0
      vertex 5.695469997823238 1.331555001437664 0
    endloop
  endfacet
  facet normal 0 0 -1
    outer loop
      vertex 6.157150000333786 4.892035000026226 0
      vertex 6.159634195268154 4.924291402101517 0
      vertex 7.443971447646618 5.183414600789547 0
    endloop
  endfacet
  facet normal 0 0 -1
    outer loop
      vertex 21.687990002334118 18.45593500137329 0
      vertex 21.687859997153282 15.202725000679493 0
      vertex 21.065285325050354 15.082559026777744 0
    endloop
  endfacet
  facet normal 0 0 -1
    outer loop
      vertex 7.443971447646618 5.183414600789547 0
      vertex 6.158838771283627 4.955783732235432 0
      vertex 6.15492869913578 4.986368149518967 0
    endloop
  endfacet
  facet normal 0 0 -1
    outer loop
      vertex 6.138424530625343 5.044237971305847 0
      vertex 7.443971447646618 5.183414600789547 0
      vertex 6.148068957030773 5.01590084284544 0
    endloop
  endfacet
  facet normal 0 0 -1
    outer loop
      vertex 6.126160390675068 5.071235708892345 0
      vertex 7.389878191053867 5.754864759743214 0
      vertex 7.443971447646618 5.183414600789547 0
    endloop
  endfacet
  facet normal 0 0 -1
    outer loop
      vertex 6.094432882964611 5.120637722313404 0
      vertex 6.075299464166164 5.142754331231117 0
      vertex 7.389878191053867 5.754864759743214 0
    endloop
  endfacet
  facet normal 0 0 -1
    outer loop
      vertex 7.389878191053867 5.754864759743214 0
      vertex 6.006800323724747 5.197040677070618 0
      vertex 7.339530400931835 6.33380900323391 0
    endloop
  endfacet
  facet normal 0 0 -1
    outer loop
      vertex 7.339530400931835 6.33380900323391 0
      vertex 5.925117343664169 5.230211406946182 0
      vertex 5.895729839801788 5.235904760658741 0
    endloop
  endfacet
  facet normal 0 0 -1
    outer loop
      vertex 7.292969956994057 6.920329891145229 0
      vertex 5.803397476673126 5.2348805740475655 0
      vertex 7.250238746404648 7.514509998261929 0
    endloop
  endfacet
  facet normal 0 0 -1
    outer loop
      vertex 7.250238746404648 7.514509998261929 0
      vertex 5.771779999136925 5.228024996817112 0
      vertex 7.211378671228886 8.116431914269924 0
    endloop
  endfacet
  facet normal 0 0 -1
    outer loop
      vertex 0.2616651579737663 9.54814624786377 0
      vertex 7.145439431071281 9.343831434845924 0
      vertex 0.2936584800481796 8.798045717179775 0
    endloop
  endfacet
  facet normal 0 0 -1
    outer loop
      vertex 0.19404864311218262 11.799505159258842 0
      vertex 7.061857506632805 11.895165383815765 0
      vertex 0.2123100757598877 11.048896938562393 0
    endloop
  endfacet
  facet normal 0 0 -1
    outer loop
      vertex 7.044885016977787 13.220421016216278 0
      vertex 0.1681087464094162 13.301082499325275 0
      vertex 7.042750000953674 13.895735003054142 0
    endloop
  endfacet
  facet normal 0 0 -1
    outer loop
      vertex 7.042750000953674 13.895735003054142 0
      vertex 0.1532805636525154 14.80300123989582 0
      vertex 0.14890874922275543 15.55403620749712 0
    endloop
  endfacet
  facet normal 0 0 -1
    outer loop
      vertex 3.738821916282177 20.779093638062477 0
      vertex 0.14400047063827515 17.056152500212193 0
      vertex 0.1425643190741539 17.807191878557205 0
    endloop
  endfacet
  facet normal 0 0 -1
    outer loop
      vertex 1.033938653767109 20.802805870771408 0
      vertex 0.13947878777980804 19.309128262102604 0
      vertex 0.1369297206401825 20.05998332053423 0
    endloop
  endfacet
  facet normal 0 0 -1
    outer loop
      vertex 0.13311000168323517 20.810735002160072 0
      vertex 1.033938653767109 20.802805870771408 0
      vertex 0.1369297206401825 20.05998332053423 0
    endloop
  endfacet
  facet normal 0 0 -1
    outer loop
      vertex 4.640946872532368 20.774036563932896 0
      vertex 0.14400047063827515 17.056152500212193 0
      vertex 3.738821916282177 20.779093638062477 0
    endloop
  endfacet
  facet normal 0 0 -1
    outer loop
      vertex 4.640946872532368 20.774036563932896 0
      vertex 5.543169483542442 20.771813958883286 0
      vertex 7.042750000953674 13.895735003054142 0
    endloop
  endfacet
  facet normal 0 0 -1
    outer loop
      vertex 7.042750000953674 13.895735003054142 0
      vertex 6.445399165153503 20.773272417485714 0
      vertex 7.347545363008976 20.779258519411087 0
    endloop
  endfacet
  facet normal 0 0 -1
    outer loop
      vertex 7.898349225521088 13.89939296990633 0
      vertex 7.347545363008976 20.779258519411087 0
      vertex 8.249517492949963 20.79061885178089 0
    endloop
  endfacet
  facet normal 0 0 -1
    outer loop
      vertex 21.688129998743534 19.91490499675274 0
      vertex 24.936580002307892 20.565964996814728 0
      vertex 21.687990002334118 18.45593500137329 0
    endloop
  endfacet
  facet normal 0 0 -1
    outer loop
      vertex 20.432603500783443 14.967439517378807 0
      vertex 21.687990002334118 18.45593500137329 0
      vertex 21.065285325050354 15.082559026777744 0
    endloop
  endfacet
  facet normal 0 0 -1
    outer loop
      vertex 20.432603500783443 14.967439517378807 0
      vertex 19.789574824273586 14.857487089931965 0
      vertex 21.687990002334118 18.45593500137329 0
    endloop
  endfacet
  facet normal 0 0 -1
    outer loop
      vertex 21.687990002334118 18.45593500137329 0
      vertex 19.789574824273586 14.857487089931965 0
      vertex 19.1359596028924 14.752822361886501 0
    endloop
  endfacet
  facet normal 0 0 -1
    outer loop
      vertex 18.471518121659756 14.653565935790539 0
      vertex 21.687990002334118 18.45593500137329 0
      vertex 19.1359596028924 14.752822361886501 0
    endloop
  endfacet
  facet normal 0 0 -1
    outer loop
      vertex 19.915806248784065 21.84722875058651 0
      vertex 21.688129998743534 19.91490499675274 0
      vertex 19.73821248114109 21.809427984058857 0
    endloop
  endfacet
  facet normal 0 0 -1
    outer loop
      vertex 20.44804335385561 21.964267887175083 0
      vertex 20.625307947397232 22.00422129034996 0
      vertex 21.688129998743534 19.91490499675274 0
    endloop
  endfacet
  facet normal 0 0 -1
    outer loop
      vertex 21.688129998743534 19.91490499675274 0
      vertex 20.625307947397232 22.00422129034996 0
      vertex 20.802515469491482 22.044508904218674 0
    endloop
  endfacet
  facet normal 0 0 -1
    outer loop
      vertex 21.156799629330635 22.125760473310947 0
      vertex 21.688129998743534 19.91490499675274 0
      vertex 20.979676000773907 22.085049159824848 0
    endloop
  endfacet
  facet normal 0 0 -1
    outer loop
      vertex 21.333896450698376 22.166561268270016 0
      vertex 21.510976545512676 22.207369968295097 0
      vertex 21.688129998743534 19.91490499675274 0
    endloop
  endfacet
  facet normal 0 0 -1
    outer loop
      vertex 21.688129998743534 19.91490499675274 0
      vertex 21.510976545512676 22.207369968295097 0
      vertex 21.688050001859665 22.248104996979237 0
    endloop
  endfacet
  facet normal 0 0 -1
    outer loop
      vertex 21.156799629330635 22.125760473310947 0
      vertex 21.333896450698376 22.166561268270016 0
      vertex 21.688129998743534 19.91490499675274 0
    endloop
  endfacet
  facet normal 0 0 -1
    outer loop
      vertex 20.979676000773907 22.085049159824848 0
      vertex 21.688129998743534 19.91490499675274 0
      vertex 20.802515469491482 22.044508904218674 0
    endloop
  endfacet
  facet normal 0 0 -1
    outer loop
      vertex 20.270711600780487 21.92473027855158 0
      vertex 20.44804335385561 21.964267887175083 0
      vertex 21.688129998743534 19.91490499675274 0
    endloop
  endfacet
  facet normal 0 0 -1
    outer loop
      vertex 20.093302592635155 21.885690040886402 0
      vertex 20.270711600780487 21.92473027855158 0
      vertex 21.688129998743534 19.91490499675274 0
    endloop
  endfacet
  facet normal 0 0 -1
    outer loop
      vertex 19.915806248784065 21.84722875058651 0
      vertex 20.093302592635155 21.885690040886402 0
      vertex 21.688129998743534 19.91490499675274 0
    endloop
  endfacet
  facet normal 0 0 -1
    outer loop
      vertex 19.73821248114109 21.809427984058857 0
      vertex 21.688129998743534 19.91490499675274 0
      vertex 19.560511201620102 21.7723693177104 0
    endloop
  endfacet
  facet normal 0 0 -1
    outer loop
      vertex 19.560511201620102 21.7723693177104 0
      vertex 21.688129998743534 19.91490499675274 0
      vertex 19.38269232213497 21.736134335398674 0
    endloop
  endfacet
  facet normal 0 0 -1
    outer loop
      vertex 19.38269232213497 21.736134335398674 0
      vertex 21.688129998743534 19.91490499675274 0
      vertex 19.20474574714899 21.700804613530636 0
    endloop
  endfacet
  facet normal 0 0 -1
    outer loop
      vertex 19.20474574714899 21.700804613530636 0
      vertex 21.688129998743534 19.91490499675274 0
      vertex 19.026661403477192 21.66646172106266 0
    endloop
  endfacet
  facet normal 0 0 -1
    outer loop
      vertex 1.1990600004792213 0.12674500048160553 0
      vertex 1.1988499984145164 0.12778499722480774 0
      vertex 1.1988935843110085 0.12779667228460312 0
    endloop
  endfacet
  facet normal 0 0 -1
    outer loop
      vertex 21.687990002334118 18.45593500137329 0
      vertex 24.936580002307892 20.565964996814728 0
      vertex 24.93647000193596 17.13019499927759 0
    endloop
  endfacet
  facet normal 0 0 -1
    outer loop
      vertex 19.026661403477192 21.66646172106266 0
      vertex 21.688129998743534 19.91490499675274 0
      vertex 18.848429203033447 21.633187241852283 0
    endloop
  endfacet
  facet normal 0 0 -1
    outer loop
      vertex 18.848429203033447 21.633187241852283 0
      vertex 21.688129998743534 19.91490499675274 0
      vertex 21.687990002334118 18.45593500137329 0
    endloop
  endfacet
  facet normal 0 0 -1
    outer loop
      vertex 18.670039042830467 21.60106275230646 0
      vertex 18.848429203033447 21.633187241852283 0
      vertex 21.687990002334118 18.45593500137329 0
    endloop
  endfacet
  facet normal 0 0 -1
    outer loop
      vertex 18.491480849683285 21.57016982883215 0
      vertex 18.670039042830467 21.60106275230646 0
      vertex 21.687990002334118 18.45593500137329 0
    endloop
  endfacet
  facet normal 0 0 -1
    outer loop
      vertex 18.31274452805519 21.540590055286884 0
      vertex 18.491480849683285 21.57016982883215 0
      vertex 21.687990002334118 18.45593500137329 0
    endloop
  endfacet
  facet normal 0 0 -1
    outer loop
      vertex 18.13381999731064 21.51240500062704 0
      vertex 18.31274452805519 21.540590055286884 0
      vertex 21.687990002334118 18.45593500137329 0
    endloop
  endfacet
  facet normal 0 0 -1
    outer loop
      vertex 18.471518121659756 14.653565935790539 0
      vertex 18.13381999731064 21.51240500062704 0
      vertex 21.687990002334118 18.45593500137329 0
    endloop
  endfacet
  facet normal 0 0 -1
    outer loop
      vertex 18.471518121659756 14.653565935790539 0
      vertex 17.239740148186684 21.386053524911404 0
      vertex 18.13381999731064 21.51240500062704 0
    endloop
  endfacet
  facet normal 0 0 -1
    outer loop
      vertex 18.471518121659756 14.653565935790539 0
      vertex 17.796010702848434 14.559838436543941 0
      vertex 17.239740148186684 21.386053524911404 0
    endloop
  endfacet
  facet normal 0 0 -1
    outer loop
      vertex 17.239740148186684 21.386053524911404 0
      vertex 17.796010702848434 14.559838436543941 0
      vertex 16.344489961862564 21.27438872307539 0
    endloop
  endfacet
  facet normal 0 0 -1
    outer loop
      vertex 16.344489961862564 21.27438872307539 0
      vertex 17.796010702848434 14.559838436543941 0
      vertex 17.10919762402773 14.471760481595993 0
    endloop
  endfacet
  facet normal 0 0 -1
    outer loop
      vertex 16.410839200019836 14.389452680945396 0
      vertex 16.344489961862564 21.27438872307539 0
      vertex 17.10919762402773 14.471760481595993 0
    endloop
  endfacet
  facet normal 0 0 -1
    outer loop
      vertex 16.410839200019836 14.389452680945396 0
      vertex 15.448160015046597 21.17656399309635 0
      vertex 16.344489961862564 21.27438872307539 0
    endloop
  endfacet
  facet normal 0 0 -1
    outer loop
      vertex 16.410839200019836 14.389452680945396 0
      vertex 15.700695723295212 14.313035644590855 0
      vertex 15.448160015046597 21.17656399309635 0
    endloop
  endfacet
  facet normal 0 0 -1
    outer loop
      vertex 15.448160015046597 21.17656399309635 0
      vertex 15.700695723295212 14.313035644590855 0
      vertex 14.550840876996517 21.091732762753963 0
    endloop
  endfacet
  facet normal 0 0 -1
    outer loop
      vertex 14.550840876996517 21.091732762753963 0
      vertex 15.700695723295212 14.313035644590855 0
      vertex 14.978527501225471 14.242629997432232 0
    endloop
  endfacet
  facet normal 0 0 -1
    outer loop
      vertex 13.652623124420643 21.019048437476158 0
      vertex 14.550840876996517 21.091732762753963 0
      vertex 14.978527501225471 14.242629997432232 0
    endloop
  endfacet
  facet normal 0 0 -1
    outer loop
      vertex 14.24409482628107 14.178356349468231 0
      vertex 13.652623124420643 21.019048437476158 0
      vertex 14.978527501225471 14.242629997432232 0
    endloop
  endfacet
  facet normal 0 0 -1
    outer loop
      vertex 14.24409482628107 14.178356349468231 0
      vertex 13.497157998383045 14.120335318148136 0
      vertex 13.652623124420643 21.019048437476158 0
    endloop
  endfacet
  facet normal 0 0 -1
    outer loop
      vertex 13.652623124420643 21.019048437476158 0
      vertex 13.497157998383045 14.120335318148136 0
      vertex 12.75359731912613 20.95766443759203 0
    endloop
  endfacet
  facet normal 0 0 -1
    outer loop
      vertex 12.75359731912613 20.95766443759203 0
      vertex 13.497157998383045 14.120335318148136 0
      vertex 12.737477324903011 14.06868752092123 0
    endloop
  endfacet
  facet normal 0 0 -1
    outer loop
      vertex 11.853854037821293 20.90673418343067 0
      vertex 12.75359731912613 20.95766443759203 0
      vertex 12.737477324903011 14.06868752092123 0
    endloop
  endfacet
  facet normal 0 0 -1
    outer loop
      vertex 11.964813098311424 14.023533560335636 0
      vertex 11.853854037821293 20.90673418343067 0
      vertex 12.737477324903011 14.06868752092123 0
    endloop
  endfacet
  facet normal 0 0 -1
    outer loop
      vertex 11.964813098311424 14.023533560335636 0
      vertex 10.95348384231329 20.865411080420017 0
      vertex 11.853854037821293 20.90673418343067 0
    endloop
  endfacet
  facet normal 0 0 -1
    outer loop
      vertex 11.964813098311424 14.023533560335636 0
      vertex 11.1789256259799 13.984994061291218 0
      vertex 10.95348384231329 20.865411080420017 0
    endloop
  endfacet
  facet normal 0 0 -1
    outer loop
      vertex 10.95348384231329 20.865411080420017 0
      vertex 11.1789256259799 13.984994061291218 0
      vertex 10.379575200378895 13.953189641237259 0
    endloop
  endfacet
  facet normal 0 0 -1
    outer loop
      vertex 10.052577301859856 20.83284854888916 0
      vertex 10.95348384231329 20.865411080420017 0
      vertex 10.379575200378895 13.953189641237259 0
    endloop
  endfacet
  facet normal 0 0 -1
    outer loop
      vertex 9.566522121429443 13.928240910172462 0
      vertex 10.052577301859856 20.83284854888916 0
      vertex 10.379575200378895 13.953189641237259 0
    endloop
  endfacet
  facet normal 0 0 -1
    outer loop
      vertex 9.566522121429443 13.928240910172462 0
      vertex 9.151225000619888 20.808200001716614 0
      vertex 10.052577301859856 20.83284854888916 0
    endloop
  endfacet
  facet normal 0 0 -1
    outer loop
      vertex 9.566522121429443 13.928240910172462 0
      vertex 8.739526696503162 13.910268478095531 0
      vertex 9.151225000619888 20.808200001716614 0
    endloop
  endfacet
  facet normal 0 0 -1
    outer loop
      vertex 9.151225000619888 20.808200001716614 0
      vertex 8.739526696503162 13.910268478095531 0
      vertex 8.249517492949963 20.79061885178089 0
    endloop
  endfacet
  facet normal 0 0 -1
    outer loop
      vertex 0.13947878777980804 19.309128262102604 0
      vertex 1.033938653767109 20.802805870771408 0
      vertex 1.9352272376418114 20.79432488232851 0
    endloop
  endfacet
  facet normal 0 0 -1
    outer loop
      vertex 1.9352272376418114 20.79432488232851 0
      vertex 0.1412070393562317 18.558190792798996 0
      vertex 0.13947878777980804 19.309128262102604 0
    endloop
  endfacet
  facet normal 0 0 -1
    outer loop
      vertex 3.738821916282177 20.779093638062477 0
      vertex 0.1425643190741539 17.807191878557205 0
      vertex 2.8368851840496063 20.786138609051704 0
    endloop
  endfacet
  facet normal 0 0 -1
    outer loop
      vertex 0.1459653303027153 16.305093623697758 0
      vertex 0.14400047063827515 17.056152500212193 0
      vertex 7.042750000953674 13.895735003054142 0
    endloop
  endfacet
  facet normal 0 0 -1
    outer loop
      vertex 0.1681087464094162 13.301082499325275 0
      vertex 7.044885016977787 13.220421016216278 0
      vertex 0.17946480959653854 12.55024067312479 0
    endloop
  endfacet
  facet normal 0 0 -1
    outer loop
      vertex 7.05126815289259 12.55359199643135 0
      vertex 7.061857506632805 11.895165383815765 0
      vertex 0.19404864311218262 11.799505159258842 0
    endloop
  endfacet
  facet normal 0 0 -1
    outer loop
      vertex 7.061857506632805 11.895165383815765 0
      vertex 7.076611198484898 11.245058603584766 0
      vertex 0.2123100757598877 11.048896938562393 0
    endloop
  endfacet
  facet normal 0 0 -1
    outer loop
      vertex 0.2123100757598877 11.048896938562393 0
      vertex 7.095487341284752 10.603189066052437 0
      vertex 0.23469897359609604 10.298436976969242 0
    endloop
  endfacet
  facet normal 0 0 -1
    outer loop
      vertex 0.23469897359609604 10.298436976969242 0
      vertex 7.118444047868252 9.969474196434021 0
      vertex 0.2616651579737663 9.54814624786377 0
    endloop
  endfacet
  facet normal 0 0 -1
    outer loop
      vertex 7.176431596279144 8.72617819905281 0
      vertex 0.3311287835240364 8.04815635830164 0
      vertex 0.2936584800481796 8.798045717179775 0
    endloop
  endfacet
  facet normal 0 0 -1
    outer loop
      vertex 7.211378671228886 8.116431914269924 0
      vertex 5.771779999136925 5.228024996817112 0
      vertex 0.3311287835240364 8.04815635830164 0
    endloop
  endfacet
  facet normal 0 0 -1
    outer loop
      vertex 0.3311287835240364 8.04815635830164 0
      vertex 5.771779999136925 5.228024996817112 0
      vertex 0.37452591210603714 7.298499137163162 0
    endloop
  endfacet
  facet normal 0 0 -1
    outer loop
      vertex 0.37452591210603714 7.298499137163162 0
      vertex 5.771779999136925 5.228024996817112 0
      vertex 2.4534000009298325 4.3388649970293045 0
    endloop
  endfacet
  facet normal 0 0 -1
    outer loop
      vertex 0.4242997020483017 6.549095027148724 0
      vertex 0.37452591210603714 7.298499137163162 0
      vertex 2.4534000009298325 4.3388649970293045 0
    endloop
  endfacet
  facet normal 0 0 -1
    outer loop
      vertex 0.48089999705553055 5.799965001642704 0
      vertex 2.4534000009298325 4.3388649970293045 0
      vertex 0.5052914321422577 5.515272654592991 0
    endloop
  endfacet
  facet normal 0 0 -1
    outer loop
      vertex 0.5052914321422577 5.515272654592991 0
      vertex 2.4534000009298325 4.3388649970293045 0
      vertex 2.4260904639959335 4.330070547759533 0
    endloop
  endfacet
  facet normal 0 0 -1
    outer loop
      vertex 2.4002393186092377 4.3190537095069885 0
      vertex 0.5052914321422577 5.515272654592991 0
      vertex 2.4260904639959335 4.330070547759533 0
    endloop
  endfacet
  facet normal 0 0 -1
    outer loop
      vertex 2.4002393186092377 4.3190537095069885 0
      vertex 0.5311809778213501 5.230680547654629 0
      vertex 0.5052914321422577 5.515272654592991 0
    endloop
  endfacet
  facet normal 0 0 -1
    outer loop
      vertex 2.4002393186092377 4.3190537095069885 0
      vertex 2.375911757349968 4.305959232151508 0
      vertex 0.5311809778213501 5.230680547654629 0
    endloop
  endfacet
  facet normal 0 0 -1
    outer loop
      vertex 0.5311809778213501 5.230680547654629 0
      vertex 2.375911757349968 4.305959232151508 0
      vertex 2.3531729578971863 4.290931880474091 0
    endloop
  endfacet
  facet normal 0 0 -1
    outer loop
      vertex 0.558520995080471 4.946190066635609 0
      vertex 0.5311809778213501 5.230680547654629 0
      vertex 2.3531729578971863 4.290931880474091 0
    endloop
  endfacet
  facet normal 0 0 -1
    outer loop
      vertex 2.332088127732277 4.274116404354572 0
      vertex 0.558520995080471 4.946190066635609 0
      vertex 2.3531729578971863 4.290931880474091 0
    endloop
  endfacet
  facet normal 0 0 -1
    outer loop
      vertex 2.312722437083721 4.255657568573952 0
      vertex 2.2951410934329033 4.2357001304626465 0
      vertex 0.558520995080471 4.946190066635609 0
    endloop
  endfacet
  facet normal 0 0 -1
    outer loop
      vertex 0.558520995080471 4.946190066635609 0
      vertex 2.2951410934329033 4.2357001304626465 0
      vertex 0.5872638374567032 4.661802597343922 0
    endloop
  endfacet
  facet normal 0 0 -1
    outer loop
      vertex 0.5872638374567032 4.661802597343922 0
      vertex 2.2951410934329033 4.2357001304626465 0
      vertex 2.279409281909466 4.214388839900494 0
    endloop
  endfacet
  facet normal 0 0 -1
    outer loop
      vertex 2.265592187643051 4.191868461668491 0
      vertex 0.5872638374567032 4.661802597343922 0
      vertex 2.279409281909466 4.214388839900494 0
    endloop
  endfacet
  facet normal 0 0 -1
    outer loop
      vertex 2.2537550032138824 4.168283753097057 0
      vertex 0.6173618733882904 4.377519533038139 0
      vertex 2.265592187643051 4.191868461668491 0
    endloop
  endfacet
  facet normal 0 0 -1
    outer loop
      vertex 2.2537550032138824 4.168283753097057 0
      vertex 2.243962913751602 4.143779464066029 0
      vertex 0.6173618733882904 4.377519533038139 0
    endloop
  endfacet
  facet normal 0 0 -1
    outer loop
      vertex 0.6173618733882904 4.377519533038139 0
      vertex 2.236281119287014 4.118500359356403 0
      vertex 0.6487674564123154 4.093342252075672 0
    endloop
  endfacet
  facet normal 0 0 -1
    outer loop
      vertex 0.6487674564123154 4.093342252075672 0
      vertex 2.2307748049497604 4.092591196298599 0
      vertex 2.2275091633200645 4.066196732223034 0
    endloop
  endfacet
  facet normal 0 0 -1
    outer loop
      vertex 0.6814329549670219 3.809272140264511 0
      vertex 2.226549372076988 4.039461717009544 0
      vertex 2.2279606387019157 4.0125309228897095 0
    endloop
  endfacet
  facet normal 0 0 -1
    outer loop
      vertex 0.7153107225894928 3.5253105983138084 0
      vertex 0.6814329549670219 3.809272140264511 0
      vertex 2.2381570786237717 3.958660989999771 0
    endloop
  endfacet
  facet normal 0 0 -1
    outer loop
      vertex 2.258620001375675 3.9057449996471405 0
      vertex 0.7153107225894928 3.5253105983138084 0
      vertex 2.2470726370811462 3.9320113733410835 0
    endloop
  endfacet
  facet normal 0 0 -1
    outer loop
      vertex 0.7865125015377998 2.957718752324581 0
      vertex 0.7503531128168106 3.2414590045809746 0
      vertex 2.258620001375675 3.9057449996471405 0
    endloop
  endfacet
  facet normal 0 0 -1
    outer loop
      vertex 2.258620001375675 3.9057449996471405 0
      vertex 0.9012161940336227 2.107179880142212 0
      vertex 0.8619916811585426 2.3905778005719185 0
    endloop
  endfacet
  facet normal 0 0 -1
    outer loop
      vertex 3.727420002222061 0.9358249977231026 0
      vertex 0.9413671419024467 1.8238988518714905 0
      vertex 0.9012161940336227 2.107179880142212 0
    endloop
  endfacet
  facet normal 0 0 -1
    outer loop
      vertex 1.0242577567696571 1.257693000137806 0
      vertex 0.9823968783020973 1.5407360941171646 0
      vertex 3.727420002222061 0.9358249977231026 0
    endloop
  endfacet
  facet normal 0 0 -1
    outer loop
      vertex 3.727420002222061 0.9358249977231026 0
      vertex 1.1543509140610695 0.40929556638002396 0
      vertex 1.1102824211120605 0.6919713467359543 0
    endloop
  endfacet
  facet normal 0 0 -1
    outer loop
      vertex 3.7344795018434525 0.9234156385064125 0
      vertex 1.1988935843110085 0.12779667228460312 0
      vertex 3.7308801859617233 0.9295753017067909 0
    endloop
  endfacet
  facet normal 0 0 -1
    outer loop
      vertex 3.742087997496128 0.911374919116497 0
      vertex 3.746093437075615 0.9054981246590614 0
      vertex 1.1988935843110085 0.12779667228460312 0
    endloop
  endfacet
  facet normal 0 0 -1
    outer loop
      vertex 1.1988935843110085 0.12779667228460312 0
      vertex 3.7544973120093346 0.8940423130989075 0
      vertex 3.758891999721527 0.8884675577282906 0
    endloop
  endfacet
  facet normal 0 0 -1
    outer loop
      vertex 3.772824563086033 0.8723814561963081 0
      vertex 1.1988935843110085 0.12779667228460312 0
      vertex 3.7680575028061867 0.8776350021362305 0
    endloop
  endfacet
  facet normal 0 0 -1
    outer loop
      vertex 3.772824563086033 0.8723814561963081 0
      vertex 3.7777120023965836 0.867239236831665 0
      vertex 1.1988935843110085 0.12779667228460312 0
    endloop
  endfacet
  facet normal 0 0 -1
    outer loop
      vertex 1.1988935843110085 0.12779667228460312 0
      vertex 3.7777120023965836 0.867239236831665 0
      vertex 3.7827179357409477 0.8622104823589325 0
    endloop
  endfacet
  facet normal 0 0 -1
    outer loop
      vertex 3.787840500473976 0.8572973236441612 0
      vertex 1.1988935843110085 0.12779667228460312 0
      vertex 3.7827179357409477 0.8622104823589325 0
    endloop
  endfacet
  facet normal 0 0 -1
    outer loop
      vertex 3.787840500473976 0.8572973236441612 0
      vertex 3.7930778115987778 0.8525018766522408 0
      vertex 1.1988935843110085 0.12779667228460312 0
    endloop
  endfacet
  facet normal 0 0 -1
    outer loop
      vertex 1.1988935843110085 0.12779667228460312 0
      vertex 3.7930778115987778 0.8525018766522408 0
      vertex 3.798427999019623 0.8478262796998024 0
    endloop
  endfacet
  facet normal 0 0 -1
    outer loop
      vertex 3.803889185190201 0.8432726636528969 0
      vertex 1.1988935843110085 0.12779667228460312 0
      vertex 3.798427999019623 0.8478262796998024 0
    endloop
  endfacet
  facet normal 0 0 -1
    outer loop
      vertex 3.803889185190201 0.8432726636528969 0
      vertex 3.809459500014782 0.8388431593775749 0
      vertex 1.1988935843110085 0.12779667228460312 0
    endloop
  endfacet
  facet normal 0 0 -1
    outer loop
      vertex 1.1988935843110085 0.12779667228460312 0
      vertex 3.809459500014782 0.8388431593775749 0
      vertex 3.815137065947056 0.8345398977398872 0
    endloop
  endfacet
  facet normal 0 0 -1
    outer loop
      vertex 3.8209199979901314 0.830365002155304 0
      vertex 1.1988935843110085 0.12779667228460312 0
      vertex 3.815137065947056 0.8345398977398872 0
    endloop
  endfacet
  facet normal 0 0 1
    outer loop
      vertex 3.758891999721527 0.8884675577282906 3
      vertex 1.1988935843110085 0.12779667228460312 3
      vertex 3.763412684202194 0.8829977437853813 3
    endloop
  endfacet
  facet normal 0 0 1
    outer loop
      vertex 1.1988935843110085 0.12779667228460312 3
      vertex 3.750230498611927 0.8997198790311813 3
      vertex 3.746093437075615 0.9054981246590614 3
    endloop
  endfacet
  facet normal 0 0 1
    outer loop
      vertex 1.1988935843110085 0.12779667228460312 3
      vertex 3.7544973120093346 0.8940423130989075 3
      vertex 3.750230498611927 0.8997198790311813 3
    endloop
  endfacet
  facet normal 0 0 1
    outer loop
      vertex 1.1988935843110085 0.12779667228460312 3
      vertex 3.7680575028061867 0.8776350021362305 3
      vertex 3.763412684202194 0.8829977437853813 3
    endloop
  endfacet
  facet normal 0 0 1
    outer loop
      vertex 3.7382160648703575 0.9173481315374374 3
      vertex 1.1988935843110085 0.12779667228460312 3
      vertex 3.742087997496128 0.911374919116497 3
    endloop
  endfacet
  facet normal 0 0 1
    outer loop
      vertex 3.7344795018434525 0.9234156385064125 3
      vertex 1.1988935843110085 0.12779667228460312 3
      vertex 3.7382160648703575 0.9173481315374374 3
    endloop
  endfacet
  facet normal 0 0 1
    outer loop
      vertex 3.7308801859617233 0.9295753017067909 3
      vertex 3.727420002222061 0.9358249977231026 3
      vertex 1.1988935843110085 0.12779667228460312 3
    endloop
  endfacet
  facet normal 0 0 1
    outer loop
      vertex 3.727420002222061 0.9358249977231026 3
      vertex 1.1543509140610695 0.40929556638002396 3
      vertex 1.1988935843110085 0.12779667228460312 3
    endloop
  endfacet
  facet normal 0 0 1
    outer loop
      vertex 1.0669021531939507 0.9747709557414055 3
      vertex 1.1102824211120605 0.6919713467359543 3
      vertex 3.727420002222061 0.9358249977231026 3
    endloop
  endfacet
  facet normal 0 0 1
    outer loop
      vertex 1.0669021531939507 0.9747709557414055 3
      vertex 3.727420002222061 0.9358249977231026 3
      vertex 1.0242577567696571 1.257693000137806 3
    endloop
  endfacet
  facet normal 0 0 1
    outer loop
      vertex 3.727420002222061 0.9358249977231026 3
      vertex 0.9413671419024467 1.8238988518714905 3
      vertex 0.9823968783020973 1.5407360941171646 3
    endloop
  endfacet
  facet normal 0 0 1
    outer loop
      vertex 2.258620001375675 3.9057449996471405 3
      vertex 0.9012161940336227 2.107179880142212 3
      vertex 3.727420002222061 0.9358249977231026 3
    endloop
  endfacet
  facet normal 0 0 1
    outer loop
      vertex 0.8237412348389626 2.6740912199020386 3
      vertex 0.8619916811585426 2.3905778005719185 3
      vertex 2.258620001375675 3.9057449996471405 3
    endloop
  endfacet
  facet normal 0 0 1
    outer loop
      vertex 0.8237412348389626 2.6740912199020386 3
      vertex 2.258620001375675 3.9057449996471405 3
      vertex 0.7865125015377998 2.957718752324581 3
    endloop
  endfacet
  facet normal 0 0 1
    outer loop
      vertex 2.258620001375675 3.9057449996471405 3
      vertex 0.7153107225894928 3.5253105983138084 3
      vertex 0.7503531128168106 3.2414590045809746 3
    endloop
  endfacet
  facet normal 0 0 1
    outer loop
      vertex 2.2470726370811462 3.9320113733410835 3
      vertex 2.2381570786237717 3.958660989999771 3
      vertex 0.7153107225894928 3.5253105983138084 3
    endloop
  endfacet
  facet normal 0 0 1
    outer loop
      vertex 2.2381570786237717 3.958660989999771 3
      vertex 2.2318081483244896 3.9855490922927856 3
      vertex 0.6814329549670219 3.809272140264511 3
    endloop
  endfacet
  facet normal 0 0 1
    outer loop
      vertex 2.2318081483244896 3.9855490922927856 3
      vertex 2.2279606387019157 4.0125309228897095 3
      vertex 0.6814329549670219 3.809272140264511 3
    endloop
  endfacet
  facet normal 0 0 1
    outer loop
      vertex 0.6814329549670219 3.809272140264511 3
      vertex 2.226549372076988 4.039461717009544 3
      vertex 0.6487674564123154 4.093342252075672 3
    endloop
  endfacet
  facet normal 0 0 1
    outer loop
      vertex 2.226549372076988 4.039461717009544 3
      vertex 2.2275091633200645 4.066196732223034 3
      vertex 0.6487674564123154 4.093342252075672 3
    endloop
  endfacet
  facet normal 0 0 1
    outer loop
      vertex 0.6487674564123154 4.093342252075672 3
      vertex 2.2307748049497604 4.092591196298599 3
      vertex 2.236281119287014 4.118500359356403 3
    endloop
  endfacet
  facet normal 0 0 1
    outer loop
      vertex 0.6173618733882904 4.377519533038139 3
      vertex 2.236281119287014 4.118500359356403 3
      vertex 2.243962913751602 4.143779464066029 3
    endloop
  endfacet
  facet normal 0 0 1
    outer loop
      vertex 2.265592187643051 4.191868461668491 3
      vertex 0.5872638374567032 4.661802597343922 3
      vertex 0.6173618733882904 4.377519533038139 3
    endloop
  endfacet
  facet normal 0 0 1
    outer loop
      vertex 2.332088127732277 4.274116404354572 3
      vertex 0.558520995080471 4.946190066635609 3
      vertex 2.312722437083721 4.255657568573952 3
    endloop
  endfacet
  facet normal 0 0 1
    outer loop
      vertex 0.48089999705553055 5.799965001642704 3
      vertex 2.4534000009298325 4.3388649970293045 3
      vertex 0.4242997020483017 6.549095027148724 3
    endloop
  endfacet
  facet normal 0 0 1
    outer loop
      vertex 7.176431596279144 8.72617819905281 3
      vertex 0.3311287835240364 8.04815635830164 3
      vertex 7.211378671228886 8.116431914269924 3
    endloop
  endfacet
  facet normal 0 0 1
    outer loop
      vertex 0.2616651579737663 9.54814624786377 3
      vertex 7.145439431071281 9.343831434845924 3
      vertex 7.118444047868252 9.969474196434021 3
    endloop
  endfacet
  facet normal 0 0 1
    outer loop
      vertex 0.2123100757598877 11.048896938562393 3
      vertex 7.095487341284752 10.603189066052437 3
      vertex 7.076611198484898 11.245058603584766 3
    endloop
  endfacet
  facet normal 0 0 1
    outer loop
      vertex 0.17946480959653854 12.55024067312479 3
      vertex 0.19404864311218262 11.799505159258842 3
      vertex 7.05126815289259 12.55359199643135 3
    endloop
  endfacet
  facet normal 0 0 1
    outer loop
      vertex 7.042750000953674 13.895735003054142 3
      vertex 0.1532805636525154 14.80300123989582 3
      vertex 0.1595306172966957 14.052009679377079 3
    endloop
  endfacet
  facet normal 0 0 1
    outer loop
      vertex 2.8368851840496063 20.786138609051704 3
      vertex 0.1412070393562317 18.558190792798996 3
      vertex 0.1425643190741539 17.807191878557205 3
    endloop
  endfacet
  facet normal 0 0 1
    outer loop
      vertex 8.739526696503162 13.910268478095531 3
      vertex 8.249517492949963 20.79061885178089 3
      vertex 7.898349225521088 13.89939296990633 3
    endloop
  endfacet
  facet normal 0 0 1
    outer loop
      vertex 7.042750000953674 13.895735003054142 3
      vertex 6.445399165153503 20.773272417485714 3
      vertex 5.543169483542442 20.771813958883286 3
    endloop
  endfacet
  facet normal 0 0 1
    outer loop
      vertex 0.1412070393562317 18.558190792798996 3
      vertex 2.8368851840496063 20.786138609051704 3
      vertex 1.9352272376418114 20.79432488232851 3
    endloop
  endfacet
  facet normal 0 0 1
    outer loop
      vertex 4.640946872532368 20.774036563932896 3
      vertex 0.14400047063827515 17.056152500212193 3
      vertex 7.042750000953674 13.895735003054142 3
    endloop
  endfacet
  facet normal 0 0 1
    outer loop
      vertex 0.1459653303027153 16.305093623697758 3
      vertex 0.14890874922275543 15.55403620749712 3
      vertex 7.042750000953674 13.895735003054142 3
    endloop
  endfacet
  facet normal 0 0 1
    outer loop
      vertex 7.042750000953674 13.895735003054142 3
      vertex 0.1595306172966957 14.052009679377079 3
      vertex 0.1681087464094162 13.301082499325275 3
    endloop
  endfacet
  facet normal 0 0 1
    outer loop
      vertex 7.044885016977787 13.220421016216278 3
      vertex 0.17946480959653854 12.55024067312479 3
      vertex 7.05126815289259 12.55359199643135 3
    endloop
  endfacet
  facet normal 0 0 1
    outer loop
      vertex 7.095487341284752 10.603189066052437 3
      vertex 0.23469897359609604 10.298436976969242 3
      vertex 7.118444047868252 9.969474196434021 3
    endloop
  endfacet
  facet normal 0 0 1
    outer loop
      vertex 0.2936584800481796 8.798045717179775 3
      vertex 7.176431596279144 8.72617819905281 3
      vertex 7.145439431071281 9.343831434845924 3
    endloop
  endfacet
  facet normal 0 0 1
    outer loop
      vertex 7.250238746404648 7.514509998261929 3
      vertex 5.771779999136925 5.228024996817112 3
      vertex 5.803397476673126 5.2348805740475655 3
    endloop
  endfacet
  facet normal 0 0 1
    outer loop
      vertex 7.292969956994057 6.920329891145229 3
      vertex 5.803397476673126 5.2348805740475655 3
      vertex 5.834704928100109 5.238383166491985 3
    endloop
  endfacet
  facet normal 0 0 1
    outer loop
      vertex 7.292969956994057 6.920329891145229 3
      vertex 5.834704928100109 5.238383166491985 3
      vertex 5.865537375211716 5.238676622509956 3
    endloop
  endfacet
  facet normal 0 0 1
    outer loop
      vertex 7.292969956994057 6.920329891145229 3
      vertex 5.865537375211716 5.238676622509956 3
      vertex 5.895729839801788 5.235904760658741 3
    endloop
  endfacet
  facet normal 0 0 1
    outer loop
      vertex 7.292969956994057 6.920329891145229 3
      vertex 5.895729839801788 5.235904760658741 3
      vertex 7.339530400931835 6.33380900323391 3
    endloop
  endfacet
  facet normal 0 0 1
    outer loop
      vertex 7.339530400931835 6.33380900323391 3
      vertex 5.925117343664169 5.230211406946182 3
      vertex 5.953534908592701 5.221740387380123 3
    endloop
  endfacet
  facet normal 0 0 1
    outer loop
      vertex 7.339530400931835 6.33380900323391 3
      vertex 5.953534908592701 5.221740387380123 3
      vertex 5.980817563831806 5.210635535418987 3
    endloop
  endfacet
  facet normal 0 0 1
    outer loop
      vertex 7.339530400931835 6.33380900323391 3
      vertex 5.980817563831806 5.210635535418987 3
      vertex 6.006800323724747 5.197040677070618 3
    endloop
  endfacet
  facet normal 0 0 1
    outer loop
      vertex 7.389878191053867 5.754864759743214 3
      vertex 6.006800323724747 5.197040677070618 3
      vertex 6.031318210065365 5.181099638342857 3
    endloop
  endfacet
  facet normal 0 0 1
    outer loop
      vertex 7.389878191053867 5.754864759743214 3
      vertex 6.031318210065365 5.181099638342857 3
      vertex 6.0542062520980835 5.16295625269413 3
    endloop
  endfacet
  facet normal 0 0 1
    outer loop
      vertex 7.389878191053867 5.754864759743214 3
      vertex 6.0542062520980835 5.16295625269413 3
      vertex 6.075299464166164 5.142754331231117 3
    endloop
  endfacet
  facet normal 0 0 1
    outer loop
      vertex 6.111441515386105 5.096750237047672 3
      vertex 7.389878191053867 5.754864759743214 3
      vertex 6.094432882964611 5.120637722313404 3
    endloop
  endfacet
  facet normal 0 0 1
    outer loop
      vertex 6.126160390675068 5.071235708892345 3
      vertex 7.389878191053867 5.754864759743214 3
      vertex 6.111441515386105 5.096750237047672 3
    endloop
  endfacet
  facet normal 0 0 1
    outer loop
      vertex 6.138424530625343 5.044237971305847 3
      vertex 7.443971447646618 5.183414600789547 3
      vertex 6.126160390675068 5.071235708892345 3
    endloop
  endfacet
  facet normal 0 0 1
    outer loop
      vertex 6.148068957030773 5.01590084284544 3
      vertex 6.15492869913578 4.986368149518967 3
      vertex 7.443971447646618 5.183414600789547 3
    endloop
  endfacet
  facet normal 0 0 1
    outer loop
      vertex 7.443971447646618 5.183414600789547 3
      vertex 6.158838771283627 4.955783732235432 3
      vertex 6.159634195268154 4.924291402101517 3
    endloop
  endfacet
  facet normal 0 0 1
    outer loop
      vertex 7.501768283545971 4.619375936686993 3
      vertex 7.443971447646618 5.183414600789547 3
      vertex 6.157150000333786 4.892035000026226 3
    endloop
  endfacet
  facet normal 0 0 1
    outer loop
      vertex 7.501768283545971 4.619375936686993 3
      vertex 6.157150000333786 4.892035000026226 3
      vertex 7.563226796686649 4.062666200101376 3
    endloop
  endfacet
  facet normal 0 0 1
    outer loop
      vertex 6.157150000333786 4.892035000026226 3
      vertex 7.628305122256279 3.5132028087973595 3
      vertex 7.563226796686649 4.062666200101376 3
    endloop
  endfacet
  facet normal 0 0 1
    outer loop
      vertex 5.717670001089573 1.4107550010085106 3
      vertex 7.628305122256279 3.5132028087973595 3
      vertex 6.157150000333786 4.892035000026226 3
    endloop
  endfacet
  facet normal 0 0 1
    outer loop
      vertex 7.696961350739002 2.97090320289135 3
      vertex 7.628305122256279 3.5132028087973595 3
      vertex 5.717670001089573 1.4107550010085106 3
    endloop
  endfacet
  facet normal 0 0 1
    outer loop
      vertex 7.696961350739002 2.97090320289135 3
      vertex 5.717670001089573 1.4107550010085106 3
      vertex 7.769153609871864 2.435684785246849 3
    endloop
  endfacet
  facet normal 0 0 1
    outer loop
      vertex 5.717670001089573 1.4107550010085106 3
      vertex 7.844839997589588 1.9074650034308434 3
      vertex 7.769153609871864 2.435684785246849 3
    endloop
  endfacet
  facet normal 0 0 1
    outer loop
      vertex 5.717044502496719 1.406665325164795 3
      vertex 7.844839997589588 1.9074650034308434 3
      vertex 5.717670001089573 1.4107550010085106 3
    endloop
  endfacet
  facet normal 0 0 1
    outer loop
      vertex 5.716367997229099 1.4025866016745567 3
      vertex 7.844839997589588 1.9074650034308434 3
      vertex 5.717044502496719 1.406665325164795 3
    endloop
  endfacet
  facet normal 0 0 1
    outer loop
      vertex 5.715640500187874 1.3985192775726318 3
      vertex 7.844839997589588 1.9074650034308434 3
      vertex 5.716367997229099 1.4025866016745567 3
    endloop
  endfacet
  facet normal 0 0 1
    outer loop
      vertex 5.714861996471882 1.394463799893856 3
      vertex 7.844839997589588 1.9074650034308434 3
      vertex 5.715640500187874 1.3985192775726318 3
    endloop
  endfacet
  facet normal 0 0 1
    outer loop
      vertex 5.7140325009822845 1.3904206231236458 3
      vertex 7.844839997589588 1.9074650034308434 3
      vertex 5.714861996471882 1.394463799893856 3
    endloop
  endfacet
  facet normal 0 0 1
    outer loop
      vertex 5.713151998817921 1.3863902017474174 3
      vertex 7.844839997589588 1.9074650034308434 3
      vertex 5.7140325009822845 1.3904206231236458 3
    endloop
  endfacet
  facet normal 0 0 1
    outer loop
      vertex 5.712220497429371 1.3823729753494263 3
      vertex 7.844839997589588 1.9074650034308434 3
      vertex 5.713151998817921 1.3863902017474174 3
    endloop
  endfacet
  facet normal 0 0 1
    outer loop
      vertex 5.711237996816635 1.3783693984150887 3
      vertex 7.844839997589588 1.9074650034308434 3
      vertex 5.712220497429371 1.3823729753494263 3
    endloop
  endfacet
  facet normal 0 0 1
    outer loop
      vertex 5.710204496979713 1.374379925429821 3
      vertex 7.844839997589588 1.9074650034308434 3
      vertex 5.711237996816635 1.3783693984150887 3
    endloop
  endfacet
  facet normal 0 0 1
    outer loop
      vertex 5.709119997918606 1.3704050034284592 3
      vertex 7.844839997589588 1.9074650034308434 3
      vertex 5.710204496979713 1.374379925429821 3
    endloop
  endfacet
  facet normal 0 0 1
    outer loop
      vertex 5.707984499633312 1.3664450719952583 3
      vertex 7.844839997589588 1.9074650034308434 3
      vertex 5.709119997918606 1.3704050034284592 3
    endloop
  endfacet
  facet normal 0 0 1
    outer loop
      vertex 5.706798002123833 1.3625006005167961 3
      vertex 7.844839997589588 1.9074650034308434 3
      vertex 5.707984499633312 1.3664450719952583 3
    endloop
  endfacet
  facet normal 0 0 1
    outer loop
      vertex 5.705560497939587 1.3585720285773277 3
      vertex 7.844839997589588 1.9074650034308434 3
      vertex 5.706798002123833 1.3625006005167961 3
    endloop
  endfacet
  facet normal 0 0 1
    outer loop
      vertex 5.704272001981735 1.354659803211689 3
      vertex 7.844839997589588 1.9074650034308434 3
      vertex 5.705560497939587 1.3585720285773277 3
    endloop
  endfacet
  facet normal 0 0 1
    outer loop
      vertex 5.702932499349117 1.3507643714547157 3
      vertex 7.844839997589588 1.9074650034308434 3
      vertex 5.704272001981735 1.354659803211689 3
    endloop
  endfacet
  facet normal 0 0 1
    outer loop
      vertex 5.701541997492313 1.3468862026929855 3
      vertex 7.844839997589588 1.9074650034308434 3
      vertex 5.702932499349117 1.3507643714547157 3
    endloop
  endfacet
  facet normal 0 0 1
    outer loop
      vertex 5.7001004964113235 1.3430257216095924 3
      vertex 7.844839997589588 1.9074650034308434 3
      vertex 5.701541997492313 1.3468862026929855 3
    endloop
  endfacet
  facet normal 0 0 1
    outer loop
      vertex 5.698608003556728 1.339183397591114 3
      vertex 7.844839997589588 1.9074650034308434 3
      vertex 5.7001004964113235 1.3430257216095924 3
    endloop
  endfacet
  facet normal 0 0 1
    outer loop
      vertex 5.697064496576786 1.3353596776723862 3
      vertex 7.844839997589588 1.9074650034308434 3
      vertex 5.698608003556728 1.339183397591114 3
    endloop
  endfacet
  facet normal 0 0 1
    outer loop
      vertex 7.898349225521088 13.89939296990633 3
      vertex 7.347545363008976 20.779258519411087 3
      vertex 7.042750000953674 13.895735003054142 3
    endloop
  endfacet
  facet normal 0 0 1
    outer loop
      vertex 5.695469997823238 1.331555001437664 3
      vertex 7.844839997589588 1.9074650034308434 3
      vertex 5.697064496576786 1.3353596776723862 3
    endloop
  endfacet
  facet normal 0 0 1
    outer loop
      vertex 7.443971447646618 5.183414600789547 3
      vertex 6.159634195268154 4.924291402101517 3
      vertex 6.157150000333786 4.892035000026226 3
    endloop
  endfacet
  facet normal 0 0 1
    outer loop
      vertex 21.065285325050354 15.082559026777744 3
      vertex 21.687859997153282 15.202725000679493 3
      vertex 21.687990002334118 18.45593500137329 3
    endloop
  endfacet
  facet normal 0 0 1
    outer loop
      vertex 6.15492869913578 4.986368149518967 3
      vertex 6.158838771283627 4.955783732235432 3
      vertex 7.443971447646618 5.183414600789547 3
    endloop
  endfacet
  facet normal 0 0 1
    outer loop
      vertex 6.148068957030773 5.01590084284544 3
      vertex 7.443971447646618 5.183414600789547 3
      vertex 6.138424530625343 5.044237971305847 3
    endloop
  endfacet
  facet normal 0 0 1
    outer loop
      vertex 7.443971447646618 5.183414600789547 3
      vertex 7.389878191053867 5.754864759743214 3
      vertex 6.126160390675068 5.071235708892345 3
    endloop
  endfacet
  facet normal 0 0 1
    outer loop
      vertex 7.389878191053867 5.754864759743214 3
      vertex 6.075299464166164 5.142754331231117 3
      vertex 6.094432882964611 5.120637722313404 3
    endloop
  endfacet
  facet normal 0 0 1
    outer loop
      vertex 7.339530400931835 6.33380900323391 3
      vertex 6.006800323724747 5.197040677070618 3
      vertex 7.389878191053867 5.754864759743214 3
    endloop
  endfacet
  facet normal 0 0 1
    outer loop
      vertex 5.895729839801788 5.235904760658741 3
      vertex 5.925117343664169 5.230211406946182 3
      vertex 7.339530400931835 6.33380900323391 3
    endloop
  endfacet
  facet normal 0 0 1
    outer loop
      vertex 7.250238746404648 7.514509998261929 3
      vertex 5.803397476673126 5.2348805740475655 3
      vertex 7.292969956994057 6.920329891145229 3
    endloop
  endfacet
  facet normal 0 0 1
    outer loop
      vertex 7.211378671228886 8.116431914269924 3
      vertex 5.771779999136925 5.228024996817112 3
      vertex 7.250238746404648 7.514509998261929 3
    endloop
  endfacet
  facet normal 0 0 1
    outer loop
      vertex 0.2936584800481796 8.798045717179775 3
      vertex 7.145439431071281 9.343831434845924 3
      vertex 0.2616651579737663 9.54814624786377 3
    endloop
  endfacet
  facet normal 0 0 1
    outer loop
      vertex 0.2123100757598877 11.048896938562393 3
      vertex 7.061857506632805 11.895165383815765 3
      vertex 0.19404864311218262 11.799505159258842 3
    endloop
  endfacet
  facet normal 0 0 1
    outer loop
      vertex 7.042750000953674 13.895735003054142 3
      vertex 0.1681087464094162 13.301082499325275 3
      vertex 7.044885016977787 13.220421016216278 3
    endloop
  endfacet
  facet normal 0 0 1
    outer loop
      vertex 0.14890874922275543 15.55403620749712 3
      vertex 0.1532805636525154 14.80300123989582 3
      vertex 7.042750000953674 13.895735003054142 3
    endloop
  endfacet
  facet normal 0 0 1
    outer loop
      vertex 0.1425643190741539 17.807191878557205 3
      vertex 0.14400047063827515 17.056152500212193 3
      vertex 3.738821916282177 20.779093638062477 3
    endloop
  endfacet
  facet normal 0 0 1
    outer loop
      vertex 0.1369297206401825 20.05998332053423 3
      vertex 0.13947878777980804 19.309128262102604 3
      vertex 1.033938653767109 20.802805870771408 3
    endloop
  endfacet
  facet normal 0 0 1
    outer loop
      vertex 0.1369297206401825 20.05998332053423 3
      vertex 1.033938653767109 20.802805870771408 3
      vertex 0.13311000168323517 20.810735002160072 3
    endloop
  endfacet
  facet normal 0 0 1
    outer loop
      vertex 3.738821916282177 20.779093638062477 3
      vertex 0.14400047063827515 17.056152500212193 3
      vertex 4.640946872532368 20.774036563932896 3
    endloop
  endfacet
  facet normal 0 0 1
    outer loop
      vertex 7.042750000953674 13.895735003054142 3
      vertex 5.543169483542442 20.771813958883286 3
      vertex 4.640946872532368 20.774036563932896 3
    endloop
  endfacet
  facet normal 0 0 1
    outer loop
      vertex 7.347545363008976 20.779258519411087 3
      vertex 6.445399165153503 20.773272417485714 3
      vertex 7.042750000953674 13.895735003054142 3
    endloop
  endfacet
  facet normal 0 0 1
    outer loop
      vertex 8.249517492949963 20.79061885178089 3
      vertex 7.347545363008976 20.779258519411087 3
      vertex 7.898349225521088 13.89939296990633 3
    endloop
  endfacet
  facet normal 0 0 1
    outer loop
      vertex 21.687990002334118 18.45593500137329 3
      vertex 24.936580002307892 20.565964996814728 3
      vertex 21.688129998743534 19.91490499675274 3
    endloop
  endfacet
  facet normal 0 0 1
    outer loop
      vertex 21.065285325050354 15.082559026777744 3
      vertex 21.687990002334118 18.45593500137329 3
      vertex 20.432603500783443 14.967439517378807 3
    endloop
  endfacet
  facet normal 0 0 1
    outer loop
      vertex 21.687990002334118 18.45593500137329 3
      vertex 19.789574824273586 14.857487089931965 3
      vertex 20.432603500783443 14.967439517378807 3
    endloop
  endfacet
  facet normal 0 0 1
    outer loop
      vertex 19.1359596028924 14.752822361886501 3
      vertex 19.789574824273586 14.857487089931965 3
      vertex 21.687990002334118 18.45593500137329 3
    endloop
  endfacet
  facet normal 0 0 1
    outer loop
      vertex 19.1359596028924 14.752822361886501 3
      vertex 21.687990002334118 18.45593500137329 3
      vertex 18.471518121659756 14.653565935790539 3
    endloop
  endfacet
  facet normal 0 0 1
    outer loop
      vertex 19.73821248114109 21.809427984058857 3
      vertex 21.688129998743534 19.91490499675274 3
      vertex 19.915806248784065 21.84722875058651 3
    endloop
  endfacet
  facet normal 0 0 1
    outer loop
      vertex 21.688129998743534 19.91490499675274 3
      vertex 20.625307947397232 22.00422129034996 3
      vertex 20.44804335385561 21.964267887175083 3
    endloop
  endfacet
  facet normal 0 0 1
    outer loop
      vertex 20.802515469491482 22.044508904218674 3
      vertex 20.625307947397232 22.00422129034996 3
      vertex 21.688129998743534 19.91490499675274 3
    endloop
  endfacet
  facet normal 0 0 1
    outer loop
      vertex 20.979676000773907 22.085049159824848 3
      vertex 21.688129998743534 19.91490499675274 3
      vertex 21.156799629330635 22.125760473310947 3
    endloop
  endfacet
  facet normal 0 0 1
    outer loop
      vertex 21.688129998743534 19.91490499675274 3
      vertex 21.510976545512676 22.207369968295097 3
      vertex 21.333896450698376 22.166561268270016 3
    endloop
  endfacet
  facet normal 0 0 1
    outer loop
      vertex 21.688050001859665 22.248104996979237 3
      vertex 21.510976545512676 22.207369968295097 3
      vertex 21.688129998743534 19.91490499675274 3
    endloop
  endfacet
  facet normal 0 0 1
    outer loop
      vertex 21.688129998743534 19.91490499675274 3
      vertex 21.333896450698376 22.166561268270016 3
      vertex 21.156799629330635 22.125760473310947 3
    endloop
  endfacet
  facet normal 0 0 1
    outer loop
      vertex 20.802515469491482 22.044508904218674 3
      vertex 21.688129998743534 19.91490499675274 3
      vertex 20.979676000773907 22.085049159824848 3
    endloop
  endfacet
  facet normal 0 0 1
    outer loop
      vertex 21.688129998743534 19.91490499675274 3
      vertex 20.44804335385561 21.964267887175083 3
      vertex 20.270711600780487 21.92473027855158 3
    endloop
  endfacet
  facet normal 0 0 1
    outer loop
      vertex 21.688129998743534 19.91490499675274 3
      vertex 20.270711600780487 21.92473027855158 3
      vertex 20.093302592635155 21.885690040886402 3
    endloop
  endfacet
  facet normal 0 0 1
    outer loop
      vertex 21.688129998743534 19.91490499675274 3
      vertex 20.093302592635155 21.885690040886402 3
      vertex 19.915806248784065 21.84722875058651 3
    endloop
  endfacet
  facet normal 0 0 1
    outer loop
      vertex 19.560511201620102 21.7723693177104 3
      vertex 21.688129998743534 19.91490499675274 3
      vertex 19.73821248114109 21.809427984058857 3
    endloop
  endfacet
  facet normal 0 0 1
    outer loop
      vertex 19.38269232213497 21.736134335398674 3
      vertex 21.688129998743534 19.91490499675274 3
      vertex 19.560511201620102 21.7723693177104 3
    endloop
  endfacet
  facet normal 0 0 1
    outer loop
      vertex 19.20474574714899 21.700804613530636 3
      vertex 21.688129998743534 19.91490499675274 3
      vertex 19.38269232213497 21.736134335398674 3
    endloop
  endfacet
  facet normal 0 0 1
    outer loop
      vertex 19.026661403477192 21.66646172106266 3
      vertex 21.688129998743534 19.91490499675274 3
      vertex 19.20474574714899 21.700804613530636 3
    endloop
  endfacet
  facet normal 0 0 1
    outer loop
      vertex 1.1988935843110085 0.12779667228460312 3
      vertex 1.1988499984145164 0.12778499722480774 3
      vertex 1.1990600004792213 0.12674500048160553 3
    endloop
  endfacet
  facet normal 0 0 1
    outer loop
      vertex 24.93647000193596 17.13019499927759 3
      vertex 24.936580002307892 20.565964996814728 3
      vertex 21.687990002334118 18.45593500137329 3
    endloop
  endfacet
  facet normal 0 0 1
    outer loop
      vertex 18.848429203033447 21.633187241852283 3
      vertex 21.688129998743534 19.91490499675274 3
      vertex 19.026661403477192 21.66646172106266 3
    endloop
  endfacet
  facet normal 0 0 1
    outer loop
      vertex 21.687990002334118 18.45593500137329 3
      vertex 21.688129998743534 19.91490499675274 3
      vertex 18.848429203033447 21.633187241852283 3
    endloop
  endfacet
  facet normal 0 0 1
    outer loop
      vertex 21.687990002334118 18.45593500137329 3
      vertex 18.848429203033447 21.633187241852283 3
      vertex 18.670039042830467 21.60106275230646 3
    endloop
  endfacet
  facet normal 0 0 1
    outer loop
      vertex 21.687990002334118 18.45593500137329 3
      vertex 18.670039042830467 21.60106275230646 3
      vertex 18.491480849683285 21.57016982883215 3
    endloop
  endfacet
  facet normal 0 0 1
    outer loop
      vertex 21.687990002334118 18.45593500137329 3
      vertex 18.491480849683285 21.57016982883215 3
      vertex 18.31274452805519 21.540590055286884 3
    endloop
  endfacet
  facet normal 0 0 1
    outer loop
      vertex 21.687990002334118 18.45593500137329 3
      vertex 18.31274452805519 21.540590055286884 3
      vertex 18.13381999731064 21.51240500062704 3
    endloop
  endfacet
  facet normal 0 0 1
    outer loop
      vertex 21.687990002334118 18.45593500137329 3
      vertex 18.13381999731064 21.51240500062704 3
      vertex 18.471518121659756 14.653565935790539 3
    endloop
  endfacet
  facet normal 0 0 1
    outer loop
      vertex 18.13381999731064 21.51240500062704 3
      vertex 17.239740148186684 21.386053524911404 3
      vertex 18.471518121659756 14.653565935790539 3
    endloop
  endfacet
  facet normal 0 0 1
    outer loop
      vertex 17.239740148186684 21.386053524911404 3
      vertex 17.796010702848434 14.559838436543941 3
      vertex 18.471518121659756 14.653565935790539 3
    endloop
  endfacet
  facet normal 0 0 1
    outer loop
      vertex 16.344489961862564 21.27438872307539 3
      vertex 17.796010702848434 14.559838436543941 3
      vertex 17.239740148186684 21.386053524911404 3
    endloop
  endfacet
  facet normal 0 0 1
    outer loop
      vertex 17.10919762402773 14.471760481595993 3
      vertex 17.796010702848434 14.559838436543941 3
      vertex 16.344489961862564 21.27438872307539 3
    endloop
  endfacet
  facet normal 0 0 1
    outer loop
      vertex 17.10919762402773 14.471760481595993 3
      vertex 16.344489961862564 21.27438872307539 3
      vertex 16.410839200019836 14.389452680945396 3
    endloop
  endfacet
  facet normal 0 0 1
    outer loop
      vertex 16.344489961862564 21.27438872307539 3
      vertex 15.448160015046597 21.17656399309635 3
      vertex 16.410839200019836 14.389452680945396 3
    endloop
  endfacet
  facet normal 0 0 1
    outer loop
      vertex 15.448160015046597 21.17656399309635 3
      vertex 15.700695723295212 14.313035644590855 3
      vertex 16.410839200019836 14.389452680945396 3
    endloop
  endfacet
  facet normal 0 0 1
    outer loop
      vertex 14.550840876996517 21.091732762753963 3
      vertex 15.700695723295212 14.313035644590855 3
      vertex 15.448160015046597 21.17656399309635 3
    endloop
  endfacet
  facet normal 0 0 1
    outer loop
      vertex 14.978527501225471 14.242629997432232 3
      vertex 15.700695723295212 14.313035644590855 3
      vertex 14.550840876996517 21.091732762753963 3
    endloop
  endfacet
  facet normal 0 0 1
    outer loop
      vertex 14.978527501225471 14.242629997432232 3
      vertex 14.550840876996517 21.091732762753963 3
      vertex 13.652623124420643 21.019048437476158 3
    endloop
  endfacet
  facet normal 0 0 1
    outer loop
      vertex 14.978527501225471 14.242629997432232 3
      vertex 13.652623124420643 21.019048437476158 3
      vertex 14.24409482628107 14.178356349468231 3
    endloop
  endfacet
  facet normal 0 0 1
    outer loop
      vertex 13.652623124420643 21.019048437476158 3
      vertex 13.497157998383045 14.120335318148136 3
      vertex 14.24409482628107 14.178356349468231 3
    endloop
  endfacet
  facet normal 0 0 1
    outer loop
      vertex 12.75359731912613 20.95766443759203 3
      vertex 13.497157998383045 14.120335318148136 3
      vertex 13.652623124420643 21.019048437476158 3
    endloop
  endfacet
  facet normal 0 0 1
    outer loop
      vertex 12.737477324903011 14.06868752092123 3
      vertex 13.497157998383045 14.120335318148136 3
      vertex 12.75359731912613 20.95766443759203 3
    endloop
  endfacet
  facet normal 0 0 1
    outer loop
      vertex 12.737477324903011 14.06868752092123 3
      vertex 12.75359731912613 20.95766443759203 3
      vertex 11.853854037821293 20.90673418343067 3
    endloop
  endfacet
  facet normal 0 0 1
    outer loop
      vertex 12.737477324903011 14.06868752092123 3
      vertex 11.853854037821293 20.90673418343067 3
      vertex 11.964813098311424 14.023533560335636 3
    endloop
  endfacet
  facet normal 0 0 1
    outer loop
      vertex 11.853854037821293 20.90673418343067 3
      vertex 10.95348384231329 20.865411080420017 3
      vertex 11.964813098311424 14.023533560335636 3
    endloop
  endfacet
  facet normal 0 0 1
    outer loop
      vertex 10.95348384231329 20.865411080420017 3
      vertex 11.1789256259799 13.984994061291218 3
      vertex 11.964813098311424 14.023533560335636 3
    endloop
  endfacet
  facet normal 0 0 1
    outer loop
      vertex 10.379575200378895 13.953189641237259 3
      vertex 11.1789256259799 13.984994061291218 3
      vertex 10.95348384231329 20.865411080420017 3
    endloop
  endfacet
  facet normal 0 0 1
    outer loop
      vertex 10.379575200378895 13.953189641237259 3
      vertex 10.95348384231329 20.865411080420017 3
      vertex 10.052577301859856 20.83284854888916 3
    endloop
  endfacet
  facet normal 0 0 1
    outer loop
      vertex 10.379575200378895 13.953189641237259 3
      vertex 10.052577301859856 20.83284854888916 3
      vertex 9.566522121429443 13.928240910172462 3
    endloop
  endfacet
  facet normal 0 0 1
    outer loop
      vertex 10.052577301859856 20.83284854888916 3
      vertex 9.151225000619888 20.808200001716614 3
      vertex 9.566522121429443 13.928240910172462 3
    endloop
  endfacet
  facet normal 0 0 1
    outer loop
      vertex 9.151225000619888 20.808200001716614 3
      vertex 8.739526696503162 13.910268478095531 3
      vertex 9.566522121429443 13.928240910172462 3
    endloop
  endfacet
  facet normal 0 0 1
    outer loop
      vertex 8.249517492949963 20.79061885178089 3
      vertex 8.739526696503162 13.910268478095531 3
      vertex 9.151225000619888 20.808200001716614 3
    endloop
  endfacet
  facet normal 0 0 1
    outer loop
      vertex 1.9352272376418114 20.79432488232851 3
      vertex 1.033938653767109 20.802805870771408 3
      vertex 0.13947878777980804 19.309128262102604 3
    endloop
  endfacet
  facet normal 0 0 1
    outer loop
      vertex 0.13947878777980804 19.309128262102604 3
      vertex 0.1412070393562317 18.558190792798996 3
      vertex 1.9352272376418114 20.79432488232851 3
    endloop
  endfacet
  facet normal 0 0 1
    outer loop
      vertex 2.8368851840496063 20.786138609051704 3
      vertex 0.1425643190741539 17.807191878557205 3
      vertex 3.738821916282177 20.779093638062477 3
    endloop
  endfacet
  facet normal 0 0 1
    outer loop
      vertex 7.042750000953674 13.895735003054142 3
      vertex 0.14400047063827515 17.056152500212193 3
      vertex 0.1459653303027153 16.305093623697758 3
    endloop
  endfacet
  facet normal 0 0 1
    outer loop
      vertex 0.17946480959653854 12.55024067312479 3
      vertex 7.044885016977787 13.220421016216278 3
      vertex 0.1681087464094162 13.301082499325275 3
    endloop
  endfacet
  facet normal 0 0 1
    outer loop
      vertex 0.19404864311218262 11.799505159258842 3
      vertex 7.061857506632805 11.895165383815765 3
      vertex 7.05126815289259 12.55359199643135 3
    endloop
  endfacet
  facet normal 0 0 1
    outer loop
      vertex 0.2123100757598877 11.048896938562393 3
      vertex 7.076611198484898 11.245058603584766 3
      vertex 7.061857506632805 11.895165383815765 3
    endloop
  endfacet
  facet normal 0 0 1
    outer loop
      vertex 0.23469897359609604 10.298436976969242 3
      vertex 7.095487341284752 10.603189066052437 3
      vertex 0.2123100757598877 11.048896938562393 3
    endloop
  endfacet
  facet normal 0 0 1
    outer loop
      vertex 0.2616651579737663 9.54814624786377 3
      vertex 7.118444047868252 9.969474196434021 3
      vertex 0.23469897359609604 10.298436976969242 3
    endloop
  endfacet
  facet normal 0 0 1
    outer loop
      vertex 0.2936584800481796 8.798045717179775 3
      vertex 0.3311287835240364 8.04815635830164 3
      vertex 7.176431596279144 8.72617819905281 3
    endloop
  endfacet
  facet normal 0 0 1
    outer loop
      vertex 0.3311287835240364 8.04815635830164 3
      vertex 5.771779999136925 5.228024996817112 3
      vertex 7.211378671228886 8.116431914269924 3
    endloop
  endfacet
  facet normal 0 0 1
    outer loop
      vertex 0.37452591210603714 7.298499137163162 3
      vertex 5.771779999136925 5.228024996817112 3
      vertex 0.3311287835240364 8.04815635830164 3
    endloop
  endfacet
  facet normal 0 0 1
    outer loop
      vertex 2.4534000009298325 4.3388649970293045 3
      vertex 5.771779999136925 5.228024996817112 3
      vertex 0.37452591210603714 7.298499137163162 3
    endloop
  endfacet
  facet normal 0 0 1
    outer loop
      vertex 2.4534000009298325 4.3388649970293045 3
      vertex 0.37452591210603714 7.298499137163162 3
      vertex 0.4242997020483017 6.549095027148724 3
    endloop
  endfacet
  facet normal 0 0 1
    outer loop
      vertex 0.5052914321422577 5.515272654592991 3
      vertex 2.4534000009298325 4.3388649970293045 3
      vertex 0.48089999705553055 5.799965001642704 3
    endloop
  endfacet
  facet normal 0 0 1
    outer loop
      vertex 2.4260904639959335 4.330070547759533 3
      vertex 2.4534000009298325 4.3388649970293045 3
      vertex 0.5052914321422577 5.515272654592991 3
    endloop
  endfacet
  facet normal 0 0 1
    outer loop
      vertex 2.4260904639959335 4.330070547759533 3
      vertex 0.5052914321422577 5.515272654592991 3
      vertex 2.4002393186092377 4.3190537095069885 3
    endloop
  endfacet
  facet normal 0 0 1
    outer loop
      vertex 0.5052914321422577 5.515272654592991 3
      vertex 0.5311809778213501 5.230680547654629 3
      vertex 2.4002393186092377 4.3190537095069885 3
    endloop
  endfacet
  facet normal 0 0 1
    outer loop
      vertex 0.5311809778213501 5.230680547654629 3
      vertex 2.375911757349968 4.305959232151508 3
      vertex 2.4002393186092377 4.3190537095069885 3
    endloop
  endfacet
  facet normal 0 0 1
    outer loop
      vertex 2.3531729578971863 4.290931880474091 3
      vertex 2.375911757349968 4.305959232151508 3
      vertex 0.5311809778213501 5.230680547654629 3
    endloop
  endfacet
  facet normal 0 0 1
    outer loop
      vertex 2.3531729578971863 4.290931880474091 3
      vertex 0.5311809778213501 5.230680547654629 3
      vertex 0.558520995080471 4.946190066635609 3
    endloop
  endfacet
  facet normal 0 0 1
    outer loop
      vertex 2.3531729578971863 4.290931880474091 3
      vertex 0.558520995080471 4.946190066635609 3
      vertex 2.332088127732277 4.274116404354572 3
    endloop
  endfacet
  facet normal 0 0 1
    outer loop
      vertex 0.558520995080471 4.946190066635609 3
      vertex 2.2951410934329033 4.2357001304626465 3
      vertex 2.312722437083721 4.255657568573952 3
    endloop
  endfacet
  facet normal 0 0 1
    outer loop
      vertex 0.5872638374567032 4.661802597343922 3
      vertex 2.2951410934329033 4.2357001304626465 3
      vertex 0.558520995080471 4.946190066635609 3
    endloop
  endfacet
  facet normal 0 0 1
    outer loop
      vertex 2.279409281909466 4.214388839900494 3
      vertex 2.2951410934329033 4.2357001304626465 3
      vertex 0.5872638374567032 4.661802597343922 3
    endloop
  endfacet
  facet normal 0 0 1
    outer loop
      vertex 2.279409281909466 4.214388839900494 3
      vertex 0.5872638374567032 4.661802597343922 3
      vertex 2.265592187643051 4.191868461668491 3
    endloop
  endfacet
  facet normal 0 0 1
    outer loop
      vertex 2.265592187643051 4.191868461668491 3
      vertex 0.6173618733882904 4.377519533038139 3
      vertex 2.2537550032138824 4.168283753097057 3
    endloop
  endfacet
  facet normal 0 0 1
    outer loop
      vertex 0.6173618733882904 4.377519533038139 3
      vertex 2.243962913751602 4.143779464066029 3
      vertex 2.2537550032138824 4.168283753097057 3
    endloop
  endfacet
  facet normal 0 0 1
    outer loop
      vertex 0.6487674564123154 4.093342252075672 3
      vertex 2.236281119287014 4.118500359356403 3
      vertex 0.6173618733882904 4.377519533038139 3
    endloop
  endfacet
  facet normal 0 0 1
    outer loop
      vertex 2.2275091633200645 4.066196732223034 3
      vertex 2.2307748049497604 4.092591196298599 3
      vertex 0.6487674564123154 4.093342252075672 3
    endloop
  endfacet
  facet normal 0 0 1
    outer loop
      vertex 2.2279606387019157 4.0125309228897095 3
      vertex 2.226549372076988 4.039461717009544 3
      vertex 0.6814329549670219 3.809272140264511 3
    endloop
  endfacet
  facet normal 0 0 1
    outer loop
      vertex 2.2381570786237717 3.958660989999771 3
      vertex 0.6814329549670219 3.809272140264511 3
      vertex 0.7153107225894928 3.5253105983138084 3
    endloop
  endfacet
  facet normal 0 0 1
    outer loop
      vertex 2.2470726370811462 3.9320113733410835 3
      vertex 0.7153107225894928 3.5253105983138084 3
      vertex 2.258620001375675 3.9057449996471405 3
    endloop
  endfacet
  facet normal 0 0 1
    outer loop
      vertex 2.258620001375675 3.9057449996471405 3
      vertex 0.7503531128168106 3.2414590045809746 3
      vertex 0.7865125015377998 2.957718752324581 3
    endloop
  endfacet
  facet normal 0 0 1
    outer loop
      vertex 0.8619916811585426 2.3905778005719185 3
      vertex 0.9012161940336227 2.107179880142212 3
      vertex 2.258620001375675 3.9057449996471405 3
    endloop
  endfacet
  facet normal 0 0 1
    outer loop
      vertex 0.9012161940336227 2.107179880142212 3
      vertex 0.9413671419024467 1.8238988518714905 3
      vertex 3.727420002222061 0.9358249977231026 3
    endloop
  endfacet
  facet normal 0 0 1
    outer loop
      vertex 3.727420002222061 0.9358249977231026 3
      vertex 0.9823968783020973 1.5407360941171646 3
      vertex 1.0242577567696571 1.257693000137806 3
    endloop
  endfacet
  facet normal 0 0 1
    outer loop
      vertex 1.1102824211120605 0.6919713467359543 3
      vertex 1.1543509140610695 0.40929556638002396 3
      vertex 3.727420002222061 0.9358249977231026 3
    endloop
  endfacet
  facet normal 0 0 1
    outer loop
      vertex 3.7308801859617233 0.9295753017067909 3
      vertex 1.1988935843110085 0.12779667228460312 3
      vertex 3.7344795018434525 0.9234156385064125 3
    endloop
  endfacet
  facet normal 0 0 1
    outer loop
      vertex 1.1988935843110085 0.12779667228460312 3
      vertex 3.746093437075615 0.9054981246590614 3
      vertex 3.742087997496128 0.911374919116497 3
    endloop
  endfacet
  facet normal 0 0 1
    outer loop
      vertex 3.758891999721527 0.8884675577282906 3
      vertex 3.7544973120093346 0.8940423130989075 3
      vertex 1.1988935843110085 0.12779667228460312 3
    endloop
  endfacet
  facet normal 0 0 1
    outer loop
      vertex 3.7680575028061867 0.8776350021362305 3
      vertex 1.1988935843110085 0.12779667228460312 3
      vertex 3.772824563086033 0.8723814561963081 3
    endloop
  endfacet
  facet normal 0 0 1
    outer loop
      vertex 1.1988935843110085 0.12779667228460312 3
      vertex 3.7777120023965836 0.867239236831665 3
      vertex 3.772824563086033 0.8723814561963081 3
    endloop
  endfacet
  facet normal 0 0 1
    outer loop
      vertex 3.7827179357409477 0.8622104823589325 3
      vertex 3.7777120023965836 0.867239236831665 3
      vertex 1.1988935843110085 0.12779667228460312 3
    endloop
  endfacet
  facet normal 0 0 1
    outer loop
      vertex 3.7827179357409477 0.8622104823589325 3
      vertex 1.1988935843110085 0.12779667228460312 3
      vertex 3.787840500473976 0.8572973236441612 3
    endloop
  endfacet
  facet normal 0 0 1
    outer loop
      vertex 1.1988935843110085 0.12779667228460312 3
      vertex 3.7930778115987778 0.8525018766522408 3
      vertex 3.787840500473976 0.8572973236441612 3
    endloop
  endfacet
  facet normal 0 0 1
    outer loop
      vertex 3.798427999019623 0.8478262796998024 3
      vertex 3.7930778115987778 0.8525018766522408 3
      vertex 1.1988935843110085 0.12779667228460312 3
    endloop
  endfacet
  facet normal 0 0 1
    outer loop
      vertex 3.798427999019623 0.8478262796998024 3
      vertex 1.1988935843110085 0.12779667228460312 3
      vertex 3.803889185190201 0.8432726636528969 3
    endloop
  endfacet
  facet normal 0 0 1
    outer loop
      vertex 1.1988935843110085 0.12779667228460312 3
      vertex 3.809459500014782 0.8388431593775749 3
      vertex 3.803889185190201 0.8432726636528969 3
    endloop
  endfacet
  facet normal 0 0 1
    outer loop
      vertex 3.815137065947056 0.8345398977398872 3
      vertex 3.809459500014782 0.8388431593775749 3
      vertex 1.1988935843110085 0.12779667228460312 3
    endloop
  endfacet
  facet normal 0 0 1
    outer loop
      vertex 3.815137065947056 0.8345398977398872 3
      vertex 1.1988935843110085 0.12779667228460312 3
      vertex 3.8209199979901314 0.830365002155304 3
    endloop
  endfacet
endsolid OpenSCAD_Model
